,0,1,2,3,4,5,6,7,8,9,10,11,12,13,14,15,16,17,18,19,20,21,22,23,24,25,26,27,28,29,30
0,,,,,Spread,,,,,,,,,,,,,,,Percentage,,,,,,,,,,,
1,,,Investment,,Above,,,Interest,,,Maturity,,,Principal,,,,,,of,,,Fair,,,,,,,,
2,,,Type,,Index  (1),,,Rate  (2),,,Date,,,Amount,,,Cost,,,Net  Assets,,,Value,,,,,,,,
3,Investments,,,,,,,,,,,,,,,,,,,,,,,,,,,,,,
4,United States,,,,,,,,,,,,,,,,,,,,,,,,,,,,,,
5,Debt investments,,,,,,,,,,,,,,,,,,,,,,,,,,,,,,
6,Aerospace and Defense,,,,,,,,,,,,,,,,,,,,,,,,,,,,,,
7,"ILC Dover,  LP",,Senior loan,,,P + 5.00,,,,8.25,,,,07/2017,,,,21,,,,15,,,,-,,,,17,
8,"ILC Dover, LP",,Senior loan,,,L + 6.00,,,,7.29,,,,07/2017,,,,4324,,,,4263,,,,0.6,,,,4281,
9,"ILC Dover, LP",,Senior loan,,,L + 6.00,,,,7.29,,,,07/2017,,,,603,,,,598,,,,0.1,,,,597,
10,NTS Technical Systems  (4),,One Stop,,,L + 5.50,,,,No Value,(5),,,11/2018,,,,-,,,,(19,,,,-,,,,(9,
11,NTS Technical Systems,,One Stop,,,L + 5.50,,,,6.75,,,,11/2018,,,,14764,,,,14472,,,,2.2,,,,14616,
12,NTS Technical Systems  (4),,One Stop,,,L + 5.50,,,,No Value,(5),,,11/2018,,,,-,,,,(60,,,,-,,,,(30,
13,"Tresys Technology Holdings,  Inc.  (4)",,One Stop,,,L + 6.75,,,,No Value,(5),,,12/2017,,,,-,,,,(8,,,,-,,,,-,
14,"Tresys Technology Holdings,  Inc.",,One Stop,,,L + 6.75,,,,8.00,,,,12/2017,,,,3950,,,,3871,,,,0.5,,,,3476,
15,Whitcraft LLC,,Subordinated Debt,,,No Value,,,,12.00,,,,12/2018,,,,1877,,,,1854,,,,0.3,,,,1877,
16,"White Oak Technologies,  Inc.  (4)",,Senior loan,,,L + 5.00,,,,No Value,(5),,,03/2017,,,,-,,,,(8,,,,-,,,,-,
17,"White  Oak Technologies, Inc.*",,Senior loan,,,L  + 5.00,,,,6.25,,,,03/2017,,,,1808,,,,1776,,,,0.3,,,,1808,
18,,,,,,,,,,,,,,,,,,27347,,,,26754,,,,4.0,,,,26633,
19,Automobile,,,,,,,,,,,,,,,,,,,,,,,,,,,,,,
20,"ABRA, Inc.  (8)",,One Stop,,,P + 4.75,,,,8.00,,,,05/2018,,,,934,,,,916,,,,0.1,,,,934,
21,"ABRA, Inc.  (8)",,One Stop,,,L + 6.00,,,,7.25,,,,05/2018,,,,5092,,,,5058,,,,0.8,,,,5092,
22,"ABRA, Inc.*  (8)",,One Stop,,,L + 6.00,,,,7.25,,,,05/2018,,,,26229,,,,25976,,,,4.0,,,,26229,
23,"ABRA, Inc.  (4),(8)",,One Stop,,,L + 5.75,,,,No Value,(5),,,05/2018,,,,-,,,,(84,,,,-,,,,-,
24,"ABRA, Inc.",,One Stop,,,L + 7.75,,,,9.00,,,,05/2018,,,,4797,,,,4721,,,,0.7,,,,4797,
25,"American Driveline Systems,  Inc.",,Senior loan,,,L + 5.50,,,,7.14,,,,01/2016,,,,287,,,,282,,,,-,,,,248,
26,"American Driveline Systems,  Inc.*",,Senior loan,,,L + 5.50,,,,7.00,,,,01/2016,,,,2819,,,,2783,,,,0.4,,,,2537,
27,"K&N Engineering, Inc.  (4)",,Senior loan,,,L + 4.50,,,,No Value,(5),,,04/2018,,,,-,,,,(7,,,,-,,,,-,
28,"K&N Engineering, Inc.*",,Senior loan,,,L + 4.50,,,,5.75,,,,04/2018,,,,3732,,,,3683,,,,0.6,,,,3732,
29,"K&N Engineering, Inc.",,Senior loan,,,P + 3.50,,,,6.75,,,,04/2018,,,,3529,,,,3483,,,,0.5,,,,3529,
30,"Take 5 Oil Change, L.L.C.",,Senior loan,,,L + 5.25,,,,6.25,,,,07/2018,,,,55,,,,52,,,,-,,,,55,
31,"Take  5 Oil Change, L.L.C.",,Senior loan,,,L  + 5.25,,,,6.25,,,,07/2018,,,,2971,,,,2951,,,,0.5,,,,2971,
32,,,,,,,,,,,,,,,,,,50445,,,,49814,,,,7.6,,,,50124,
33,Banking,,,,,,,,,,,,,,,,,,,,,,,,,,,,,,
34,Prommis Fin Co.  (3),,Senior loan,,,P + 10.00,,,,13.25,,,,06/2015,,,,85,,,,84,,,,-,,,,2,
35,Prommis  Fin Co.*  (3),,Senior loan,,,No Value,,,,2.25  cash/8.25 PIK,,,,06/2015,,,,124,,,,124,,,,-,,,,3,
36,,,,,,,,,,,,,,,,,,209,,,,208,,,,-,,,,5,
37,"Beverage, Food and  Tobacco",,,,,,,,,,,,,,,,,,,,,,,,,,,,,,
38,ABP Corporation  (4),,Senior loan,,,P + 3.50,,,,No Value,(5),,,06/2016,,,,-,,,,(4,,,,-,,,,-,
39,ABP Corporation*,,Senior loan,,,L + 4.75,,,,6.00,,,,06/2016,,,,4478,,,,4434,,,,0.7,,,,4478,
40,"American Importing Company,  Inc.",,One Stop,,,L + 5.75,,,,7.00,,,,05/2018,,,,14769,,,,14597,,,,2.2,,,,14769,
41,"Ameriqual Group, LLC*",,Senior loan,,,L + 5.00,,,,6.50 cash/0.75 PIK,,,,03/2016,,,,1727,,,,1703,,,,0.3,,,,1658,
42,"Ameriqual Group, LLC*",,Senior loan,,,L + 7.50,,,,9.00 cash/1.25 PIK,,,,03/2016,,,,829,,,,821,,,,0.1,,,,713,
43,ARG IH Corporation (Arby's),,Senior loan,,,L + 4.00,,,,5.00,,,,11/2020,,,,2355,,,,2326,,,,0.4,,,,2372,
44,"Atkins Nutritionals, Inc*",,One Stop,,,L + 5.00,,,,6.25,,,,01/2019,,,,22282,,,,22052,,,,3.4,,,,22560,
45,"Atkins Nutritionals, Inc*",,One Stop,,,L + 8.50,,,,9.75,,,,04/2019,,,,17270,,,,16851,,,,2.7,,,,17637,
46,"Candy Intermediate Holdings,  Inc. (Ferrara Candy)",,Senior loan,,,L + 6.25,,,,7.50,,,,06/2018,,,,4925,,,,4795,,,,0.7,,,,4682,
47,"Diversified Foodservice  Supply, Inc.  (4)",,Senior loan,,,L + 4.75,,,,No Value,(5),,,12/2018,,,,-,,,,(3,,,,-,,,,(3,
48,"Diversified Foodservice  Supply, Inc.*",,Senior loan,,,L + 4.75,,,,6.00,,,,12/2018,,,,4476,,,,4431,,,,0.7,,,,4431,
49,"Firebirds International,  LLC  (4)",,One Stop,,,L + 5.75,,,,No Value,(5),,,05/2018,,,,-,,,,(2,,,,-,,,,-,
50,"Firebirds International,  LLC*",,One Stop,,,L + 5.75,,,,7.00,,,,05/2018,,,,907,,,,897,,,,0.1,,,,907,
51,"Firebirds International,  LLC",,One Stop,,,L + 5.75,,,,7.00,,,,05/2018,,,,180,,,,176,,,,-,,,,180,
52,"Firebirds International,  LLC  (4)",,One Stop,,,L + 5.75,,,,No Value,(5),,,05/2018,,,,-,,,,(3,,,,-,,,,-,
53,"First Watch Restaurants,  Inc.",,One Stop,,,L + 7.50,,,,8.86,,,,12/2016,,,,1068,,,,1047,,,,0.2,,,,1068,
54,"First Watch Restaurants,  Inc.*",,One Stop,,,L + 7.50,,,,8.77,,,,12/2016,,,,11356,,,,11221,,,,1.7,,,,11356,
55,"First Watch Restaurants,  Inc.",,One Stop,,,L + 7.50,,,,8.75,,,,12/2016,,,,417,,,,412,,,,0.1,,,,417,
56,IT'SUGAR LLC,,Senior loan,,,L + 8.50,,,,10.00,,,,04/2017,,,,4202,,,,4146,,,,0.6,,,,4202,
57,IT'SUGAR LLC,,Subordinated Debt,,,No Value,,,,8.00,,,,10/2017,,,,1707,,,,1707,,,,0.4,,,,2458,
58,Julio & Sons Company,,One Stop,,,L + 7.00,,,,8.50,,,,09/2016,,,,224,,,,216,,,,-,,,,224,
59,Julio & Sons Company*,,One Stop,,,L + 7.00,,,,8.50,,,,09/2016,,,,7032,,,,6993,,,,1.1,,,,7032,
60,Julio & Sons Company  (4),,One Stop,,,L + 7.00,,,,No Value,(5),,,09/2016,,,,-,,,,(12,,,,-,,,,-,
61,"Northern Brewer, LLC",,One Stop,,,L + 6.50,,,,8.06,,,,02/2018,,,,453,,,,442,,,,0.1,,,,453,
62,"Northern Brewer, LLC",,One Stop,,,L + 6.50,,,,8.00,,,,02/2018,,,,6372,,,,6240,,,,1.0,,,,6372,
63,"Richelieu Foods, Inc.",,Senior loan,,,P + 4.00,,,,7.25,,,,11/2015,,,,65,,,,57,,,,-,,,,65,
64,"Richelieu Foods, Inc.*",,Senior loan,,,L + 5.00,,,,6.75,,,,11/2015,,,,1940,,,,1913,,,,0.3,,,,1940,
65,Smashburger Finance LLC,,Senior loan,,,P + 3.00,,,,6.25,,,,05/2018,,,,819,,,,810,,,,0.1,,,,819,
66,Smashburger  Finance LLC*,,Senior loan,,,L  + 4.25,,,,5.50,,,,05/2018,,,,6516,,,,6471,,,,1.0,,,,6516,
67,,,,,,,,,,,,,,,,,,116369,,,,114734,,,,17.9,,,,117306,
68,,,,,Spread,,,,,,,,,,,,,,,Percentage,,,,,,,,,,,
69,,,Investment,,Above,,,Interest,,,Maturity,,,Principal,,,,,,of,,,Fair,,,,,,,,
70,,,Type,,Index  (1),,,Rate  (2),,,Date,,,Amount,,,Cost,,,Net  Assets,,,Value,,,,,,,,
71,Building and Real  Estate,,,,,,,,,,,,,,,,,,,,,,,,,,,,,,
72,"ITEL Laboratories,  Inc.  (4)",,Senior loan,,,L + 4.75,,,,No Value,(5),,,06/2018,,,,-,,,,(1,,,,-,,,,-,
73,"ITEL  Laboratories, Inc.*",,Senior loan,,,L  + 4.75,,,,6.00,,,,06/2018,,,,799,,,,790,,,,0.1,,,,799,
74,,,,,,,,,,,,,,,,,,799,,,,789,,,,0.1,,,,799,
75,Cargo Transport,,,,,,,,,,,,,,,,,,,,,,,,,,,,,,
76,RP  Crown Parent (RedPrairie Corp)*,,Senior loan,,,L  + 5.50,,,,6.75,,,,12/2018,,,,1985,,,,1952,,,,0.3,,,,1998,
77,,,,,,,,,,,,,,,,,,1985,,,,1952,,,,0.3,,,,1998,
78,"Chemicals, Plastics  and Rubber",,,,,,,,,,,,,,,,,,,,,,,,,,,,,,
79,"Integrated DNA Technologies,  Inc.",,Subordinated debt,,,No Value,,,,12.00 cash/2.00 PIK,,,,04/2015,,,,321,,,,319,,,,0.1,,,,321,
80,"Integrated DNA Technologies,  Inc.",,Subordinated debt,,,No Value,,,,12.00 cash/2.00 PIK,,,,04/2015,,,,905,,,,887,,,,0.1,,,,905,
81,"Integrated DNA Technologies,  Inc.",,Subordinated debt,,,No Value,,,,12.00 cash/2.00 PIK,,,,04/2015,,,,321,,,,316,,,,-,,,,321,
82,"Road Infrastructure Investment,  LLC  (4)",,Senior loan,,,L + 5.00,,,,No Value,(5),,,03/2017,,,,-,,,,(30  ),,,,-,,,,(1,
83,"Road  Infrastructure Investment, LLC*",,Senior loan,,,L  + 5.00,,,,6.25,,,,03/2018,,,,4515,,,,4472,,,,0.7,,,,4552,
84,,,,,,,,,,,,,,,,,,6062,,,,5964,,,,0.9,,,,6098,
85,"Containers, Packaging  and Glass",,,,,,,,,,,,,,,,,,,,,,,,,,,,,,
86,Fort Dearborn Company*,,Senior loan,,,L + 4.25,,,,5.86,,,,10/2017,,,,39,,,,39,,,,-,,,,39,
87,Fort Dearborn Company*,,Senior loan,,,L + 4.25,,,,5.25,,,,10/2017,,,,547,,,,543,,,,0.1,,,,547,
88,Fort Dearborn Company*,,Senior loan,,,L + 4.75,,,,6.37,,,,10/2018,,,,156,,,,155,,,,-,,,,156,
89,Fort Dearborn Company*,,Senior loan,,,L + 4.75,,,,5.75,,,,10/2018,,,,2197,,,,2182,,,,0.3,,,,2197,
90,"Packaging Coordinators,  Inc.*",,Senior loan,,,L + 4.25,,,,5.51,,,,05/2020,,,,6792,,,,6754,,,,1.0,,,,6792,
91,"Packaging Coordinators,  Inc.",,Second Lien,,,L + 8.25,,,,9.50,,,,11/2020,,,,29098,,,,28270,,,,4.4,,,,29098,
92,"Packaging  Coordinators, Inc.  (4)",,Senior loan,,,L  + 4.25,,,,No Value,(5),,,05/2020,,,,-,,,,-,,,,-,,,,-,
93,,,,,,,,,,,,,,,,,,38829,,,,37943,,,,5.8,,,,38829,
94,Diversified Conglomerate  Manufacturing,,,,,,,,,,,,,,,,,,,,,,,,,,,,,,
95,"Chase Industries, Inc.*",,One Stop,,,L + 5.00,,,,6.82,,,,11/2017,,,,13426,,,,13249,,,,2.0,,,,13426,
96,"Metal Spinners, Inc.*",,Senior loan,,,L + 6.50,,,,8.00,,,,12/2014,,,,1338,,,,1323,,,,0.2,,,,1338,
97,"Metal Spinners, Inc.*",,Senior loan,,,L + 6.50,,,,8.00,,,,12/2014,,,,2647,,,,2619,,,,0.4,,,,2647,
98,Onicon Incorporated  (4),,One Stop,,,L + 6.75,,,,No Value,(5),,,12/2017,,,,-,,,,(13,,,,-,,,,-,
99,Onicon Incorporated,,One Stop,,,L + 6.75,,,,8.31,,,,12/2017,,,,3583,,,,3525,,,,0.6,,,,3583,
100,"Pasternack Enterprises,  Inc.*",,Senior loan,,,L + 5.00,,,,6.25,,,,12/2017,,,,1167,,,,1158,,,,0.2,,,,1167,
101,"Plex Systems, Inc.  (4)",,Senior loan,,,L + 7.50,,,,No Value,(5),,,06/2018,,,,-,,,,(26,,,,-,,,,-,
102,"Plex Systems, Inc.*",,Senior loan,,,L + 7.50,,,,8.75,,,,06/2018,,,,13670,,,,13375,,,,2.1,,,,13670,
103,"Sunless Merger Sub, Inc.",,Senior loan,,,P + 4.00,,,,7.25,,,,07/2016,,,,144,,,,144,,,,-,,,,111,
104,"Sunless Merger Sub, Inc.*",,Senior loan,,,L + 5.25,,,,6.51,,,,07/2016,,,,1851,,,,1846,,,,0.2,,,,1388,
105,"TIDI Products, LLC  (4)",,One Stop,,,L + 6.50,,,,No Value,(5),,,07/2017,,,,-,,,,(14,,,,-,,,,-,
106,"TIDI Products, LLC*",,One Stop,,,L + 6.50,,,,7.75,,,,07/2018,,,,11168,,,,10957,,,,1.7,,,,11168,
107,"Vintage Parts, Inc.*",,One Stop,,,L + 4.50,,,,5.75,,,,12/2015,,,,4623,,,,4576,,,,0.7,,,,4623,
108,"Vintage Parts, Inc.*",,One Stop,,,L + 4.50,,,,5.75,,,,12/2015,,,,64,,,,64,,,,-,,,,64,
109,"Vintage  Parts, Inc.*",,One Stop,,,L  + 4.50,,,,5.75,,,,12/2015,,,,966,,,,974,,,,0.1,,,,966,
110,,,,,,,,,,,,,,,,,,54647,,,,53757,,,,8.2,,,,54151,
111,Diversified Conglomerate  Service,,,,,,,,,,,,,,,,,,,,,,,,,,,,,,
112,"Aderant North America,  Inc.*",,Senior loan,,,L + 5.00,,,,6.25,,,,12/2018,,,,4495,,,,4458,,,,0.7,,,,4495,
113,Agility Recovery Solutions  Inc.  (4),,One Stop,,,L + 7.00,,,,No Value,(5),,,09/2018,,,,-,,,,(7,,,,-,,,,-,
114,Agility Recovery Solutions  Inc.*,,One Stop,,,L + 7.00,,,,8.25,,,,09/2018,,,,9349,,,,9169,,,,1.4,,,,9349,
115,API Healthcare Corporation*,,One Stop,,,L + 6.25,,,,9.93,,,,04/2018,,,,33722,,,,33468,,,,5.1,,,,33722,
116,"Consona Holdings, Inc.  (4)",,Senior loan,,,L + 5.50,,,,No Value,(5),,,08/2017,,,,-,,,,(2,,,,-,,,,-,
117,"Consona Holdings, Inc.*",,Senior loan,,,L + 5.50,,,,6.75,,,,08/2018,,,,1024,,,,996,,,,0.2,,,,1024,
118,"Consona Holdings, Inc.*",,Senior loan,,,L + 6.00,,,,7.25,,,,08/2018,,,,1547,,,,1535,,,,0.2,,,,1547,
119,"Document Technologies,  LLC  (4)",,Senior loan,,,L + 4.25,,,,No Value,(5),,,12/2018,,,,-,,,,(12,,,,-,,,,-,
120,"Document Technologies,  LLC*",,Senior loan,,,L + 4.25,,,,5.50,,,,12/2018,,,,6690,,,,6629,,,,1.0,,,,6690,
121,"EAG, INC. (Evans Analytical  Group)*",,Senior loan,,,L + 4.50,,,,6.00,,,,07/2017,,,,2425,,,,2401,,,,0.4,,,,2425,
122,HighJump Acquisition LLC,,One Stop,,,L + 7.50,,,,8.75,,,,07/2016,,,,7124,,,,7064,,,,1.1,,,,7124,
123,"Integration Appliance,  Inc.",,Senior loan,,,L + 8.25,,,,9.50,,,,09/2018,,,,719,,,,709,,,,0.1,,,,709,
124,"Integration Appliance,  Inc.",,Senior loan,,,L + 8.25,,,,9.50,,,,09/2018,,,,5396,,,,5268,,,,0.8,,,,5315,
125,"Marathon Data Operating  Co., LLC  (4)",,One Stop,,,L + 6.25,,,,No Value,(5),,,08/2017,,,,-,,,,(8,,,,-,,,,-,
126,"Marathon Data Operating  Co., LLC",,One Stop,,,L + 6.25,,,,7.50,,,,08/2017,,,,4761,,,,4674,,,,0.7,,,,4761,
127,MSC.Software Corporation*,,One Stop,,,L + 6.50,,,,8.51,,,,11/2017,,,,9898,,,,9748,,,,1.5,,,,9898,
128,"Navex Global, Inc.  (4)",,One Stop,,,L + 7.50,,,,No Value,(5),,,12/2016,,,,-,,,,(15,,,,-,,,,(25,
129,"Navex Global, Inc.*",,One Stop,,,L + 7.50,,,,9.00,,,,12/2016,,,,17643,,,,17370,,,,2.6,,,,17290,
130,"NetSmart Technologies,  Inc.",,One Stop,,,L + 6.00,,,,8.77,,,,12/2017,,,,8324,,,,8254,,,,1.3,,,,8324,
131,"NetSmart Technologies,  Inc.*",,One Stop,,,L + 6.00,,,,8.79,,,,12/2017,,,,650,,,,639,,,,0.1,,,,650,
132,"PC Helps Support, LLC  (4)",,Senior loan,,,L + 5.25,,,,No Value,(5),,,09/2017,,,,-,,,,(2,,,,-,,,,-,
133,"PC Helps Support, LLC",,Senior loan,,,L + 5.25,,,,6.52,,,,09/2017,,,,1973,,,,1951,,,,0.3,,,,1973,
134,"Secure-24, LLC  (4)",,One Stop,,,L + 7.00,,,,No Value,(5),,,08/2017,,,,-,,,,(6,,,,-,,,,(22,
135,"Secure-24, LLC*",,One Stop,,,L + 7.00,,,,8.25,,,,08/2017,,,,10512,,,,10280,,,,1.5,,,,10092,
136,"Secure-24, LLC",,One Stop,,,L + 7.00,,,,8.25,,,,08/2017,,,,1538,,,,1513,,,,0.2,,,,1476,
137,"Source Medical Solutions,  Inc.",,Second Lien,,,L + 9.50,,,,10.75,,,,03/2018,,,,9294,,,,9114,,,,1.4,,,,9294,
138,"Vericlaim, Inc.  (4)",,Senior loan,,,P + 3.50,,,,No Value,(5),,,05/2018,,,,-,,,,(3,,,,-,,,,-,
139,"Vericlaim,  Inc.",,Senior loan,,,L  + 4.75,,,,6.00,,,,05/2018,,,,6343,,,,6311,,,,1.0,,,,6343,
140,,,,,,,,,,,,,,,,,,143427,,,,141496,,,,21.6,,,,142454,
141,,,,,Spread,,,,,,,,,,,,,,,Percentage,,,,,,,,,,,
142,,,Investment,,Above,,,Interest,,,Maturity,,,Principal,,,,,,of Total,,,Fair,,,,,,,,
143,,,Type,,Index  (1),,,Rate  (2),,,Date,,,Amount,,,Cost,,,Net Assets,,,Value,,,,,,,,
144,Electronics,,,,,,,,,,,,,,,,,,,,,,,,,,,,,,
145,"BeyondTrust Software, Inc.",,One Stop,,,L + 6.00,,,,7.25,,,,12/2019,,,,12014,,,,11754,,,,1.8,,,,11840,
146,"Ecommerce Industries, Inc.*",,One Stop,,,L + 6.75,,,,9.60,,,,10/2016,,,,12345,,,,12218,,,,1.9,,,,12345,
147,"Rogue Wave Holdings, Inc.*",,One Stop,,,L + 6.50,,,,7.50,,,,12/2018,,,,10885,,,,10750,,,,1.6,,,,10777,
148,"Sloan Company, Inc., The  (4)",,One Stop,,,L + 7.50,,,,No Value,(5),,,10/2018,,,,-,,,,(16,,,,-,,,,(13,
149,"Sloan Company, Inc., The*",,One Stop,,,L + 7.50,,,,8.75,,,,10/2018,,,,13277,,,,13119,,,,2.0,,,,13144,
150,"Sparta Systems, Inc.  (4)",,Senior loan,,,L + 5.25,,,,No Value,(5),,,12/2017,,,,-,,,,(6,,,,-,,,,-,
151,"Sparta Systems, Inc.",,Senior loan,,,L + 5.25,,,,6.50,,,,12/2017,,,,6359,,,,6295,,,,1.0,,,,6359,
152,Syncsort Incorporated  (4),,Senior loan,,,L + 5.50,,,,No Value,(5),,,03/2015,,,,-,,,,(2,,,,-,,,,-,
153,Syncsort Incorporated*,,Senior loan,,,P + 4.25,,,,7.50,,,,03/2015,,,,6271,,,,6210,,,,1.0,,,,6271,
154,"Systems Maintenance Services Holding,  Inc.",,Senior loan,,,L + 4.25,,,,5.25,,,,10/2019,,,,2670,,,,2657,,,,0.4,,,,2657,
155,"Taxware, LLC",,Second Lien,,,L + 8.50,,,,9.50,,,,10/2019,,,,11099,,,,10884,,,,1.7,,,,11099,
156,"Watchfire Enterprises,  Inc.",,Second Lien,,,L + 8.00,,,,9.00,,,,10/2021,,,,9435,,,,9253,,,,1.4,,,,9293,
157,,,,,,,,,,,,,,,,,,84355,,,,83116,,,,12.8,,,,83772,
158,Farming and Agriculture,,,,,,,,,,,,,,,,,,,,,,,,,,,,,,
159,"AGData, L.P.*",,One stop,,,L + 6.00,,,,7.25,,,,08/2016,,,,3828,,,,3792,,,,0.6,,,,3828,
160,,,,,,,,,,,,,,,,,,3828,,,,3792,,,,0.6,,,,3828,
161,Finance,,,,,,,,,,,,,,,,,,,,,,,,,,,,,,
162,"Ascensus, Inc.*  (4)",,One Stop,,,L + 4.00,,,,No Value,(5),,,11/2018,,,,-,,,,(19,,,,-,,,,(5,
163,"Ascensus, Inc.*",,One Stop,,,L + 4.00,,,,5.00,,,,12/2019,,,,4224,,,,4141,,,,0.6,,,,4203,
164,"Ascensus, Inc.*",,One Stop,,,L + 8.00,,,,9.00,,,,12/2020,,,,6337,,,,6117,,,,1.0,,,,6242,
165,Pillar Processing LLC*,,Senior loan,,,L + 5.50,,,,5.74,,,,11/2018,,,,1194,,,,1191,,,,0.1,,,,597,
166,Pillar Processing  LLC*  (3),,Senior loan,,,No Value,,,,14.50,,,,05/2019,,,,2377,,,,2369,,,,-,,,,-,
167,,,,,,,,,,,,,,,,,,14132,,,,13799,,,,1.7,,,,11037,
168,Grocery,,,,,,,,,,,,,,,,,,,,,,,,,,,,,,
169,"MyWebGrocer, Inc.  (4)",,Senior loan,,,L + 4.75,,,,No Value,(5),,,05/2018,,,,-,,,,(14,,,,-,,,,-,
170,"MyWebGrocer, Inc.",,Senior loan,,,L + 4.75,,,,6.00 cash/4.00 PIK,,,,05/2018,,,,14271,,,,14051,,,,2.2,,,,14271,
171,"Teasdale Quality  Foods, Inc.*",,Senior loan,,,L + 4.50,,,,5.75,,,,05/2018,,,,2793,,,,2768,,,,0.4,,,,2793,
172,,,,,,,,,,,,,,,,,,17064,,,,16805,,,,2.6,,,,17064,
173,"Healthcare, Education and Childcare",,,,,,,,,,,,,,,,,,,,,,,,,,,,,,
174,"Advanced Pain Management Holdings, Inc.  (4)",,Senior loan,,,L + 5.00,,,,No Value,(5),,,02/2018,,,,-,,,,(10,,,,-,,,,-,
175,"Advanced Pain Management Holdings, Inc.*",,Senior loan,,,L + 5.00,,,,6.25,,,,02/2018,,,,7345,,,,7284,,,,1.1,,,,7345,
176,"Advanced Pain Management Holdings, Inc.  (4)",,Senior loan,,,L + 5.00,,,,No Value,(5),,,02/2018,,,,-,,,,(6,,,,-,,,,-,
177,"Avatar International, LLC  (4)",,One Stop,,,L + 7.50,,,,No Value,(5),,,09/2016,,,,-,,,,(5,,,,-,,,,(64,
178,"Avatar International, LLC*",,One Stop,,,L + 7.50,,,,8.75,,,,09/2016,,,,7603,,,,7532,,,,1.1,,,,6995,
179,"Avatar International, LLC",,One Stop,,,L + 8.00,,,,9.25,,,,09/2016,,,,1640,,,,1629,,,,0.2,,,,1525,
180,Certara L.P.  (4),,One Stop,,,L + 6.25,,,,No Value,(5),,,12/2018,,,,-,,,,(22,,,,-,,,,(22,
181,Certara L.P.*,,One Stop,,,L + 6.25,,,,7.25,,,,12/2018,,,,17740,,,,17520,,,,2.7,,,,17518,
182,DDC Center Inc.*,,One Stop,,,L + 6.25,,,,9.25,,,,10/2014,,,,7849,,,,7844,,,,1.2,,,,7849,
183,DDC Center Inc.,,One Stop,,,L + 6.25,,,,No Value,(5),,,10/2014,,,,-,,,,-,,,,-,,,,-,
184,Delta Educational Systems*,,Senior loan,,,P + 4.75,,,,8.00,,,,12/2016,,,,1762,,,,1736,,,,0.3,,,,1762,
185,"Dialysis Newco, Inc.  (4)",,Second Lien,,,L + 8.50,,,,No Value,(5),,,02/2021,,,,-,,,,(25,,,,-,,,,-,
186,"Dialysis Newco, Inc.*",,Second Lien,,,L + 8.50,,,,9.75,,,,02/2021,,,,23901,,,,23310,,,,3.6,,,,23901,
187,"Dialysis Newco, Inc.",,Senior loan,,,L + 4.25,,,,5.25,,,,08/2020,,,,6330,,,,6270,,,,1.0,,,,6345,
188,"Encore Rehabilitation Services, LLC  (4)",,One Stop,,,L + 6.25,,,,No Value,(5),,,06/2017,,,,-,,,,(11,,,,-,,,,-,
189,"Encore Rehabilitation Services, LLC",,One Stop,,,L + 6.25,,,,7.50,,,,06/2017,,,,5066,,,,4970,,,,0.8,,,,5066,
190,"G & H Wire Company, Inc.  (4)",,Senior loan,,,L + 5.50,,,,No Value,(5),,,11/2016,,,,-,,,,(8,,,,-,,,,-,
191,"G & H Wire Company, Inc.*",,Senior loan,,,L + 5.50,,,,7.00,,,,11/2016,,,,8497,,,,8403,,,,1.3,,,,8497,
192,"Healogics, Inc.*",,Second Lien,,,L + 8.00,,,,9.25,,,,02/2020,,,,16454,,,,16310,,,,2.5,,,,16824,
193,"Hospitalists Management Group, LLC",,Senior loan,,,P + 4.00,,,,7.06,,,,05/2017,,,,837,,,,828,,,,0.1,,,,764,
194,"Hospitalists Management Group, LLC",,Senior loan,,,L + 5.00,,,,6.50,,,,05/2017,,,,3694,,,,3634,,,,0.5,,,,3398,
195,"Hospitalists Management Group, LLC",,Senior loan,,,L + 5.00,,,,6.51,,,,05/2017,,,,435,,,,430,,,,0.1,,,,400,
196,"IntegraMed America, Inc.  (4)",,One Stop,,,L + 7.25,,,,No Value,(5),,,09/2017,,,,-,,,,(14,,,,-,,,,-,
197,"IntegraMed America, Inc.*",,One Stop,,,L + 7.25,,,,8.50,,,,09/2017,,,,14420,,,,14177,,,,2.2,,,,14420,
198,"Maverick Healthcare Group, LLC*",,Senior loan,,,L + 5.50,,,,7.25,,,,12/2016,,,,2019,,,,2003,,,,0.3,,,,2019,
199,"NeuroTherm, Inc.",,Senior loan,,,L + 5.00,,,,6.50,,,,02/2016,,,,23,,,,19,,,,-,,,,23,
200,"NeuroTherm, Inc.*",,Senior loan,,,L + 5.00,,,,6.50,,,,02/2016,,,,1298,,,,1286,,,,0.2,,,,1298,
201,"Northwestern Management Services, LLC*",,Senior loan,,,L + 5.25,,,,6.50,,,,10/2017,,,,48,,,,35,,,,-,,,,48,
202,"Northwestern Management Services, LLC",,Senior loan,,,L + 5.25,,,,6.50,,,,10/2017,,,,4019,,,,3955,,,,0.6,,,,4019,
203,"Northwestern Management Services, LLC  (4)",,Senior loan,,,L + 5.25,,,,No Value,(5),,,10/2017,,,,-,,,,(4,,,,-,,,,-,
204,"Pentec Acquisition Sub, Inc.  (4)",,Senior loan,,,L + 5.25,,,,No Value,(5),,,05/2017,,,,-,,,,(3,,,,-,,,,-,
205,"Pentec Acquisition Sub, Inc.*",,Senior loan,,,L + 5.25,,,,6.50,,,,05/2018,,,,1868,,,,1841,,,,0.3,,,,1868,
206,"Precision Dermatology, Inc.  (4)",,One Stop,,,L + 6.00,,,,No Value,(5),,,09/2018,,,,-,,,,(6,,,,-,,,,(3,
207,"Precision Dermatology, Inc.",,One Stop,,,L + 6.00,,,,7.25,,,,09/2018,,,,10042,,,,9947,,,,1.5,,,,9991,
208,"Reliant Pro ReHab, LLC",,Senior loan,,,P + 3.75,,,,7.00,,,,06/2016,,,,276,,,,270,,,,-,,,,276,
209,"Reliant Pro ReHab, LLC*",,Senior loan,,,L + 4.75,,,,6.00,,,,06/2016,,,,3361,,,,3332,,,,0.5,,,,3361,
210,"Reliant Pro ReHab, LLC",,Senior loan,,,L + 4.75,,,,6.00,,,,06/2016,,,,932,,,,927,,,,0.1,,,,932,
211,Renaissance Pharma (U.S.) Holdings Inc.  (4),,Senior loan,,,L + 5.25,,,,No Value,(5),,,05/2018,,,,-,,,,(4,,,,-,,,,-,
212,Renaissance Pharma (U.S.) Holdings Inc.*,,Senior loan,,,L + 5.25,,,,6.75,,,,05/2018,,,,4435,,,,4382,,,,0.7,,,,4435,
213,Southern Anesthesia and Surgical  (4),,One Stop,,,L + 7.00,,,,No Value,(5),,,11/2017,,,,-,,,,(12,,,,-,,,,-,
214,Southern Anesthesia and Surgical,,One Stop,,,L + 7.00,,,,8.25,,,,11/2017,,,,6186,,,,6067,,,,0.9,,,,6186,
215,"Surgical Information Systems, LLC",,Senior loan,,,L + 3.00,,,,4.01,,,,09/2018,,,,1704,,,,1704,,,,0.3,,,,1704,
216,"WIL Research Company, Inc.*",,Senior loan,,,L + 4.50,,,,5.75,,,,02/2018,,,,782,,,,774,,,,0.1,,,,770,
217,"Young Innovations, Inc.  (4)",,Senior loan,,,L + 4.50,,,,No Value,(5),,,01/2018,,,,-,,,,(2,,,,-,,,,-,
218,"Young Innovations,  Inc.",,Senior loan,,,L + 4.50,,,,5.75,,,,01/2019,,,,4393,,,,4365,,,,0.7,,,,4393,
219,,,,,,,,,,,,,,,,,,164959,,,,162652,,,,24.9,,,,163843,
220,,,,,Spread,,,,,,,,,,,,,,,Percentage,,,,,,,,,,,
221,,,Investment,,Above,,,Interest,,,Maturity,,,Principal,,,,,,of Total,,,Fair,,,,,,,,
222,,,Type,,Index  (1),,,Rate  (2),,,Date,,,Amount,,,Cost,,,Net Assets,,,Value,,,,,,,,
223,"Home and Office Furnishings,",,,,,,,,,,,,,,,,,,,,,,,,,,,,,,
224,"Housewares, and Durable Consumer",,,,,,,,,,,,,,,,,,,,,,,,,,,,,,
225,"Plano Molding Company, LLC",,Senior loan,,,L + 4.25,,,,5.25,,,,10/2018,,,,2022,,,,2007,,,,0.3,,,,2007,
226,"WII Components, Inc.*",,Senior loan,,,L + 4.75,,,,6.25,,,,07/2016,,,,1616,,,,1604,,,,0.2,,,,1616,
227,"WII Components, Inc.",,Senior loan,,,P + 3.75,,,,7.00,,,,07/2016,,,,7,,,,6,,,,-,,,,7,
228,Zenith Products Corporation,,One Stop,,,P + 1.75,,,,5.00,,,,09/2013,,,,29,,,,29,,,,-,,,,19,
229,Zenith Products Corporation*,,One Stop,,,P + 3.50,,,,6.75,,,,09/2013,,,,3684,,,,3684,,,,0.4,,,,2395,
230,,,,,,,,,,,,,,,,,,7358,,,,7330,,,,0.9,,,,6044,
231,Insurance,,,,,,,,,,,,,,,,,,,,,,,,,,,,,,
232,"AssuredPartners Capital, Inc.*",,Senior loan,,,L + 4.50,,,,5.75,,,,12/2018,,,,2371,,,,2353,,,,0.4,,,,2371,
233,"AssuredPartners Capital, Inc.",,Senior loan,,,L + 4.75,,,,6.00,,,,06/2019,,,,172,,,,168,,,,-,,,,172,
234,"AssuredPartners Capital, Inc.  (4)",,Senior loan,,,L + 4.75,,,,No Value,(5),,,12/2019,,,,-,,,,(21,,,,-,,,,-,
235,"Captive Resources Midco, LLC  (4)",,Senior loan,,,L + 5.50,,,,No Value,(5),,,10/2017,,,,-,,,,(3,,,,-,,,,-,
236,"Captive Resources Midco, LLC*",,Senior loan,,,P + 4.50,,,,7.75,,,,10/2018,,,,3543,,,,3515,,,,0.5,,,,3543,
237,"Evolution1, Inc.*",,Senior loan,,,L + 4.75,,,,6.25,,,,06/2016,,,,4549,,,,4515,,,,0.7,,,,4549,
238,"Evolution1, Inc.",,Senior loan,,,P + 3.75,,,,7.00,,,,06/2016,,,,56,,,,53,,,,-,,,,56,
239,,,,,,,,,,,,,,,,,,10691,,,,10580,,,,1.6,,,,10691,
240,Investment Funds and Vehicles,,,,,,,,,,,,,,,,,,,,,,,,,,,,,,
241,Senior Loan Fund  LLC  (7),,Investment in SLF,,,L + 4.00,,,,4.18,,,,05/2020,,,,28356,,,,28356,,,,4.2,,,,27871,
242,,,,,,,,,,,,,,,,,,28356,,,,28356,,,,4.2,,,,27871,
243,"Leisure, Amusement, Motion Pictures  and Entertainment",,,,,,,,,,,,,,,,,,,,,,,,,,,,,,
244,"Competitor Group, Inc.",,One Stop,,,P + 6.75,,,,9.76,,,,11/2018,,,,884,,,,871,,,,0.1,,,,743,
245,"Competitor Group, Inc.*",,One Stop,,,L + 7.75,,,,9.00 cash/1.00 PIK,,,,11/2018,,,,12807,,,,12624,,,,1.7,,,,11526,
246,"Octane Fitness, LLC  (4)",,One Stop,,,L + 5.25,,,,No Value,(5),,,10/2018,,,,-,,,,(4,,,,-,,,,(4,
247,"Octane Fitness, LLC",,One Stop,,,L + 5.25,,,,6.50,,,,10/2018,,,,8220,,,,8181,,,,1.2,,,,8179,
248,"Pride Manufacturing Company, LLC*",,Senior loan,,,L + 6.00,,,,7.75,,,,11/2015,,,,571,,,,566,,,,0.1,,,,571,
249,"Service Companies, The",,Senior loan,,,L + 6.50,,,,No Value,(5),,,03/2014,,,,-,,,,-,,,,-,,,,-,
250,"Service Companies, The*",,Senior loan,,,L + 6.50,,,,9.00,,,,03/2014,,,,6290,,,,6282,,,,1.0,,,,6290,
251,"Starplex Operating, L.L.C.",,One Stop,,,L + 7.50,,,,9.00,,,,12/2017,,,,1077,,,,1061,,,,0.2,,,,1077,
252,"Starplex Operating, L.L.C.*",,One Stop,,,L + 7.50,,,,9.00,,,,12/2017,,,,17388,,,,17143,,,,2.6,,,,17388,
253,"Titan Fitness, LLC  (4)",,One Stop,,,L + 6.50,,,,No Value,(5),,,09/2019,,,,-,,,,(25,,,,-,,,,(17,
254,"Titan Fitness, LLC*",,One Stop,,,L + 6.50,,,,7.75,,,,09/2019,,,,13706,,,,13401,,,,2.1,,,,13569,
255,"Titan Fitness, LLC  (4)",,One Stop,,,L + 6.50,,,,No Value,(5),,,09/2019,,,,-,,,,(25,,,,-,,,,(17,
256,,,,,,,,,,,,,,,,,,60943,,,,60075,,,,9.0,,,,59305,
257,"Mining, Steel, Iron and Non-Precious  Metals",,,,,,,,,,,,,,,,,,,,,,,,,,,,,,
258,"Benetech, Inc.*",,One Stop,,,P + 4.75,,,,8.00,,,,10/2017,,,,201,,,,196,,,,-,,,,201,
259,"Benetech, Inc.*",,One Stop,,,L + 6.00,,,,7.25,,,,10/2017,,,,5434,,,,5413,,,,0.8,,,,5434,
260,,,,,,,,,,,,,,,,,,5635,,,,5609,,,,0.8,,,,5635,
261,Oil and Gas,,,,,,,,,,,,,,,,,,,,,,,,,,,,,,
262,"Drilling Info, Inc.  (4), (8)",,One Stop,,,L + 5.00,,,,No Value,(5),,,06/2018,,,,-,,,,(5,,,,-,,,,-,
263,"Drilling Info, Inc.  (4), (8)",,One Stop,,,L + 5.00,,,,6.00,,,,06/2018,,,,408,,,,404,,,,0.1,,,,408,
264,"Drilling Info, Inc.  (4),  (8)",,One Stop,,,L + 5.00,,,,6.00,,,,06/2018,,,,952,,,,943,,,,0.1,,,,952,
265,,,,,,,,,,,,,,,,,,1360,,,,1342,,,,0.2,,,,1360,
266,Personal and Non-Durable Consumer  Products,,,,,,,,,,,,,,,,,,,,,,,,,,,,,,
267,"Hygenic Corporation, The  (4)",,Senior loan,,,L + 4.50,,,,No Value,(5),,,10/2017,,,,-,,,,(3,,,,-,,,,-,
268,"Hygenic Corporation, The*",,Senior loan,,,L + 4.50,,,,5.75,,,,10/2018,,,,3455,,,,3417,,,,0.5,,,,3455,
269,"Massage Envy, LLC  (4)",,One Stop,,,L + 7.25,,,,No Value,(5),,,09/2018,,,,-,,,,(15,,,,-,,,,-,
270,"Massage Envy, LLC",,One Stop,,,L + 7.25,,,,8.50,,,,09/2018,,,,16527,,,,16203,,,,2.5,,,,16527,
271,Rug Doctor LLC,,Senior loan,,,P + 4.25,,,,7.50,,,,12/2016,,,,217,,,,205,,,,-,,,,204,
272,Rug Doctor LLC*,,Senior loan,,,L + 5.25,,,,6.25,,,,12/2016,,,,5574,,,,5519,,,,0.9,,,,5519,
273,Team Technologies Acquisition Company  (4),,Senior loan,,,L + 4.75,,,,No Value,(5),,,12/2017,,,,-,,,,(3,,,,-,,,,-,
274,Team Technologies Acquisition Company,,Senior loan,,,L + 4.75,,,,6.00,,,,12/2017,,,,3510,,,,3483,,,,0.5,,,,3510,
275,,,,,,,,,,,,,,,,,,29283,,,,28806,,,,4.4,,,,29215,
276,"Personal, Food and Miscellaneous  Services",,,,,,,,,,,,,,,,,,,,,,,,,,,,,,
277,Affordable Care Inc.  (4),,Senior loan,,,L + 4.75,,,,No Value,(5),,,12/2017,,,,-,,,,(2,,,,-,,,,-,
278,Affordable Care Inc.,,Senior loan,,,L + 4.75,,,,6.00,,,,12/2018,,,,3532,,,,3503,,,,0.6,,,,3532,
279,El Pollo Loco Inc,,Senior loan,,,L + 4.25,,,,5.25,,,,10/2018,,,,5188,,,,5138,,,,0.8,,,,5201,
280,Focus Brands Inc.,,Second Lien,,,L + 9.00,,,,10.25,,,,08/2018,,,,11195,,,,11072,,,,1.7,,,,11446,
281,"National Veterinary Associates, Inc.  (4)",,Senior loan,,,L + 5.00,,,,No Value,(5),,,12/2017,,,,-,,,,(1,,,,-,,,,-,
282,"National Veterinary Associates, Inc.",,Senior loan,,,L + 5.00,,,,6.25,,,,12/2017,,,,6006,,,,5965,,,,0.9,,,,6006,
283,"National Veterinary Associates, Inc.",,Senior loan,,,L + 5.00,,,,6.25,,,,12/2017,,,,1433,,,,1421,,,,0.2,,,,1433,
284,"PMI Holdings, Inc.  (4)",,One Stop,,,L + 5.75,,,,No Value,(5),,,10/2018,,,,-,,,,(10,,,,-,,,,(10,
285,"PMI Holdings, Inc.*",,One Stop,,,L + 5.75,,,,6.75,,,,10/2018,,,,33326,,,,33166,,,,5.0,,,,33160,
286,Vetcor Merger Sub LLC,,One Stop,,,L + 6.50,,,,7.75,,,,12/2017,,,,199,,,,192,,,,-,,,,199,
287,Vetcor Merger Sub LLC,,One Stop,,,L + 6.50,,,,7.75,,,,12/2017,,,,5914,,,,5862,,,,0.9,,,,5914,
288,Vetcor Merger Sub  LLC*,,One Stop,,,L + 6.50,,,,7.75,,,,12/2017,,,,1343,,,,1323,,,,0.2,,,,1343,
289,,,,,,,,,,,,,,,,,,68136,,,,67629,,,,10.3,,,,68224,
290,,,,,Spread,,,,,,,,,,,,,,Percentage,,,,,,,,,,,,
291,,,Investment,,Above,,Interest,,,Maturity,,,Principal,,,,,,of Total,,,Fair,,,,,,,,,
292,,,Type,,Index  (1),,Rate  (2),,,Date,,,Amount,,,Cost,,,Net Assets,,,Value,,,,,,,,,
293,Printing and Publishing,,,,,,,,,,,,,,,,,,,,,,,,,,,,,,
294,"Market Track, LLC  (4)",,One Stop,,L + 6.00,,,No Value,(5),,,10/2019,,,,-,,,,(21,,,,-,,,,(22,,,
295,"Market Track, LLC*",,One Stop,,L + 6.00,,,7.25,,,,10/2019,,,,29492,,,,29206,,,,4.4,,,,29197,,,
296,"Market Track, LLC  (4)",,One Stop,,L + 6.00,,,No Value,(5),,,10/2019,,,,-,,,,(20,,,,-,,,,(22,,,
297,,,,,,,,,,,,,,,,29492,,,,29165,,,,4.4,,,,29153,,,
298,Retail Stores,,,,,,,,,,,,,,,,,,,,,,,,,,,,,,
299,"Benihana, Inc.  (4)",,One Stop,,P + 4.25,,,No Value,(5),,,07/2018,,,,-,,,,(40,,,,-,,,,-,,,
300,"Benihana, Inc.*",,One Stop,,L + 5.50,,,6.75,,,,01/2019,,,,14071,,,,13665,,,,2.1,,,,14071,,,
301,"Boot Barn, Inc.*",,One Stop,,L + 5.75,,,7.00,,,,05/2019,,,,24614,,,,24282,,,,3.7,,,,24614,,,
302,"Capital Vision Services, LLC",,One Stop,,L + 7.25,,,8.50,,,,12/2017,,,,323,,,,312,,,,0.1,,,,323,,,
303,"Capital Vision Services, LLC*",,One Stop,,L + 7.25,,,8.50,,,,12/2017,,,,13324,,,,13168,,,,2.0,,,,13324,,,
304,"Capital Vision Services, LLC",,One Stop,,L + 7.25,,,8.50,,,,12/2017,,,,1244,,,,1230,,,,0.2,,,,1244,,,
305,"DTLR, Inc.*",,One Stop,,L + 8.00,,,11.00,,,,12/2015,,,,16541,,,,16426,,,,2.5,,,,16541,,,
306,"Express Oil Change, LLC",,Senior loan,,L + 4.75,,,6.35,,,,12/2017,,,,94,,,,91,,,,-,,,,94,,,
307,"Express Oil Change, LLC*",,Senior loan,,P + 3.50,,,6.75,,,,12/2017,,,,1795,,,,1780,,,,0.3,,,,1795,,,
308,"Express Oil Change, LLC",,Senior loan,,P + 3.50,,,6.75,,,,12/2017,,,,115,,,,111,,,,-,,,,115,,,
309,"Floor & Decor Outlets of America, Inc.*",,One Stop,,L + 6.50,,,7.75,,,,05/2019,,,,11330,,,,11204,,,,1.7,,,,11330,,,
310,"Marshall Retail Group, LLC, The  (4)",,Senior loan,,L + 6.50,,,No Value,(5),,,10/2016,,,,-,,,,(11,,,,-,,,,-,,,
311,"Marshall Retail Group, LLC, The*",,Senior loan,,L + 6.50,,,8.00,,,,10/2016,,,,9365,,,,9251,,,,1.4,,,,9365,,,
312,"Paper Source, Inc.",,One Stop,,P + 5.00,,,No Value,(5),,,09/2018,,,,-,,,,(12,,,,-,,,,(6,,,
313,"Paper Source, Inc.*",,One Stop,,L + 6.25,,,7.25,,,,09/2018,,,,12672,,,,12553,,,,1.9,,,,12607,,,
314,"Restaurant Holding Company, LLC",,Senior loan,,L + 7.50,,,9.00,,,,02/2017,,,,9230,,,,9114,,,,1.3,,,,8630,,,
315,"Rubio's Restaurants, Inc*",,Senior loan,,L + 4.75,,,6.00,,,,11/2018,,,,9447,,,,9439,,,,1.4,,,,9447,,,
316,"Sneaker Villa, Inc.",,One Stop,,P + 7.00,,,11.50,,,,12/2017,,,,1190,,,,1175,,,,0.2,,,,1190,,,
317,"Sneaker Villa, Inc.",,One Stop,,L + 8.50,,,10.00,,,,12/2017,,,,4520,,,,4430,,,,0.7,,,,4520,,,
318,"Sneaker Villa, Inc.",,One Stop,,L + 8.50,,,10.00,,,,12/2017,,,,627,,,,619,,,,0.1,,,,627,,,
319,Specialty Catalog Corp.  (4),,One Stop,,L + 6.00,,,No Value,(5),,,07/2017,,,,-,,,,(6,,,,-,,,,-,,,
320,Specialty Catalog Corp.,,One Stop,,L + 6.00,,,7.50,,,,07/2017,,,,4961,,,,4914,,,,0.8,,,,4961,,,
321,Vision Source L.P.  (4),,One Stop,,L + 5.00,,,No Value,(5),,,04/2016,,,,-,,,,(9,,,,-,,,,-,,,
322,Vision Source L.P.*,,One Stop,,L + 5.00,,,6.00,,,,04/2016,,,,19574,,,,19425,,,,3.0,,,,19574,,,
323,,,,,,,,,,,,,,,,155037,,,,153111,,,,23.4,,,,154366,,,
324,Telecommunications,,,,,,,,,,,,,,,,,,,,,,,,,,,,,,
325,"Arise Virtual Solutions, Inc.  (4)",,One Stop,,L + 6.00,,,No Value,(5),,,12/2018,,,,-,,,,(13,,,,-,,,,(13,,,
326,"Arise Virtual Solutions, Inc.*",,One Stop,,L + 6.00,,,7.25,,,,12/2018,,,,14134,,,,13993,,,,2.1,,,,13993,,,
327,Hosting.com Inc.,,Senior loan,,P + 3.25,,,6.50,,,,10/2016,,,,14,,,,12,,,,-,,,,14,,,
328,Hosting.com Inc.*,,Senior loan,,L + 4.50,,,5.75,,,,10/2016,,,,801,,,,793,,,,0.1,,,,801,,,
329,"ITC Global, Inc.  (4)",,One Stop,,P + 5.50,,,No Value,(5),,,07/2018,,,,10,,,,(4,,,,-,,,,10,,,
330,"ITC Global, Inc.",,One Stop,,L + 6.75,,,7.75,,,,07/2018,,,,8540,,,,8454,,,,1.3,,,,8540,,,
331,"NameMedia, Inc.",,Senior loan,,L + 6.00,,,No Value,(5),,,11/2014,,,,-,,,,-,,,,-,,,,-,,,
332,,,,,,,,,,,,,,,,23499,,,,23235,,,,3.5,,,,23345,,,
333,Utilities,,,,,,,,,,,,,,,,,,,,,,,,,,,,,,
334,"PowerPlan Consultants, Inc.  (4)",,Senior loan,,L + 4.25,,,No Value,(5),,,10/2018,,,,-,,,,(2,,,,-,,,,(1,,,
335,"PowerPlan Consultants, Inc.*",,Senior loan,,L + 4.25,,,5.25,,,,10/2019,,,,4207,,,,4152,,,,0.6,,,,4165,,,
336,,,,,,,,,,,,,,,,4207,,,,4150,,,,0.6,,,,4164,,,
337,Total debt investments United States,,,,,,,,,,,,,,,1148454,,,,1132963,,,,172.3,,,,1137314,,,
338,Fair Value as a percentage of Principal Amount,,,,,,,,,,,,,,,,,,,,,,,,,,,99.0,,,
339,,,,,,,,,,,,,Principal,,,,,,Percentage,,,,,,,,,,,,
340,,,Investment,,Spread Above,,Interest,,,Maturity,,,Amount/Shares/,,,,,,of Total,,,Fair,,,,,,,,,
341,,,Type,,Index  (1),,Rate  (2),,,Date,,,Contracts,,,Cost,,,Net Assets,,,Value,,,,,,,,,
342,Equity investments,,,,,,,,,,,,,,,,,,,,,,,,,,,,,,
343,Aerospace and Defense,,,,,,,,,,,,,,,,,,,,,,,,,,,,,,
344,NTS Technical Systems,,Common stock,,No Value,,,No Value,,,,No Value,,,,1,,,,1352,,,,0.2,,,,1352,,,
345,"Tresys Technology Holdings, Inc.",,Common stock,,No Value,,,No Value,,,,No Value,,,,295,,,,295,,,,-,,,,70,,,
346,Whitcraft LLC,,Common stock,,No Value,,,No Value,,,,No Value,,,,1,,,,670,,,,0.1,,,,489,,,
347,Whitcraft LLC,,Warrant,,No Value,,,No Value,,,,No Value,,,,-,,,,-,,,,-,,,,95,,,
348,,,,,,,,,,,,,,,,,,,,2317,,,,0.3,,,,2006,,,
349,Automobile,,,,,,,,,,,,,,,,,,,,,,,,,,,,,,
350,"ABRA, Inc",,LLC interest,,No Value,,,No Value,,,,No Value,,,,208,,,,352,,,,0.3,,,,2176,,,
351,"K&N Engineering, Inc.",,Common stock,,No Value,,,No Value,,,,No Value,,,,-,,,,4,,,,-,,,,78,,,
352,"K&N Engineering, Inc.",,Preferred stock A,,No Value,,,No Value,,,,No Value,,,,-,,,,26,,,,-,,,,38,,,
353,"K&N Engineering, Inc.",,Preferred stock B,,No Value,,,No Value,,,,No Value,,,,-,,,,-,,,,-,,,,10,,,
354,,,,,,,,,,,,,,,,,,,,382,,,,0.3,,,,2302,,,
355,"Beverage, Food and Tobacco",,,,,,,,,,,,,,,,,,,,,,,,,,,,,,
356,"Atkins Nutritionals, Inc.",,LLC interest,,No Value,,,No Value,,,,No Value,,,,57,,,,746,,,,0.1,,,,824,,,
357,"First Watch Restaurants, Inc.",,Common stock,,No Value,,,No Value,,,,No Value,,,,7,,,,691,,,,0.1,,,,691,,,
358,"Goode Seed Co-Invest, LLC",,LLC units,,No Value,,,No Value,,,,No Value,,,,356,,,,356,,,,0.1,,,,411,,,
359,Julio & Sons Company,,LLC interest,,No Value,,,No Value,,,,No Value,,,,521,,,,521,,,,0.1,,,,504,,,
360,"Northern Brewer, LLC",,LLC interest,,No Value,,,No Value,,,,No Value,,,,142,,,,315,,,,-,,,,218,,,
361,"Richelieu Foods, Inc.",,LP interest,,No Value,,,No Value,,,,No Value,,,,220,,,,220,,,,-,,,,111,,,
362,,,,,,,,,,,,,,,,,,,,2849,,,,0.4,,,,2759,,,
363,"Containers, Packaging and  Glass",,,,,,,,,,,,,,,,,,,,,,,,,,,,,,
364,"Packaging Coordinators,  Inc.",,LLC interest,,No Value,,,No Value,,,,No Value,,,,48,,,,2476,,,,0.6,,,,4007,,,
365,,,,,,,,,,,,,,,,,,,,2476,,,,0.6,,,,4007,,,
366,Diversified Conglomerate  Manufacturing,,,,,,,,,,,,,,,,,,,,,,,,,,,,,,
367,"Oasis Outsourcing Holdings, Inc.",,LLC interest,,No Value,,,No Value,,,,No Value,,,,1088,,,,1088,,,,0.3,,,,1797,,,
368,"Sunless Merger Sub, Inc.",,LP interest,,No Value,,,No Value,,,,No Value,,,,-,,,,160,,,,-,,,,4,,,
369,"TIDI Products, LLC",,LLC interest,,No Value,,,No Value,,,,No Value,,,,315,,,,158,,,,-,,,,235,,,
370,,,,,,,,,,,,,,,,,,,,1406,,,,0.3,,,,2036,,,
371,Diversified Conglomerate  Service,,,,,,,,,,,,,,,,,,,,,,,,,,,,,,
372,"Document Technologies, LLC",,LLC interest,,No Value,,,No Value,,,,No Value,,,,24,,,,490,,,,0.1,,,,624,,,
373,"Marathon Data Operating Co., LLC",,Common stock,,No Value,,,No Value,,,,No Value,,,,1,,,,264,,,,0.1,,,,293,,,
374,"Marathon Data Operating Co., LLC",,Preferred stock,,No Value,,,No Value,,,,No Value,,,,1,,,,264,,,,-,,,,218,,,
375,"Navex Global, Inc.",,LP interest,,No Value,,,No Value,,,,No Value,,,,-,,,,666,,,,0.1,,,,511,,,
376,"PC Helps Support, LLC",,Common stock,,No Value,,,No Value,,,,No Value,,,,1,,,,7,,,,-,,,,7,,,
377,"PC Helps Support, LLC",,Preferred stock,,No Value,,,No Value,,,,No Value,,,,-,,,,61,,,,-,,,,61,,,
378,"Secure-24, LLC",,LLC Units,,No Value,,,No Value,,,,No Value,,,,263,,,,263,,,,-,,,,141,,,
379,,,,,,,,,,,,,,,,,,,,2015,,,,0.3,,,,1855,,,
380,Grocery,,,,,,,,,,,,,,,,,,,,,,,,,,,,,,
381,"MyWebGrocer, Inc.",,LLC units,,No Value,,,No Value,,,,No Value,,,,1269,,,,1269,,,,0.2,,,,1269,,,
382,"Healthcare, Education and  Childcare",,,,,,,,,,,,,,,,,,,,,,,,,,,,,,
383,"Advanced Pain Management Holdings, Inc.",,Common stock,,No Value,,,No Value,,,,No Value,,,,67,,,,67,,,,0.1,,,,743,,,
384,"Advanced Pain Management Holdings, Inc.",,Preferred stock,,No Value,,,No Value,,,,No Value,,,,8,,,,829,,,,0.1,,,,886,,,
385,"Avatar International, LLC",,LP interest,,No Value,,,No Value,,,,No Value,,,,1,,,,695,,,,-,,,,183,,,
386,Certara L.P.,,LP interest,,No Value,,,No Value,,,,No Value,,,,-,,,,541,,,,0.1,,,,541,,,
387,"Dialysis Newco, Inc.",,LLC interest,,No Value,,,No Value,,,,No Value,,,,871,,,,89,,,,0.2,,,,1274,,,
388,"Encore Rehabilitation Services, LLC",,LLC interest,,No Value,,,No Value,,,,No Value,,,,270,,,,270,,,,0.1,,,,349,,,
389,"G & H Wire Company, Inc.",,LP interest,,No Value,,,No Value,,,,No Value,,,,-,,,,102,,,,-,,,,118,,,
390,"Healogics, Inc.",,Preferred stock,,No Value,,,No Value,,,,No Value,,,,695,,,,799,,,,0.2,,,,1057,,,
391,"Hospitalists Management Group, LLC",,Common stock,,No Value,,,No Value,,,,No Value,,,,-,,,,38,,,,-,,,,10,,,
392,"IntegraMed America, Inc.",,Common stock,,No Value,,,No Value,,,,No Value,,,,1,,,,514,,,,0.1,,,,676,,,
393,"NeuroTherm, Inc.",,Common stock,,No Value,,,No Value,,,,No Value,,,,1,,,,569,,,,0.1,,,,876,,,
394,"Northwestern Management Services, LLC",,LLC units,,No Value,,,No Value,,,,No Value,,,,3,,,,3,,,,-,,,,36,,,
395,"Northwestern Management Services, LLC",,LLC units,,No Value,,,No Value,,,,No Value,,,,-,,,,249,,,,0.1,,,,274,,,
396,"Pentec Acquisition Sub, Inc.",,Preferred stock,,No Value,,,No Value,,,,No Value,,,,1,,,,116,,,,-,,,,87,,,
397,"Reliant Pro ReHab, LLC",,Preferred stock,,No Value,,,No Value,,,,No Value,,,,2,,,,264,,,,0.1,,,,312,,,
398,Southern Anesthesia and Surgical,,LLC units,,No Value,,,No Value,,,,No Value,,,,487,,,,487,,,,0.1,,,,603,,,
399,"Surgical Information Systems, LLC",,Common stock,,No Value,,,No Value,,,,No Value,,,,4,,,,414,,,,0.1,,,,495,,,
400,"Young Innovations, Inc.",,Preferred stock,,No Value,,,No Value,,,,No Value,,,,-,,,,236,,,,0.1,,,,269,,,
401,,,,,,,,,,,,,,,,,,,,6282,,,,1.5,,,,8789,,,
402,"Home  and Office Furnishings, Housewares, and Durable Consumer",,,,,,,,,,,,,,,,,,,,,,,,,,,,,,
403,"Top Knobs USA, Inc.",,Common stock,,No Value,,,No Value,,,,No Value,,,,3,,,,35,,,,-,,,,87,,,
404,Insurance,,,,,,,,,,,,,,,,,,,,,,,,,,,,,,
405,"Captive Resources Midco,  LLC",,LLC units,,No Value,,,No Value,,,,No Value,,,,1,,,,121,,,,-,,,,135,,,
406,Investment  Funds and Vehicles,,,,,,,,,,,,,,,,,,,,,,,,,,,,,,
407,Senior Loan Fund LLC  (7),,LLC interest,,No Value,,,No Value,,,,No Value,,,,4051,,,,4051,,,,0.7,,,,4879,,,
408,"Leisure,  Amusement, Motion Pictures and Entertainment",,,,,,,,,,,,,,,,,,,,,,,,,,,,,,
409,"Competitor Group, Inc.",,LLC interest,,No Value,,,No Value,,,,No Value,,,,708,,,,712,,,,-,,,,150,,,
410,"LMP TR Holdings, LLC",,LLC units,,No Value,,,No Value,,,,No Value,,,,712,,,,712,,,,0.1,,,,712,,,
411,"Titan Fitness, LLC",,LLC units,,No Value,,,No Value,,,,No Value,,,,6,,,,583,,,,0.1,,,,583,,,
412,,,,,,,,,,,,,,,,,,,,2007,,,,0.2,,,,1445,,,
413,,,,,,,,,,,,,Principal,,,,,,Percentage,,,,,,,,,,,,
414,,,Investment,,Spread Above,,Interest,,,Maturity,,,Amount/Shares/,,,,,,of Total,,,Fair,,,,,,,,,
415,,,Type,,Index  (1),,Rate  (2),,,Date,,,Contracts,,,Cost,,,Net Assets,,,Value,,,,,,,,,
416,Personal  and Non-Durable Consumer Products,,,,,,,,,,,,,,,,,,,,,,,,,,,,,,
417,"Hygenic Corporation, The",,LP interest,,No Value,,,No Value,,,,No Value,,,,1,,,,61,,,,-,,,,74,,,
418,"Massage Envy, LLC",,LLC interest,,No Value,,,No Value,,,,No Value,,,,749,,,,749,,,,0.1,,,,749,,,
419,Team Technologies Acquisition  Company,,Common stock,,No Value,,,No Value,,,,No Value,,,,-,,,,148,,,,-,,,,168,,,
420,,,,,,,,,,,,,,,,,,,,958,,,,0.1,,,,991,,,
421,Personal Transportation,,,,,,,,,,,,,,,,,,,,,,,,,,,,,,
422,PODS Funding Corp. II,,Warrant,,No Value,,,No Value,,,,No Value,,,,271,,,,-,,,,0.1,,,,687,,,
423,Printing and Publishing,,,,,,,,,,,,,,,,,,,,,,,,,,,,,,
424,"Market Track, LLC",,Preferred stock,,No Value,,,No Value,,,,No Value,,,,-,,,,145,,,,-,,,,166,,,
425,"Market Track, LLC",,Common stock,,No Value,,,No Value,,,,No Value,,,,1,,,,145,,,,0.1,,,,174,,,
426,,,,,,,,,,,,,,,,,,,,290,,,,0.1,,,,340,,,
427,Retail Stores,,,,,,,,,,,,,,,,,,,,,,,,,,,,,,
428,"Barcelona Restaurants, LLC  (6)",,LP interest,,No Value,,,No Value,,,,No Value,,,,1996,,,,1996,,,,0.4,,,,2879,,,
429,"Benihana, Inc.",,LLC interest,,No Value,,,No Value,,,,No Value,,,,43,,,,699,,,,0.1,,,,830,,,
430,"Capital Vision Services, LLC",,LLC interest,,No Value,,,No Value,,,,No Value,,,,402,,,,402,,,,0.1,,,,562,,,
431,"Express Oil Change, LLC",,LLC interest,,No Value,,,No Value,,,,No Value,,,,81,,,,81,,,,-,,,,66,,,
432,"Paper Source, Inc.",,LLC interest,,No Value,,,No Value,,,,No Value,,,,8,,,,1387,,,,0.2,,,,1387,,,
433,"Rubio's Restaurants, Inc.",,Preferred stock,,No Value,,,No Value,,,,No Value,,,,199,,,,945,,,,0.2,,,,1442,,,
434,"Sneaker Villa, Inc.",,LLC interest,,No Value,,,No Value,,,,No Value,,,,4,,,,411,,,,0.1,,,,509,,,
435,Vision Source L.P.,,Common stock,,No Value,,,No Value,,,,No Value,,,,9,,,,936,,,,0.2,,,,1032,,,
436,,,,,,,,,,,,,,,,,,,,6857,,,,1.3,,,,8707,,,
437,Telecommunications,,,,,,,,,,,,,,,,,,,,,,,,,,,,,,
438,"ITC Global, Inc.",,Preferred stock,,No Value,,,No Value,,,,No Value,,,,17,,,,311,,,,0.1,,,,311,,,
439,Total  equity investments United States,,,,,,,,,,,,,,,,,,,33626,,,,6.5,,,,42605,,,
440,Total  United States,,,,,,,,,,,,,,,,,,,1166589,,,,178.8,,,,1179919,,,
441,Total  Investments,,,,,,,,,,,,,,,,,,,1166589,,,,178.8,,,,1179919,,,
442,38,,,,,,,,,,,,,,,,,,,,,,,,,,,,,,
