,Industry,Company,Business Description,Investment,Interest,Acquisition Date,Amortized Cost,Fair Value
0,Investment Funds and Vehicles,"CIC Flex, LP (9)",Investment partnership,Limited partnership units (0.94 units),,9/7/2007,0,186
1,Investment Funds and Vehicles,"Covestia Capital Partners, LP (9)",Investment partnership,Limited partnership interest (47.00% interest),,6/17/2008,487,1962
2,Investment Funds and Vehicles,"HCI Equity, LLC (7)(8)(9)",Investment company,Member interest (100.00% interest),,4/1/2010,0,399
3,Investment Funds and Vehicles,"Imperial Capital Private Opportunities, LP (9)",Investment partnership,Limited partnership interest (80.00% interest),,5/10/2007,5134,18868
4,Investment Funds and Vehicles,"Partnership Capital Growth Fund I, L.P. (9)",Investment partnership,Limited partnership interest (25.00% interest),,6/16/2006,0,1361
5,Investment Funds and Vehicles,"Partnership Capital Growth Investors III, L.P. (9)",Investment partnership,Limited partnership interest (2.50% interest),,10/5/2011,2260,2332
6,Investment Funds and Vehicles,"PCG-Ares Sidecar Investment, L.P. (9)",Investment partnership,Limited partnership interest (100.00% interest),,5/22/2014,2042,2151
7,Investment Funds and Vehicles,"Piper Jaffray Merchant Banking Fund I, L.P. (9)",Investment partnership,Limited partnership interest (2.00% interest),,8/16/2012,1034,931
8,Investment Funds and Vehicles,Senior Secured Loan Fund LLC (7)(10),Co-investment vehicle,"Subordinated certificates ($1,954,145 par due 12/2024)",8.23% (Libor + 8.00%/M)(27),10/30/2009,1954145,1983457
9,Investment Funds and Vehicles,Senior Secured Loan Fund LLC (7)(10),,Membership interest (87.50% interest),,10/30/2009,0,0
10,Investment Funds and Vehicles,VSC Investors LLC (9),Investment company,Membership interest (1.95% interest),,1/24/2008,877,1505
11,Investment Funds and Vehicles,VSC Investors LLC (9),,,,,1965979,2013152
12,Healthcare-Services,Alegeus Technologies Holdings Corp.,Benefits administration and transaction processing provider,"Preferred stock (2,997 shares)",,12/13/2013,3087,2542
13,Healthcare-Services,Alegeus Technologies Holdings Corp.,,Common stock (3 shares),,12/13/2013,3,0
14,Healthcare-Services,AwarePoint Corporation,Healthcare technology platform developer,"First lien senior secured loan ($10,000 par due 6/2018)",9.50%,9/5/2014,9900,10000
15,Healthcare-Services,AwarePoint Corporation,,"Warrant to purchase up to 547,046 shares of Series F preferred stock",,9/5/2014,0,2
16,Healthcare-Services,"AxelaCare Holdings, Inc. and AxelaCare Investment Holdings, L.P.",Provider of home infusion services,"Preferred units (8,218,160 units)",,4/12/2013,822,681
17,Healthcare-Services,"AxelaCare Holdings, Inc. and AxelaCare Investment Holdings, L.P.",,"Common units (83,010 units)",,4/12/2013,8,6
18,Healthcare-Services,"California Forensic Medical Group, Incorporated",Correctional facility healthcare operator,"First lien senior secured loan ($48,766 par due 11/2018)",9.25% (Libor + 8.00%/Q),11/16/2012,48766,48766
19,Healthcare-Services,"CCS Intermediate Holdings, LLC and CCS Group Holdings, LLC",Correctional facility healthcare operator,First lien senior secured revolving loan ($750 par due 7/2019),6.25% (Base Rate + 3.00%/Q),7/23/2014,750,750
20,Healthcare-Services,"CCS Intermediate Holdings, LLC and CCS Group Holdings, LLC",,"First lien senior secured loan ($15,000 par due 7/2021)",5.00% (Libor + 4.00%/Q),7/23/2014,14927,15000
21,Healthcare-Services,"CCS Intermediate Holdings, LLC and CCS Group Holdings, LLC",,"Second lien senior secured loan ($135,000 par due 7/2022)",9.38% (Libor + 8.38%/Q),7/23/2014,133678,135000
22,Healthcare-Services,"CCS Intermediate Holdings, LLC and CCS Group Holdings, LLC",,"Class A units (601,937 units)",,8/19/2010,0,2553
23,Healthcare-Services,"CT Technologies Intermediate Holdings, Inc. and CT Technologies Holdings LLC (6)",Healthcare analysis services provider,"Class A common stock (9,679 shares)",,6/15/2007,2543,2820
24,Healthcare-Services,"CT Technologies Intermediate Holdings, Inc. and CT Technologies Holdings LLC (6)",,"Class C common stock (1,546 shares)",,6/15/2007,0,450
25,Healthcare-Services,"DNAnexus, Inc.",Bioinformatics company,"First lien senior secured loan ($5,000 par due 10/2017)",9.25%,3/21/2014,4784,5000
26,Healthcare-Services,"DNAnexus, Inc.",,"First lien senior secured loan ($5,000 par due 2/2018)",9.25%,3/21/2014,4769,5000
27,Healthcare-Services,"DNAnexus, Inc.",,"Warrants to purchase up to 909,092 units of Series C preferred stock",,3/21/2014,0,0
28,Healthcare-Services,"Genocea Biosciences, Inc.",Vaccine discovery technology company,"First lien senior secured loan ($9,788 par due 4/2017)",8.00%,9/30/2013,9637,9788
29,Healthcare-Services,"Genocea Biosciences, Inc.",,"Common stock (31,500 shares)",,2/10/2014,0,285
30,Healthcare-Services,"GI Advo Opco, LLC",Behavioral treatment services provider,"First lien senior secured loan ($14,170 par due 6/2017)",6.00% (Libor + 4.75%/Q),12/13/2013,14498,14170
31,Healthcare-Services,"Global Healthcare Exchange, LLC and GHX Ultimate Parent Corp.",On-demand supply chain automation solutions provider,"First lien senior secured loan ($125,000 par due 3/2020)",10.00% (Libor + 9.00%/Q),3/11/2014,123921,125000
32,Healthcare-Services,"Global Healthcare Exchange, LLC and GHX Ultimate Parent Corp.",,"Class A common stock (2,475 shares)",,3/11/2014,2475,2475
33,Healthcare-Services,"Global Healthcare Exchange, LLC and GHX Ultimate Parent Corp.",,Class B common stock (938 shares),,3/11/2014,25,335
34,Healthcare-Services,"INC Research, Inc.",Pharmaceutical and biotechnology consulting services,"Common stock (1,410,000 shares)",,9/27/2010,1512,2700
35,Healthcare-Services,Intermedix Corporation,Revenue cycle management provider to the emergency healthcare industry,"Second lien senior secured loan ($112,000 par due 6/2020)",9.25% (Libor + 8.25%/Q),12/27/2012,112000,112000
36,Healthcare-Services,"LM Acquisition Holdings, LLC (8)",Developer and manufacturer of medical equipment,Class A units (426 units),,9/27/2013,1000,1638
37,Healthcare-Services,"MC Acquisition Holdings I, LLC",Healthcare professional provider,"Class A units (1,338,314 shares)",,1/17/2014,1338,1541
38,Healthcare-Services,"Monte Nido Holdings, LLC",Outpatient eating disorder treatment provider,"First lien senior secured loan ($44,750 par due 12/2019)",7.75% (Libor + 6.75%/Q),12/20/2013,44750,43855
39,Healthcare-Services,MW Dental Holding Corp.,Dental services provider,"First lien senior secured loan ($37,818 par due 4/2017)",8.50% (Libor + 7.00%/M),4/12/2011,37818,37818
40,Healthcare-Services,MW Dental Holding Corp.,,"First lien senior secured loan ($48,362 par due 4/2017)",8.50% (Libor + 7.00%/M),4/12/2011,48362,48362
41,Healthcare-Services,MW Dental Holding Corp.,,"First lien senior secured loan ($9,721 par due 4/2017)",8.50% (Libor + 7.00%/M),4/12/2011,9721,9721
42,Healthcare-Services,"My Health Direct, Inc.",Healthcare scheduling exchange software solution provider,"First lien senior secured loan ($3,000 par due 1/2018)",10.75%,9/18/2014,2901,2970
43,Healthcare-Services,"My Health Direct, Inc.",,"Warrant to purchase up to 4,548 shares of Series D preferred stock",,9/18/2014,39,39
44,Healthcare-Services,Napa Management Services Corporation,Anesthesia management services provider,"First lien senior secured loan ($9,543 par due 2/2019)",7.25% (Base Rate + 4.00%/Q),4/15/2011,9543,9543
45,Healthcare-Services,Napa Management Services Corporation,,"First lien senior secured loan ($70,691 par due 2/2019)",6.00% (Libor + 5.00%/Q),4/15/2011,70691,70691
46,Healthcare-Services,Napa Management Services Corporation,,"First lien senior secured loan ($3,957 par due 2/2019)",7.25% (Base Rate + 4.00%/Q),4/15/2011,3950,3957
47,Healthcare-Services,Napa Management Services Corporation,,"First lien senior secured loan ($29,309 par due 2/2019)",6.00% (Libor + 5.00%/Q),4/15/2011,29261,29309
48,Healthcare-Services,Napa Management Services Corporation,,"Common units (5,345 units)",,4/15/2011,5764,9973
49,Healthcare-Services,"Netsmart Technologies, Inc. and NS Holdings, Inc.",Healthcare technology provider,"First lien senior secured loan ($2,778 par due 12/2017)",8.75% (Libor + 7.50%/Q),12/18/2012,2778,2778
50,Healthcare-Services,"Netsmart Technologies, Inc. and NS Holdings, Inc.",,"First lien senior secured loan ($35,144 par due 12/2017)",8.75% (Libor + 7.50%/Q),12/18/2012,35144,35144
51,Healthcare-Services,"Netsmart Technologies, Inc. and NS Holdings, Inc.",,"Common stock (2,500,000 shares)",,6/21/2010,2500,4780
52,Healthcare-Services,"New Trident Holdcorp, Inc.",Outsourced mobile diagnostic healthcare service provider,"Second lien senior secured loan ($80,000 par due 7/2020)",10.25% (Libor + 9.00%/Q),8/6/2013,78607,78400
53,Healthcare-Services,"Nodality, Inc.",Biotechnology company,"First lien senior secured loan ($8,000 par due 2/2018)",8.90%,4/25/2014,7750,8000
54,Healthcare-Services,"Nodality, Inc.",,"First lien senior secured loan ($3,000 par due 8/2018)",8.90%,4/25/2014,2895,3000
55,Healthcare-Services,"Nodality, Inc.",,"Warrant to purchase up to 164,179 shares of Series B preferred stock",,4/25/2014,0,41
56,Healthcare-Services,"OmniSYS Acquisition Corporation, OmniSYS, LLC, and OSYS Holdings, LLC",Provider of technology-enabled solutions to pharmacies,"First lien senior secured loan ($20,606 par due 11/2018)",8.50% (Libor + 7.50%/Q),11/21/2013,20606,20606
57,Healthcare-Services,"OmniSYS Acquisition Corporation, OmniSYS, LLC, and OSYS Holdings, LLC",,Limited liability company membership interest (1.57%),,11/21/2013,1000,1112
58,Healthcare-Services,"PerfectServe, Inc.",Communications software platform provider for hospitals and physician practices,"First lien senior secured loan ($2,500 par due 10/2017)",10.00%,12/26/2013,2477,2500
59,Healthcare-Services,"PerfectServe, Inc.",,"First lien senior secured loan ($3,500 par due 4/2017)",10.00%,12/26/2013,3472,3500
60,Healthcare-Services,"PerfectServe, Inc.",,"Warrants to purchase up to 34,113 units of Series C Preferred Stock",,12/26/2013,0,75
61,Healthcare-Services,"PGA Holdings, Inc.","Provider of patient surveys, management reports and national databases for the integrated healthcare delivery system",Preferred stock (333 shares),,3/12/2008,125,18
62,Healthcare-Services,"PGA Holdings, Inc.",,"Common stock (16,667 shares)",,3/12/2008,167,922
63,Healthcare-Services,"Physiotherapy Associates Holdings, Inc.",Physical therapy provider,"Class A common stock (100,000 shares)",,12/13/2013,3090,2240
64,Healthcare-Services,"POS I Corp. (fka Vantage Oncology, Inc.)",Radiation oncology care provider,"Common stock (62,157 shares)",,2/3/2011,4670,548
65,Healthcare-Services,"Reed Group Holdings, LLC",Medical disability management services provider,Equity interests,,4/1/2010,0,0
66,Healthcare-Services,"Respicardia, Inc.",Developer of implantable therapies to improve cardiovascular health,"First lien senior secured loan ($2,000 par due 7/2015)",11.00%,6/28/2012,1997,2000
67,Healthcare-Services,"Respicardia, Inc.",,"Warrants to purchase up to 99,094 shares of Series C preferred stock",,6/28/2012,38,29
68,Healthcare-Services,"Sage Products Holdings III, LLC",Patient infection control and preventive care solutions provider,"Second lien senior secured loan ($75,000 par due 6/2020)",9.25% (Libor + 8.00%/Q),12/13/2012,75000,75000
69,Healthcare-Services,"Sarnova HC, LLC, Tri-Anim Health Services, Inc., and BEMS Holdings, LLC",Distributor of emergency medical service and respiratory products,"Second lien senior secured loan ($60,000 par due 9/2018)",8.75% (Libor + 8.00%/M),6/30/2014,60000,60000
70,Healthcare-Services,"SurgiQuest, Inc.",Medical device company,"Warrants to purchase up to 54,672 shares of Series D-4 convertible preferred stock",,9/28/2012,0,0
71,Healthcare-Services,"U.S. Anesthesia Partners, Inc.",Anesthesiology service provider,"First lien senior secured loan ($49,850 par due 12/2019)",6.00% (Libor + 5.00%/Q),6/26/2014,49850,49850
72,Healthcare-Services,"U.S. Anesthesia Partners, Inc.",,"Second lien senior secured loan ($50,000 par due 9/2020)",9.00% (Libor + 8.00%/Q),9/24/2014,50000,50000
73,Healthcare-Services,"Wrigley Purchaser, LLC and Wrigley Management, LLC",Provider of outpatient rehabilitation services,"First lien senior secured loan ($7,100 par due 5/2020)",6.13% (Libor + 5.38%/Q),5/19/2014,7100,7100
74,Healthcare-Services,"Young Innovations, Inc.",Dental supplies and equipment manufacturer,"Second lien senior secured loan ($45,000 par due 7/2019)",9.00% (Libor + 8.00%/Q),5/30/2014,45000,45000
75,Healthcare-Services,"Young Innovations, Inc.",,,,,1207509,1217383
76,Services-Other,American Residential Services L.L.C.,"Heating, ventilation and air conditioning services provider","First lien senior secured loan ($17,456 par due 6/2021)",5.50% (Libor + 4.50%/Q),6/30/2014,17372,17456
77,Services-Other,American Residential Services L.L.C.,,"Second lien senior secured loan ($50,000 par due 12/2021)",9.00% (Libor + 8.00%/Q),6/30/2014,49517,50000
78,Services-Other,Capital Investments and Ventures Corp.,SCUBA diver training and certification provider,"First lien senior secured loan ($66,035 par due 8/2020)",6.75% (Libor + 5.75%/Q),8/9/2012,65686,66035
79,Services-Other,Capital Investments and Ventures Corp.,,"First lien senior secured loan ($23,060 par due 8/2020)",6.75% (Libor + 5.75%/Q),8/9/2012,23060,23060
80,Services-Other,Capital Investments and Ventures Corp.,,"First lien senior secured loan ($8,203 par due 8/2020)",6.75% (Libor + 5.75%/Q),8/9/2012,8203,8203
81,Services-Other,"Community Education Centers, Inc.",Offender re-entry and in-prison treatment services provider,First lien senior secured loan ($714 par due 12/2014),7.50% (Base Rate + 4.25%/M),12/10/2010,714,714
82,Services-Other,"Community Education Centers, Inc.",,"First lien senior secured loan ($13,571 par due 12/2014)",6.25% (Libor + 5.25%/Q),12/10/2010,13571,13571
83,Services-Other,"Community Education Centers, Inc.",,"Second lien senior secured loan ($47,767 par due 12/2015)",,12/10/2010,47169,42233
84,Services-Other,"Community Education Centers, Inc.",,"Warrants to purchase up to 654,618 shares",,12/10/2010,0,0
85,Services-Other,"Competitor Group, Inc. and Calera XVI, LLC",Endurance sports media and event operator,"First lien senior secured revolving loan ($2,850 par due 11/2018)",10.00% (Base Rate + 6.75%/Q),11/30/2012,2850,2565
86,Services-Other,"Competitor Group, Inc. and Calera XVI, LLC",,First lien senior secured revolving loan ($900 par due 11/2018),9.00% (Libor + 7.75%/Q),11/30/2012,900,810
87,Services-Other,"Competitor Group, Inc. and Calera XVI, LLC",,"First lien senior secured loan ($24,380 par due 11/2018)","10.00% (Libor + 7.75% Cash, 1.00% PIK /Q)",11/30/2012,24380,21942
88,Services-Other,"Competitor Group, Inc. and Calera XVI, LLC",,"First lien senior secured loan ($29,853 par due 11/2018)","10.00% (Libor + 7.75% Cash, 1.00% PIK /Q)",11/30/2012,29853,26868
89,Services-Other,"Competitor Group, Inc. and Calera XVI, LLC",,"Membership units (2,500,000 units)",,11/30/2012,2516,338
90,Services-Other,"Crown Health Care Laundry Services, Inc. and Crown Laundry Holdings, LLC (6)",Provider of outsourced linen management solutions to the healthcare industry,"First lien senior secured revolving loan ($1,300 par due 3/2019)",8.25% (Libor + 7.00%/Q),3/13/2014,1300,1300
91,Services-Other,"Crown Health Care Laundry Services, Inc. and Crown Laundry Holdings, LLC (6)",,"First lien senior secured loan ($24,377 par due 3/2019)",8.25% (Libor + 7.00%/Q),3/13/2014,24377,24377
92,Services-Other,"Crown Health Care Laundry Services, Inc. and Crown Laundry Holdings, LLC (6)",,"Class A preferred units (2,475,000 units)",,3/13/2014,2475,2317
93,Services-Other,"Crown Health Care Laundry Services, Inc. and Crown Laundry Holdings, LLC (6)",,"Class B common units (275,000 units)",,3/13/2014,275,257
94,Services-Other,"Dwyer Acquisition Parent, Inc. and TDG Group Holding Company",Operator of multiple franchise concepts primarily related to home maintenance or repairs,"Senior subordinated loan ($52,670 par due 2/2020)",11.00%,8/15/2014,52670,52670
95,Services-Other,"Dwyer Acquisition Parent, Inc. and TDG Group Holding Company",,"Common stock (30,000 shares)",,8/15/2014,3000,3000
96,Services-Other,"Fox Hill Holdings, Inc.",Third party claims administrator on behalf of insurance carriers,"First lien senior secured loan ($20,622 par due 6/2018)",8.00% (Base Rate + 4.75%/Q),10/31/2013,20622,20622
97,Services-Other,"Fox Hill Holdings, Inc.",,"First lien senior secured loan ($64,719 par due 6/2018)",6.75% (Libor + 5.75%/Q),10/31/2013,64719,64719
98,Services-Other,"ISS #2, LLC","Provider of repairs, refurbishments and services to the broader industrial end user markets","First lien senior secured loan ($19,900 par due 6/2018)",7.75% (Base Rate + 4.50%/M),6/5/2013,19900,19900
99,Services-Other,"ISS #2, LLC",,"First lien senior secured loan ($33,200 par due 6/2018)",6.50% (Libor + 5.50%/Q),6/5/2013,33200,33200
100,Services-Other,"ISS #2, LLC",,"First lien senior secured loan ($4,913 par due 6/2018)",6.50% (Libor + 5.50%/Q),6/5/2013,4913,4913
101,Services-Other,"ISS #2, LLC",,"First lien senior secured loan ($44,437 par due 6/2018)",6.50% (Libor + 5.50%/Q),6/5/2013,44437,44437
102,Services-Other,"Massage Envy, LLC",Franchisor in the massage industry,"First lien senior secured loan ($28,245 par due 9/2018)",8.50% (Libor + 7.25%/Q),9/27/2012,28245,28245
103,Services-Other,"Massage Envy, LLC",,"First lien senior secured loan ($47,716 par due 9/2018)",8.50% (Libor + 7.25%/Q),9/27/2012,47716,47716
104,Services-Other,"Massage Envy, LLC",,"Common stock (3,000,000 shares)",,9/27/2012,3000,3944
105,Services-Other,"McKenzie Sports Products, LLC","Designer, manufacturer and distributor of hunting-related supplies","First lien senior secured loan ($7,500 par due 9/2020)",4.75% (Libor + 3.75%/Q),9/18/2014,7500,7500
106,Services-Other,"McKenzie Sports Products, LLC",,"First lien senior secured loan ($88,500 par due 9/2020)",6.75% (Libor + 5.75%/Q),9/18/2014,88500,88500
107,Services-Other,Spin HoldCo Inc.,Laundry service and equipment provider,"Second lien senior secured loan ($140,000 par due 5/2020)",8.00% (Libor + 7.00%/M),5/14/2013,140000,140000
108,Services-Other,"Wash Multifamily Laundry Systems, LLC",Laundry service and equipment provider,"Second lien senior secured loan ($78,000 par due 2/2020)",7.75% (Libor + 6.75%/Q),6/26/2012,78000,78000
109,Services-Other,"Wash Multifamily Laundry Systems, LLC",,,,,950640,939412
110,Energy,"Alphabet Energy, Inc.",Technology developer to convert waste-heat into electricity,"First lien senior secured loan ($2,000 par due 7/2017)",9.50%,2/26/2014,1926,2000
111,Energy,"Alphabet Energy, Inc.",,"First lien senior secured loan ($3,000 par due 7/2017)",9.62%,12/26/2013,2774,3000
112,Energy,"Alphabet Energy, Inc.",,"Series B preferred stock (74,449 shares)",,2/26/2014,250,250
113,Energy,"Alphabet Energy, Inc.",,"Warrant to purchase up to 59,524 units of Series B preferred stock",,12/16/2013,146,126
114,Energy,Bicent (California) Holdings LLC,Gas turbine power generation facilities operator,"Senior subordinated loan ($49,812 par due 2/2021)",8.25% (Libor + 7.25%/Q),2/6/2014,49812,49812
115,Energy,"Brush Power, LLC",Gas turbine power generation facilities operator,"First lien senior secured loan ($1,030 par due 8/2020)",7.50% (Base Rate + 4.25%/Q),8/1/2013,1030,1030
116,Energy,"Brush Power, LLC",,"First lien senior secured loan ($87,084 par due 8/2020)",6.25% (Libor + 5.25%/Q),8/1/2013,87084,87084
117,Energy,"Centinela Funding, LLC",Solar power generation facility developer and operator,"Senior subordinated loan ($55,542 par due 11/2020)",10.00% (Libor + 8.75%/Q),11/14/2012,55542,55542
118,Energy,"CPV Maryland Holding Company II, LLC",Gas turbine power generation facilities operator,"Senior subordinated loan ($42,305 par due 12/2020)",10.00%,8/8/2014,42305,42102
119,Energy,"CPV Maryland Holding Company II, LLC",,Warrant to purchase up to 4 units of common stock,,8/8/2014,0,200
120,Energy,"DESRI Wind Development Acquisition Holdings, L.L.C (6)",Wind and solar power generation facility operator,"Senior subordinated loan ($14,750 par due 8/2021)",9.25%,8/26/2014,14750,14750
121,Energy,"DESRI Wind Development Acquisition Holdings, L.L.C (6)",,Membership interest (7.50% interest),,8/26/2014,806,806
122,Energy,"Freeport LNG Expansion, L.P.",Liquefied natural gas producer,"First lien senior secured loan ($19,468 par due 11/2014)",8.65% (Libor + 8.50%/Q),6/27/2014,19199,19468
123,Energy,"Joule Unlimited Technologies, Inc. and Stichting Joule Global Foundation",Renewable fuel and chemical production developer,"First lien senior secured loan ($6,591 par due 2/2017)",10.00%,7/25/2013,6546,6591
124,Energy,"Joule Unlimited Technologies, Inc. and Stichting Joule Global Foundation",,"Warrant to purchase up to 32,051 shares of Series C-2 preferred stock",,7/25/2013,0,39
125,Energy,"La Paloma Generating Company, LLC","Natural gas fired, combined cycle plant operator","Second lien senior secured loan ($10,000 par due 2/2020)",9.25% (Libor + 8.25%/Q),2/20/2014,9635,9750
126,Energy,Moxie Liberty LLC,Gas turbine power generation facilities operator,"First lien senior secured loan ($100,000 par due 8/2020)",7.50% (Libor + 6.50%/Q),8/21/2013,98890,100000
127,Energy,"Panda Sherman Power, LLC",Gas turbine power generation facilities operator,"First lien senior secured loan ($32,429 par due 9/2018)",9.00% (Libor + 7.50%/Q),9/14/2012,32429,32429
128,Energy,"Panda Temple Power II, LLC",Gas turbine power generation facilities operator,"First lien senior secured loan ($20,000 par due 4/2019)",7.25% (Libor + 6.00%/Q),4/3/2013,19843,20000
129,Energy,"Panda Temple Power, LLC",Gas turbine power generation facilities operator,"First lien senior secured loan ($60,000 par due 7/2018)",11.50% (Libor + 10.00%/Q),7/17/2012,58628,60000
130,Energy,Petroflow Energy Corporation,Oil and gas exploration and production company,"First lien senior secured loan ($50,757 par due 7/2020)","12.00% (Libor + 8.00% Cash, 3.00% PIK /Q)",7/31/2014,49775,50757
131,Energy,"Sunrun Solar Owner Holdco X, LLC",Residential solar energy provider,"First lien senior secured loan ($58,966 par due 6/2019)",9.50% (Libor + 8.25%/Q),6/7/2013,58966,58966
132,Energy,"Sunrun Solar Owner Holdco XIII, LLC",Residential solar energy provider,"First lien senior secured loan ($32,846 par due 12/2019)",9.50% (Libor + 8.25%/Q),11/27/2013,32648,32846
133,Energy,"Sunrun Solar Owner Holdco XIII, LLC",,,,,642984,647548
134,Business Services,2329497 Ontario Inc. (8),Outsourced data center infrastructure and related services provider,"Second lien senior secured loan ($45,000 par due 6/2019)",10.50% (Libor + 9.25%/M),12/13/2013,43380,40562
135,Business Services,"Access CIG, LLC",Records and information management services provider,First lien senior secured loan ($985 par due 10/2017),8.00% (Base Rate + 4.75%/M),10/5/2012,985,985
136,Business Services,"BlackArrow, Inc.",Advertising and data solutions software platform provider,"First lien senior secured loan ($8,000 par due 9/2017)",9.25%,3/13/2014,7761,8000
137,Business Services,"BlackArrow, Inc.",,"Warrant to purchase up to 517,386 units of Series C preferred stock",,3/13/2014,0,76
138,Business Services,"CallMiner, Inc.",Provider of cloud-based conversational analytics solutions,"First lien senior secured loan ($4,000 par due 5/2018)",10.00%,7/23/2014,3971,4000
139,Business Services,"CallMiner, Inc.",,"Warrant to purchase up to 2,350,636 shares of Series 1 preferred stock",,7/23/2014,0,0
140,Business Services,"Cast & Crew Payroll, LLC and Centerstage Co-Investors, L.L.C. (6)",Payroll and accounting services provider to the entertainment industry,"First lien senior secured loan ($12,107 par due 12/2017)",5.75% (Libor + 4.75%/M),12/24/2012,12107,12107
141,Business Services,"Cast & Crew Payroll, LLC and Centerstage Co-Investors, L.L.C. (6)",,"First lien senior secured loan ($41,813 par due 12/2017)",5.75% (Libor + 4.75%/M),12/24/2012,41813,41813
142,Business Services,"Cast & Crew Payroll, LLC and Centerstage Co-Investors, L.L.C. (6)",,"Class A membership units (2,500,000 units)",,12/24/2012,2500,5743
143,Business Services,"Cast & Crew Payroll, LLC and Centerstage Co-Investors, L.L.C. (6)",,"Class B membership units (2,500,000 units)",,12/24/2012,2500,5743
144,Business Services,"CIBT Investment Holdings, LLC",Expedited travel document processing services,"Class A shares (2,500 shares)",,12/15/2011,2500,3893
145,Business Services,"Command Alkon, Incorporated and CA Note Issuer, LLC",Software solutions provider to the ready-mix concrete industry,"Second lien senior secured loan ($48,000 par due 8/2020)",9.25% (Libor + 8.25%/Q),9/28/2012,48000,48000
146,Business Services,"Command Alkon, Incorporated and CA Note Issuer, LLC",,"Senior subordinated loan ($17,000 par due 8/2021)",14.00% PIK,8/8/2014,17000,17000
147,Business Services,"Coverall North America, Inc.",Commercial janitorial services provider,Letter of credit facility,,1/17/2013,0,0
148,Business Services,"DTI Holdco, Inc. and OPE DTI Holdings, Inc.",Provider of legal process outsourcing and managed services,"First lien senior secured loan ($1,000 par due 8/2020)",5.75% (Libor + 4.75%/Q),8/19/2014,1000,1000
149,Business Services,"DTI Holdco, Inc. and OPE DTI Holdings, Inc.",,"Class A common stock (7,500 shares)",,8/19/2014,7500,7500
150,Business Services,"DTI Holdco, Inc. and OPE DTI Holdings, Inc.",,"Class B common stock (7,500 shares)",,8/19/2014,0,0
151,Business Services,"First Insight, Inc.",SaaS company providing merchandising and pricing solutions to companies worldwide,"First lien senior secured loan ($3,500 par due 4/2017)",9.50%,3/20/2014,3412,3500
152,Business Services,"First Insight, Inc.",,"Warrants to purchase up to 122,827 units of Series C preferred stock",,3/20/2014,0,6
153,Business Services,"GHS Interactive Security, LLC and LG Security Holdings, LLC",Originates residential security alarm contracts,"First lien senior secured loan ($7,058 par due 5/2018)",7.50% (Libor + 6.00%/S),12/13/2013,7109,7058
154,Business Services,"GHS Interactive Security, LLC and LG Security Holdings, LLC",,"Class A membership units (1,560,000 units)",,12/13/2013,1607,1404
155,Business Services,"HCPro, Inc. and HCP Acquisition Holdings, LLC (7)",Healthcare compliance advisory services,"Senior subordinated loan ($9,297 par due 5/2015)",,3/5/2013,2691,0
156,Business Services,"HCPro, Inc. and HCP Acquisition Holdings, LLC (7)",,"Class A units (14,293,110 units)",,6/26/2008,12793,0
157,Business Services,IfByPhone Inc.,Voice-based marketing automation software provider,"Warrant to purchase up to 124,300 shares of Series C preferred stock",,10/15/2012,88,82
158,Business Services,"Investor Group Services, LLC (6)",Business consulting for private equity and corporate clients,Limited liability company membership interest (8.50% interest),,6/22/2006,0,601
159,Business Services,"IronPlanet, Inc.",Online auction platform provider for used heavy equipment,"First lien senior secured revolving loan ($5,000 par due 9/2015)",8.00%,9/24/2013,5000,5000
160,Business Services,"IronPlanet, Inc.",,"First lien senior secured loan ($7,153 par due 7/2017)",9.25%,9/24/2013,6886,7153
161,Business Services,"IronPlanet, Inc.",,"Warrant to purchase to up to 133,333 shares of Series C preferred stock",,9/24/2013,214,249
162,Business Services,"Itel Laboratories, Inc.",Data services provider for building materials to the property insurance industry,"Preferred units (1,798,391 units)",,6/29/2012,1000,1293
163,Business Services,"Keynote Systems, Inc. and Hawaii Ultimate Parent Corp., Inc.",Web and mobile cloud performance testing and monitoring services provider,"First lien senior secured loan ($182,345 par due 2/2020)",9.50% (Libor + 8.50%/Q),8/22/2013,182345,182345
164,Business Services,"Keynote Systems, Inc. and Hawaii Ultimate Parent Corp., Inc.",,"Class A common stock (2,970 shares)",,8/22/2013,2970,4496
165,Business Services,"Keynote Systems, Inc. and Hawaii Ultimate Parent Corp., Inc.",,"Class B common stock (1,956,522 shares)",,8/22/2013,30,45
166,Business Services,"Market Track Holdings, LLC",Business media consulting services company,"Preferred stock (1,500 shares)",,12/13/2013,1982,2191
167,Business Services,"Market Track Holdings, LLC",,"Common stock (15,000 shares)",,12/13/2013,1982,2191
168,Business Services,"Maximus Holdings, LLC",Provider of software simulation tools and related services,"Warrants to purchase up to 1,050,013 shares of common stock",,12/13/2013,0,643
169,Business Services,"Multi-Ad Services, Inc. (6)",Marketing services and software provider,"Preferred units (1,725,280 units)",,4/1/2010,788,2185
170,Business Services,"Multi-Ad Services, Inc. (6)",,"Common units (1,725,280 units)",,4/1/2010,0,0
171,Business Services,"MVL Group, Inc. (7)",Marketing research provider,Senior subordinated loan ($226 par due 7/2012),,4/1/2010,226,226
172,Business Services,"MVL Group, Inc. (7)",,"Common stock (560,716 shares)",,4/1/2010,0,0
173,Business Services,"NComputing, Inc.",Desktop virtualization hardware and software technology service provider,"Warrant to purchase up to 462,726 shares of Series C preferred stock",,3/20/2013,0,23
174,Business Services,"OpenSky Project, Inc.",Social commerce platform operator,"First lien senior secured loan ($3,000 par due 9/2017)",10.00%,6/4/2014,2957,3000
175,Business Services,"OpenSky Project, Inc.",,"Warrant to purchase up to 46,996 shares of Series D preferred stock",,6/4/2014,48,48
176,Business Services,"PHL Investors, Inc., and PHL Holding Co. (7)",Mortgage services,Class A common stock (576 shares),,7/31/2012,3768,0
177,Business Services,"Powersport Auctioneer Holdings, LLC",Powersport vehicle auction operator,"Common units (1,972 units)",,3/2/2012,1000,1102
178,Business Services,"PSSI Holdings, LLC",Provider of mission-critical outsourced cleaning and sanitation services to the food processing industry,First lien senior secured loan ($946 par due 6/2018),6.00% (Libor + 5.00%/S),8/7/2013,946,946
179,Business Services,R2 Acquisition Corp.,Marketing services,"Common stock (250,000 shares)",,5/29/2007,250,179
180,Business Services,"Rainstor, Inc.",Database solution provider designed to manage Big Data for large enterprises,"First lien senior secured loan ($1,900 par due 4/2016)",11.25%,3/28/2013,1869,1662
181,Business Services,"Rainstor, Inc.",,"Warrant to purchase up to 142,210 shares of Series C preferred stock",,3/28/2013,88,0
182,Business Services,Rocket Fuel Inc.,Provider of open and integrated software for digital marketing optimization,"Common stock (79,396 units)",,9/9/2014,278,1165
183,Business Services,Ship Investor & Cy S.C.A. (8),Payment processing company,"Common stock (936,693 shares)",,12/13/2013,1729,3032
184,Business Services,Summit Business Media Parent Holding Company LLC,Business media consulting services,Limited liability company membership interest (45.98% interest),,5/20/2011,0,697
185,Business Services,"Tripwire, Inc.",IT security software provider,"First lien senior secured loan ($84,738 par due 5/2018)",7.00% (Libor + 5.75%/Q),5/23/2011,84738,84738
186,Business Services,"Tripwire, Inc.",,"First lien senior secured loan ($49,750 par due 5/2018)",7.00% (Libor + 5.75%/Q),5/23/2011,49750,49750
187,Business Services,"Tripwire, Inc.",,"First lien senior secured loan ($9,950 par due 5/2018)",7.00% (Libor + 5.75%/Q),5/23/2011,9950,9950
188,Business Services,"Tripwire, Inc.",,"Class A common stock (2,970 shares)",,5/23/2011,2970,9740
189,Business Services,"Tripwire, Inc.",,"Class B common stock (2,655,638 shares)",,5/23/2011,30,98
190,Business Services,Velocity Holdings Corp.,Hosted enterprise resource planning application management services provider,"Common units (1,713,546 units)",,12/13/2013,4503,3445
191,Business Services,"Venturehouse-Cibernet Investors, LLC",Financial settlement services for intercarrier wireless roaming,Equity interest,,4/1/2010,0,0
192,Business Services,"VSS-Tranzact Holdings, LLC (6)",Management consulting services,Common membership interest (5.98% interest),,10/26/2007,10204,15261
193,Business Services,"VSS-Tranzact Holdings, LLC (6)",,,,,597218,601926
194,Education,"American Academy Holdings, LLC","Provider of education, training, certification, networking, and consulting services to medical coders and other healthcare professionals","First lien senior secured loan ($23,425 par due 6/2019)",7.00% (Libor + 6.00%/Q),6/27/2014,23425,23425
195,Education,"American Academy Holdings, LLC",,"First lien senior secured loan ($14,615 par due 6/2019)",4.00% (Libor + 3.00%/Q),6/27/2014,14615,14615
196,Education,"American Academy Holdings, LLC",,"First lien senior secured loan ($52,039 par due 6/2019)",4.00% (Libor + 3.00%/Q),6/27/2014,52039,52039
197,Education,"American Academy Holdings, LLC",,"First lien senior secured loan ($4,280 par due 6/2019)",7.00% (Libor + 6.00%/Q),6/27/2014,4280,4280
198,Education,Campus Management Corp. and Campus Management Acquisition Corp. (6),Education software developer,"Preferred stock (485,159 shares)",,2/8/2008,10520,9290
199,Education,"ELC Acquisition Corp., ELC Holdings Corporation, and Excelligence Learning Corporation (6)","Developer, manufacturer and retailer of educational products","Preferred stock (99,492 shares)",12.00% PIK,8/1/2011,11358,11358
200,Education,"ELC Acquisition Corp., ELC Holdings Corporation, and Excelligence Learning Corporation (6)",,"Common stock (50,800 shares)",,8/1/2011,0,177
201,Education,"Infilaw Holding, LLC",Operator of for-profit law schools,First lien senior secured revolving loan,,8/25/2011,0,0
202,Education,"Infilaw Holding, LLC",,"First lien senior secured loan ($14,148 par due 8/2016)",9.50% (Libor + 8.50%/Q),8/25/2011,14148,14148
203,Education,"Infilaw Holding, LLC",,"Series A preferred units (124,890 units)",9.50% (Libor + 8.50%/Q),8/25/2011,124890,124890
204,Education,"Infilaw Holding, LLC",,Series B preferred stock (3.91 units),,10/19/2012,9245,12366
205,Education,"Instituto de Banca y Comercio, Inc. & Leeds IV Advisors, Inc.",Private school operator,"First lien senior secured loan ($57,620 par due 12/2016)",,4/24/2013,53340,46144
206,Education,"Instituto de Banca y Comercio, Inc. & Leeds IV Advisors, Inc.",,"Series B preferred stock (1,750,000 shares)",,8/5/2010,5000,0
207,Education,"Instituto de Banca y Comercio, Inc. & Leeds IV Advisors, Inc.",,"Series C preferred stock (2,512,586 shares)",,6/7/2010,689,0
208,Education,"Instituto de Banca y Comercio, Inc. & Leeds IV Advisors, Inc.",,Common stock (20 shares),,6/7/2010,0,0
209,Education,"Lakeland Tours, LLC",Educational travel provider,"First lien senior secured revolving loan ($18,000 par due 1/2017)",5.25% (Libor + 4.25%/Q),10/4/2011,18000,18000
210,Education,"Lakeland Tours, LLC",,"First lien senior secured loan ($1,522 par due 1/2017)",5.25% (Libor + 4.25%/Q),10/4/2011,1521,1522
211,Education,"Lakeland Tours, LLC",,"First lien senior secured loan ($82,989 par due 1/2017)",8.50% (Libor + 7.50%/Q),10/4/2011,82940,82989
212,Education,"Lakeland Tours, LLC",,"First lien senior secured loan ($7,292 par due 1/2017)",5.25% (Libor + 4.25%/Q),10/4/2011,7280,7292
213,Education,"Lakeland Tours, LLC",,"First lien senior secured loan ($40,362 par due 1/2017)",8.50% (Libor + 7.50%/Q),10/4/2011,40297,40362
214,Education,"Lakeland Tours, LLC",,"Common stock (5,000 shares)",,10/4/2011,5000,5341
215,Education,PIH Corporation,Franchisor of education-based early childhood centers,First lien senior secured revolving loan ($621 par due 6/2016),7.25% (Libor + 6.25%/M),12/13/2013,621,621
216,Education,PIH Corporation,,"First lien senior secured loan ($36,794 par due 6/2016)",7.25% (Libor + 6.25%/M),12/13/2013,37543,36794
217,Education,"R3 Education, Inc. and EIC Acquisitions Corp.",Medical school operator,"Preferred stock (8,800 shares)",,7/30/2008,2200,3000
218,Education,"R3 Education, Inc. and EIC Acquisitions Corp.",,Common membership interest (26.27% interest),,9/21/2007,15800,24277
219,Education,"R3 Education, Inc. and EIC Acquisitions Corp.",,"Warrants to purchase up to 27,890 shares",,12/8/2009,0,0
220,Education,"Regent Education, Inc.",Provider of software solutions designed to optimize the financial aid and enrollment processes,"First lien senior secured loan ($3,000 par due 1/2018)",10.00%,7/1/2014,2929,2910
221,Education,"Regent Education, Inc.",,"Warrant to purchase up to 987,771 shares of Series CC preferred stock",,7/1/2014,0,79
222,Education,"RuffaloCODY, LLC",Provider of student fundraising and enrollment management services,First lien senior secured revolving loan ($346 par due 5/2019),5.57% (Libor + 4.32%/Q),5/29/2013,346,346
223,Education,"RuffaloCODY, LLC",,"First lien senior secured loan ($2,040 par due 5/2019)",5.57% (Libor + 4.32%/Q),5/29/2013,2040,2040
224,Education,"RuffaloCODY, LLC",,"First lien senior secured loan ($29,550 par due 5/2019)",5.57% (Libor + 4.32%/Q),5/29/2013,29550,29550
225,Education,"RuffaloCODY, LLC",,"First lien senior secured loan ($3,710 par due 5/2019)",5.57% (Libor + 4.32%/Q),5/29/2013,3710,3710
226,Education,"RuffaloCODY, LLC",,"First lien senior secured loan ($8,028 par due 5/2019)",5.57% (Libor + 4.32%/Q),5/29/2013,8028,8028
227,Education,"RuffaloCODY, LLC",,,,,581354,579593
228,Consumer Products- Non-durable,"Feradyne Outdoors, LLC and Bowhunter Holdings, LLC",Provider of branded archery and bowhunting accessories,"First lien senior secured loan ($50,100 par due 3/2019)",6.55% (Libor + 5.55%/Q),4/24/2014,50100,49660
229,Consumer Products- Non-durable,"Feradyne Outdoors, LLC and Bowhunter Holdings, LLC",,"First lien senior secured loan ($7,001 par due 3/2019)",4.00% (Libor + 3.00%/Q),4/24/2014,7001,6940
230,Consumer Products- Non-durable,"Feradyne Outdoors, LLC and Bowhunter Holdings, LLC",,Common units (300 units),,4/24/2014,3000,2277
231,Consumer Products- Non-durable,"Gilchrist & Soames, Inc.",Personal care manufacturer,"First lien senior secured revolving loan ($8,150 par due 12/2014)",6.25% (Libor + 5.00%/M),4/1/2010,8150,8150
232,Consumer Products- Non-durable,"Gilchrist & Soames, Inc.",,First lien senior secured revolving loan ($550 par due 12/2014),6.25% (Libor + 5.00%/M),4/1/2010,550,550
233,Consumer Products- Non-durable,"Gilchrist & Soames, Inc.",,"First lien senior secured loan ($22,851 par due 12/2014)","13.44% Cash, 2.00% PIK",4/1/2010,22851,22622
234,Consumer Products- Non-durable,"Implus Footcare, LLC",Provider of footwear and other accessories,Preferred stock (455 shares),6.00% PIK,10/31/2011,4669,4669
235,Consumer Products- Non-durable,"Implus Footcare, LLC",,Common stock (455 shares),,10/31/2011,0,1088
236,Consumer Products- Non-durable,Indra Holdings Corp.,"Designer, marketer, and distributor of rain and cold weather products","Second lien senior secured loan ($80,000 par due 11/2021)",8.50% (Libor + 7.50%/Q),5/1/2014,78770,80000
237,Consumer Products- Non-durable,"Matrixx Initiatives, Inc. and Wonder Holdings Acquisition Corp.",Developer and marketer of OTC healthcare products,"Warrants to purchase up to 1,489 shares of preferred stock",,7/27/2011,0,1214
238,Consumer Products- Non-durable,"Matrixx Initiatives, Inc. and Wonder Holdings Acquisition Corp.",,"Warrants to purchase up to 1,654,678 shares of common stock",,7/27/2011,0,3
239,Consumer Products- Non-durable,"Oak Parent, Inc.",Manufacturer of athletic apparel,"First lien senior secured loan ($30,862 par due 4/2018)",7.50% (Libor + 7.00%/Q),4/2/2012,30770,30862
240,Consumer Products- Non-durable,"Oak Parent, Inc.",,First lien senior secured loan ($81 par due 4/2018),9.25% (Base Rate + 6.00%/Q),4/2/2012,81,81
241,Consumer Products- Non-durable,"Oak Parent, Inc.",,"First lien senior secured loan ($8,722 par due 4/2018)",7.50% (Libor + 7.00%/Q),4/2/2012,8696,8722
242,Consumer Products- Non-durable,"Oak Parent, Inc.",,First lien senior secured loan ($23 par due 4/2018),9.25% (Base Rate + 6.00%/Q),4/2/2012,23,23
243,Consumer Products- Non-durable,"PG-ACP Co-Invest, LLC","Supplier of medical uniforms, specialized medical footwear and accessories","Class A membership units (1,000,0000 units)",,8/29/2012,1000,2059
244,Consumer Products- Non-durable,"Shock Doctor, Inc. and BRP Hold 14, LLC","Developer, marketer and distributor of sports protection equipment and accessories",First lien senior secured revolving loan ($315 par due 3/2020),10.00% (Base Rate + 6.75%/Q),3/14/2014,315,315
245,Consumer Products- Non-durable,"Shock Doctor, Inc. and BRP Hold 14, LLC",,"First lien senior secured loan ($32,627 par due 3/2020)",8.75% (Libor + 7.75%/Q),3/14/2014,32627,32627
246,Consumer Products- Non-durable,"Shock Doctor, Inc. and BRP Hold 14, LLC",,"First lien senior secured loan ($53,865 par due 3/2020)",8.75% (Libor + 7.75%/Q),3/14/2014,53865,53865
247,Consumer Products- Non-durable,"Shock Doctor, Inc. and BRP Hold 14, LLC",,"Class A preferred units (50,000 units)",,3/14/2014,5000,5123
248,Consumer Products- Non-durable,"The Step2 Company, LLC (7)",Toy manufacturer,"Second lien senior secured loan ($26,896 par due 9/2019)",10.00%,4/1/2010,26706,26896
249,Consumer Products- Non-durable,"The Step2 Company, LLC (7)",,"Second lien senior secured loan ($35,833 par due 9/2019)",,4/1/2010,30802,7665
250,Consumer Products- Non-durable,"The Step2 Company, LLC (7)",,"Second lien senior secured loan ($4,500 par due 9/2019)",10.00%,3/13/2014,4500,4500
251,Consumer Products- Non-durable,"The Step2 Company, LLC (7)",,"Common units (1,116,879 units)",,4/1/2010,24,0
252,Consumer Products- Non-durable,"The Step2 Company, LLC (7)",,"Warrants to purchase up to 3,157,895 units",,4/1/2010,0,0
253,Consumer Products- Non-durable,"The Thymes, LLC (7)",Cosmetic products manufacturer,"Preferred units (6,283 units)",,6/21/2007,4014,3590
254,Consumer Products- Non-durable,"The Thymes, LLC (7)",,"Common units (5,400 units)",,6/21/2007,0,9446
255,Consumer Products- Non-durable,Woodstream Corporation,Pet products manufacturer,"First lien senior secured loan ($4,817 par due 8/2016)",6.00% (Libor + 5.00%/Q),4/18/2012,4817,4817
256,Consumer Products- Non-durable,Woodstream Corporation,,First lien senior secured loan ($12 par due 8/2016),7.00% (Base Rate + 3.75%/Q),4/18/2012,12,12
257,Consumer Products- Non-durable,Woodstream Corporation,,"Senior subordinated loan ($80,000 par due 2/2017)",11.50% (11.50%/Q),4/18/2012,77964,80000
258,Consumer Products- Non-durable,Woodstream Corporation,,"Common stock (4,254 shares)",,1/22/2010,1222,2336
259,Consumer Products- Non-durable,Woodstream Corporation,,,,,457529,450112
260,Financial Services,"AllBridge Financial, LLC (7)",Asset management services,Equity interests,,4/1/2010,1140,5839
261,Financial Services,Callidus Capital Corporation (7),Asset management services,Common stock (100 shares),,4/1/2010,3000,1727
262,Financial Services,Ciena Capital LLC (7),Real estate and small business loan servicer,"First lien senior secured revolving loan ($14,000 par due 12/2014)",6.00%,11/29/2010,14000,14000
263,Financial Services,Ciena Capital LLC (7),,"First lien senior secured loan ($22,000 par due 12/2016)",12.00%,11/29/2010,22000,22000
264,Financial Services,Ciena Capital LLC (7),,Equity interests,,11/29/2010,53375,20343
265,Financial Services,"Commercial Credit Group, Inc.",Commercial equipment finance and leasing company,"Senior subordinated loan ($28,000 par due 5/2018)",12.75%,5/10/2012,28000,28000
266,Financial Services,"Cook Inlet Alternative Risk, LLC",Risk management services,"Senior subordinated loan ($1,000 par due 9/2015)",9.00%,9/30/2011,1000,1000
267,Financial Services,Gordian Acquisition Corp.,Financial services firm,Common stock (526 shares),,11/30/2012,0,0
268,Financial Services,Imperial Capital Group LLC,Investment services,"Class A common units (23,130 units)",,5/10/2007,11248,15781
269,Financial Services,Imperial Capital Group LLC,,"2006 Class B common units (7,578 units)",,5/10/2007,2,4
270,Financial Services,Imperial Capital Group LLC,,2007 Class B common units (945 units),,5/10/2007,0,0
271,Financial Services,"Ivy Hill Asset Management, L.P. (7)(9)",Asset management services,Member interest (100.00% interest),,6/15/2009,170961,258883
272,Financial Services,"Javlin Three LLC, Javlin Four LLC, and Javlin Five LLC (9)",Asset-backed financial services company,"First lien senior secured revolving loan ($40,800 par due 6/2017)",8.41% (Libor + 8.25%/M),6/24/2014,40800,40800
273,Financial Services,"Javlin Three LLC, Javlin Four LLC, and Javlin Five LLC (9)",,,,,345526,408377
274,Manufacturing,Cambrios Technologies Corporation,Nanotechnology-based solutions for electronic devices and computers,"First lien senior secured loan ($1,667 par due 8/2015)",12.00%,8/7/2012,1667,1667
275,Manufacturing,Cambrios Technologies Corporation,,"Warrants to purchase up to 400,000 shares of Series D-4 convertible preferred stock",,8/7/2012,0,13
276,Manufacturing,"Component Hardware Group, Inc.",Commercial equipment,"First lien senior secured loan ($8,164 par due 7/2019)",5.25% (Libor + 4.25%/Q),7/1/2013,8164,8164
277,Manufacturing,"Harvey Tool Company, LLC and Harvey Tool Holding, LLC",Cutting tool provider to the metalworking industry,"First lien senior secured loan ($24,875 par due 3/2020)",5.75% (Libor + 4.75%/Q),3/28/2014,24875,24875
278,Manufacturing,"Harvey Tool Company, LLC and Harvey Tool Holding, LLC",,First lien senior secured loan ($62 par due 3/2020),7.00% (Base Rate + 3.75%/Q),3/28/2014,62,62
279,Manufacturing,"Harvey Tool Company, LLC and Harvey Tool Holding, LLC",,Class A membership units (750 units),,3/28/2014,750,905
280,Manufacturing,"Ioxus, Inc.",Energy storage devices,"First lien senior secured loan ($10,000 par due 11/2017)",9.00%,4/29/2014,9645,10000
281,Manufacturing,"Ioxus, Inc.",,"Warrant to purchase up to 538,314 shares of Series C preferred stock",,4/29/2014,0,0
282,Manufacturing,Mac Lean-Fogg Company,Provider of intelligent transportation systems products in the traffic and rail industries,"Senior subordinated loan ($101,380 par due 10/2023)","9.50% Cash, 1.50% PIK",10/31/2013,101380,101380
283,Manufacturing,"MWI Holdings, Inc.","Engineered springs, fasteners, and other precision components","First lien senior secured loan ($38,274 par due 3/2019)",9.38% (Libor + 8.13%/Q),6/15/2011,38274,38274
284,Manufacturing,"MWI Holdings, Inc.",,"First lien senior secured loan ($10,000 par due 3/2019)",9.38% (Libor + 8.13%/Q),6/15/2011,10000,10000
285,Manufacturing,"NetShape Technologies, Inc.",Metal precision engineered components,First lien senior secured revolving loan ($972 par due 12/2014),7.50% (Libor + 6.50%/Q),4/1/2010,972,972
286,Manufacturing,Niagara Fiber Intermediate Corp.,Insoluble fiber filler products,First lien senior secured revolving loan ($933 par due 5/2018),7.75% (Base Rate + 4.50%/M),5/8/2014,916,933
287,Manufacturing,Niagara Fiber Intermediate Corp.,,"First lien senior secured loan ($15,541 par due 5/2018)",6.75% (Libor + 5.50%/M),5/8/2014,15400,15541
288,Manufacturing,"Pelican Products, Inc.",Flashlights,"Second lien senior secured loan ($40,000 par due 4/2021)",9.25% (Libor + 8.25%/Q),4/11/2014,39945,40000
289,Manufacturing,"Protective Industries, Inc. dba Caplugs",Plastic protection products,First lien senior secured loan ($990 par due 10/2019),6.25% (Libor + 5.25%/M),11/30/2012,990,990
290,Manufacturing,"Protective Industries, Inc. dba Caplugs",,"Preferred stock (2,379,361 shares)",,5/23/2011,1298,6469
291,Manufacturing,Saw Mill PCG Partners LLC,Metal precision engineered components manufacturer,"Common units (1,000 units)",,1/30/2007,1000,0
292,Manufacturing,"SI Holdings, Inc.","Elastomeric parts, mid-sized composite structures, and composite tooling","Common stock (1,500 shares)",,5/30/2014,1500,1726
293,Manufacturing,TPTM Merger Corp.,Time temperature indicator products,"First lien senior secured loan ($15,790 par due 9/2018)",6.25% (Libor + 5.25%/Q),9/12/2013,15790,15790
294,Manufacturing,TPTM Merger Corp.,,"First lien senior secured loan ($9,950 par due 9/2018)",6.25% (Libor + 5.25%/Q),9/12/2013,9950,9950
295,Manufacturing,TPTM Merger Corp.,,,,,282578,287711
296,Restaurants and Food Services,"ADF Capital, Inc., ADF Restaurant Group, LLC, and ARG Restaurant Holdings, Inc.",Restaurant owner and operator,"First lien senior secured loan ($28,581 par due 12/2018)",9.25% (Libor + 8.25%/Q),11/27/2006,28581,27724
297,Restaurants and Food Services,"ADF Capital, Inc., ADF Restaurant Group, LLC, and ARG Restaurant Holdings, Inc.",,"First lien senior secured loan ($10,919 par due 12/2018)",9.25% (Libor + 8.25%/Q),11/27/2006,10922,10591
298,Restaurants and Food Services,"ADF Capital, Inc., ADF Restaurant Group, LLC, and ARG Restaurant Holdings, Inc.",,"Promissory note ($18,225 par due 12/2018)",,11/27/2006,13770,7462
299,Restaurants and Food Services,"ADF Capital, Inc., ADF Restaurant Group, LLC, and ARG Restaurant Holdings, Inc.",,"Warrants to purchase up to 23,750 units of Series D common stock",,12/18/2013,24,0
300,Restaurants and Food Services,"Benihana, Inc.",Restaurant owner and operator,First lien senior secured loan ($306 par due 1/2019),7.50% (Base Rate + 4.25%/Q),8/21/2012,306,306
301,Restaurants and Food Services,"Benihana, Inc.",,"First lien senior secured loan ($4,583 par due 1/2019)",6.75% (Libor + 5.50%/Q),8/21/2012,4583,4583
302,Restaurants and Food Services,Garden Fresh Restaurant Corp.,Restaurant owner and operator,First lien senior secured revolving loan,,10/3/2013,0,0
303,Restaurants and Food Services,Garden Fresh Restaurant Corp.,,"First lien senior secured loan ($42,602 par due 7/2018)",10.00% (Libor + 8.50%/M),10/3/2013,42602,42602
304,Restaurants and Food Services,"Hojeij Branded Foods, Inc.",Airport restaurant operator,First lien senior secured revolving loan ($450 par due 2/2017),9.00% (Libor + 8.00%/Q),2/15/2012,450,450
305,Restaurants and Food Services,"Hojeij Branded Foods, Inc.",,"First lien senior secured loan ($30,612 par due 2/2017)",9.00% (Libor + 8.00%/Q),2/15/2012,30260,30612
306,Restaurants and Food Services,"Hojeij Branded Foods, Inc.",,Warrants to purchase up to 7.5% of membership interest,,2/15/2012,0,434
307,Restaurants and Food Services,"Hojeij Branded Foods, Inc.",,Warrants to purchase up to 324 shares of Class A common stock,,2/15/2012,669,6249
308,Restaurants and Food Services,"Orion Foods, LLC (fka Hot Stuff Foods, LLC) (7)",Convenience food service retailer,"First lien senior secured revolving loan ($2,016 par due 9/2015)",10.75% (Base Rate + 7.50%/M),4/1/2010,2016,1837
309,Restaurants and Food Services,"Orion Foods, LLC (fka Hot Stuff Foods, LLC) (7)",,"First lien senior secured loan ($32,478 par due 9/2015)",10.00% (Libor + 8.50%/Q),4/1/2010,32478,29591
310,Restaurants and Food Services,"Orion Foods, LLC (fka Hot Stuff Foods, LLC) (7)",,"Second lien senior secured loan ($19,420 par due 9/2015)",,4/1/2010,0,0
311,Restaurants and Food Services,"Orion Foods, LLC (fka Hot Stuff Foods, LLC) (7)",,"Preferred units (10,000 units)",,10/28/2010,0,0
312,Restaurants and Food Services,"Orion Foods, LLC (fka Hot Stuff Foods, LLC) (7)",,"Class A common units (25,001 units)",,4/1/2010,0,0
313,Restaurants and Food Services,"Orion Foods, LLC (fka Hot Stuff Foods, LLC) (7)",,"Class B common units (1,122,452 units)",,4/1/2010,0,0
314,Restaurants and Food Services,"OTG Management, LLC",Airport restaurant operator,"First lien senior secured loan ($45,200 par due 12/2017)",8.75% (Libor + 7.25%/M),12/11/2012,45200,45200
315,Restaurants and Food Services,"OTG Management, LLC",,"Common units (3,000,000 units)",,1/5/2011,3000,2186
316,Restaurants and Food Services,"OTG Management, LLC",,Warrants to purchase up to 7.73% of common units,,6/19/2008,100,4360
317,Restaurants and Food Services,"Papa Murphys Holdings, Inc.",Restaurant owner and operator,"Common stock (147,983 shares)",,12/13/2013,1065,1509
318,Restaurants and Food Services,"Performance Food Group, Inc. and Wellspring Distribution Corp",Food service distributor,"Second lien senior secured loan ($24,389 par due 11/2019)",6.25% (Libor + 5.25%/Q),5/14/2013,24291,24389
319,Restaurants and Food Services,"Performance Food Group, Inc. and Wellspring Distribution Corp",,"Class A non-voting common stock (1,366,120 shares)",,5/3/2008,6303,9060
320,Restaurants and Food Services,"Restaurant Holding Company, LLC",Fast food restaurant operator,"First lien senior secured loan ($37,406 par due 2/2019)",8.75% (Libor + 7.75%/M),3/13/2014,37071,35162
321,Restaurants and Food Services,S.B. Restaurant Company,Restaurant owner and operator,"Preferred stock (46,690 shares)",,4/1/2010,0,0
322,Restaurants and Food Services,S.B. Restaurant Company,,"Warrants to purchase up to 257,429 shares of common stock",,4/1/2010,0,0
323,Restaurants and Food Services,S.B. Restaurant Company,,,,,283691,284307
324,Containers-Packaging,"GS Pretium Holdings, Inc.",Manufacturer and supplier of high performance plastic containers,"Common stock (500,000 shares)",,6/2/2014,500,442
325,Containers-Packaging,"ICSH, Inc.","Industrial container manufacturer, reconditioner and servicer",First lien senior secured revolving loan,,8/31/2011,0,0
326,Containers-Packaging,"ICSH, Inc.",,"First lien senior secured loan ($49,513 par due 8/2016)",7.00% (Libor + 6.00%/Q),8/31/2011,49522,49513
327,Containers-Packaging,"ICSH, Inc.",,"First lien senior secured loan ($53,656 par due 8/2016)",7.00% (Libor + 6.00%/Q),8/31/2011,53656,53656
328,Containers-Packaging,"Microstar Logistics LLC, Microstar Global Asset Management LLC, and MStar Holding Corporation",Keg management solutions provider,"Second lien senior secured loan ($142,500 par due 12/2018)",8.50% (Libor + 7.50%/Q),12/14/2012,142500,142500
329,Containers-Packaging,"Microstar Logistics LLC, Microstar Global Asset Management LLC, and MStar Holding Corporation",,"Common stock (50,000 shares)",,12/14/2012,3951,6600
330,Containers-Packaging,"Microstar Logistics LLC, Microstar Global Asset Management LLC, and MStar Holding Corporation",,,,,250129,252711
331,Hotel Services,Castle Management Borrower LLC,Hotel operator,"First lien senior secured revolving loan ($4,995 par due 9/2020)",7.50% (Libor + 6.50%/Q),9/18/2014,4995,4995
332,Hotel Services,Castle Management Borrower LLC,,"First lien senior secured loan ($155,000 par due 9/2020)",7.50% (Libor + 6.50%/Q),9/18/2014,155000,155000
333,Hotel Services,Castle Management Borrower LLC,,,,,159995,159995
334,Aerospace and Defense,"Cadence Aerospace, LLC (fka PRV Aerospace, LLC)",Aerospace precision components manufacturer,"First lien senior secured loan ($4,425 par due 5/2018)",6.50% (Libor + 5.25%/Q),5/15/2012,4397,4425
335,Aerospace and Defense,"Cadence Aerospace, LLC (fka PRV Aerospace, LLC)",,"Second lien senior secured loan ($79,657 par due 5/2019)",10.50% (Libor + 9.25%/Q),5/10/2012,79657,76471
336,Aerospace and Defense,"ILC Industries, LLC",Designer and manufacturer of protective cases and technically advanced lighting systems,"First lien senior secured loan ($29,812 par due 7/2020)",5.75% (Libor + 4.75%/Q),7/15/2014,29812,29812
337,Aerospace and Defense,"ILC Industries, LLC",,"Second lien senior secured loan ($40,000 par due 7/2021)",9.50% (Libor + 8.50%/Q),7/15/2014,40000,40000
338,Aerospace and Defense,"Wyle Laboratories, Inc. and Wyle Holdings, Inc.","Provider of specialized engineering, scientific and technical services",Senior preferred stock (775 shares),8.00% PIK,1/17/2008,118,118
339,Aerospace and Defense,"Wyle Laboratories, Inc. and Wyle Holdings, Inc.",,"Common stock (1,885,195 shares)",,1/17/2008,2291,2264
340,Aerospace and Defense,"Wyle Laboratories, Inc. and Wyle Holdings, Inc.",,,,,156275,153090
341,Retail,Fulton Holdings Corp.,Airport restaurant operator,"First lien senior secured loan ($43,000 par due 5/2018)",8.50%,5/10/2013,43000,43000
342,Retail,Fulton Holdings Corp.,,"First lien senior secured loan ($40,000 par due 5/2018)",8.50%,5/28/2010,40000,40000
343,Retail,Fulton Holdings Corp.,,"Common stock (19,672 shares)",,5/28/2010,1461,2686
344,Retail,"Paper Source, Inc. and Pine Holdings, Inc.",Retailer of fine and artisanal paper products,First lien senior secured revolving loan ($333 par due 9/2018),7.25% (Libor + 6.25%/Q),9/23/2013,333,333
345,Retail,"Paper Source, Inc. and Pine Holdings, Inc.",,First lien senior secured revolving loan ($667 par due 9/2018),7.25% (Libor + 6.25%/Q),9/23/2013,667,667
346,Retail,"Paper Source, Inc. and Pine Holdings, Inc.",,"First lien senior secured loan ($8,885 par due 9/2018)",7.25% (Libor + 6.25%/Q),9/23/2013,8885,8885
347,Retail,"Paper Source, Inc. and Pine Holdings, Inc.",,"First lien senior secured loan ($9,925 par due 9/2018)",7.25% (Libor + 6.25%/Q),9/23/2013,9925,9925
348,Retail,"Paper Source, Inc. and Pine Holdings, Inc.",,"Class A common stock (36,364 shares)",,9/23/2013,6000,7122
349,Retail,"Things Remembered, Inc.",Personalized gifts retailer,"First lien senior secured loan ($14,590 par due 5/2018)",8.25% (Libor + 6.75%/Q),5/24/2012,14590,14007
350,Retail,"Things Remembered, Inc.",,,,,124861,126625
351,Oil and Gas,"Lonestar Prospects, Ltd.",Sand proppant producer and distributor to the oil and natural gas industry,"First lien senior secured loan ($75,000 par due 9/2018)",8.50% (Libor + 7.50%/Q),9/18/2014,75000,75000
352,Oil and Gas,"UL Holding Co., LLC and Universal Lubricants, LLC (6)",Petroleum product manufacturer,"Second lien senior secured loan ($10,904 par due 12/2016)",,4/30/2012,8911,7885
353,Oil and Gas,"UL Holding Co., LLC and Universal Lubricants, LLC (6)",,"Second lien senior secured loan ($2,160 par due 12/2016)",,4/30/2012,1753,1562
354,Oil and Gas,"UL Holding Co., LLC and Universal Lubricants, LLC (6)",,"Second lien senior secured loan ($49,466 par due 12/2016)",,4/30/2012,40134,35771
355,Oil and Gas,"UL Holding Co., LLC and Universal Lubricants, LLC (6)",,"Class A common units (10,782 units)",,6/17/2011,1512,0
356,Oil and Gas,"UL Holding Co., LLC and Universal Lubricants, LLC (6)",,"Class B-5 common units (599,200 units)",,6/17/2011,5472,0
357,Oil and Gas,"UL Holding Co., LLC and Universal Lubricants, LLC (6)",,"Class B-4 common units (50,000 units)",,4/25/2008,500,0
358,Oil and Gas,"UL Holding Co., LLC and Universal Lubricants, LLC (6)",,"Class C common units (618,091 units)",,4/25/2008,0,0
359,Oil and Gas,"UL Holding Co., LLC and Universal Lubricants, LLC (6)",,"Warrant to purchase up to 422,852 shares of Class A units",,5/2/2014,0,0
360,Oil and Gas,"UL Holding Co., LLC and Universal Lubricants, LLC (6)",,"Warrant to purchase up to 16,856 shares of Class B-1 units",,5/2/2014,0,0
361,Oil and Gas,"UL Holding Co., LLC and Universal Lubricants, LLC (6)",,"Warrant to purchase up to 33,712 shares of Class B-2 units",,5/2/2014,0,0
362,Oil and Gas,"UL Holding Co., LLC and Universal Lubricants, LLC (6)",,"Warrant to purchase up to 17,433 shares of Class B-3 units",,5/2/2014,0,0
363,Oil and Gas,"UL Holding Co., LLC and Universal Lubricants, LLC (6)",,"Warrant to purchase up to 47,265 shares of Class B-5 units",,5/2/2014,0,0
364,Oil and Gas,"UL Holding Co., LLC and Universal Lubricants, LLC (6)",,"Warrant to purchase up to 35,082 shares of Class B-6 units",,5/2/2014,0,0
365,Oil and Gas,"UL Holding Co., LLC and Universal Lubricants, LLC (6)",,"Warrant to purchase up to 615,547 shares of Class C units",,5/2/2014,0,0
366,Oil and Gas,"UL Holding Co., LLC and Universal Lubricants, LLC (6)",,,,,133282,120218
367,Automotive Services,CH Hold Corp,Collision repair company,"First lien senior secured loan ($17,750 par due 11/2019)",5.50% (Libor + 4.75%/Q),7/25/2014,17750,17750
368,Automotive Services,"Driven Brands, Inc. and Driven Holdings, LLC",Automotive aftermarket car care franchisor,First lien senior secured loan ($993 par due 3/2017),6.00% (Libor + 5.00%/Q),12/16/2011,993,993
369,Automotive Services,"Driven Brands, Inc. and Driven Holdings, LLC",,"Preferred stock (247,500 units)",,12/16/2011,2475,3027
370,Automotive Services,"Driven Brands, Inc. and Driven Holdings, LLC",,"Common stock (25,000 units)",,12/16/2011,25,1027
371,Automotive Services,"Eckler Industries, Inc.",Restoration parts and accessories provider for classic automobiles,"First lien senior secured revolving loan ($4,900 par due 7/2017)",8.25% (Base Rate + 5.00%/Q),7/12/2012,4900,4900
372,Automotive Services,"Eckler Industries, Inc.",,"First lien senior secured loan ($8,025 par due 7/2017)",7.25% (Libor + 6.00%/Q),7/12/2012,8025,8025
373,Automotive Services,"Eckler Industries, Inc.",,"First lien senior secured loan ($30,124 par due 7/2017)",7.25% (Libor + 6.00%/Q),7/12/2012,30124,30124
374,Automotive Services,"Eckler Industries, Inc.",,"Series A preferred stock (1,800 shares)",,7/12/2012,1800,1464
375,Automotive Services,"Eckler Industries, Inc.",,"Common stock (20,000 shares)",,7/12/2012,200,0
376,Automotive Services,"EcoMotors, Inc.",Engine developer,"First lien senior secured loan ($4,242 par due 10/2016)",10.83%,12/28/2012,4162,4242
377,Automotive Services,"EcoMotors, Inc.",,"First lien senior secured loan ($5,000 par due 6/2017)",10.83%,12/28/2012,4882,5000
378,Automotive Services,"EcoMotors, Inc.",,"First lien senior secured loan ($3,583 par due 7/2016)",10.13%,12/28/2012,3526,3583
379,Automotive Services,"EcoMotors, Inc.",,"Warrant to purchase up to 321,888 shares of Series C preferred stock",,12/28/2012,0,43
380,Automotive Services,"SK SPV IV, LLC",Collision repair site operators,"Series A common stock (12,500 units)",,8/18/2014,625,1998
381,Automotive Services,"SK SPV IV, LLC",,"Series B common stock (12,500 units)",,8/18/2014,625,1998
382,Automotive Services,"TA THI Buyer, Inc. and TA THI Parent, Inc.",Collision repair company,"First lien senior secured loan ($30,000 par due 7/2020)",6.50% (Libor + 5.50%/Q),7/28/2014,30000,30000
383,Automotive Services,"TA THI Buyer, Inc. and TA THI Parent, Inc.",,"Series A Preferred stock (50,000 shares)",,7/28/2014,5000,5000
384,Automotive Services,"TA THI Buyer, Inc. and TA THI Parent, Inc.",,,,,115112,119174
385,Commercial Real Estate Finance,"10th Street, LLC and New 10th Street, LLC (7)",Real estate holding company,"First lien senior secured loan ($25,002 par due 11/2019)","7.00% Cash, 1.00% PIK",3/31/2014,25002,25002
386,Commercial Real Estate Finance,"10th Street, LLC and New 10th Street, LLC (7)",,"Senior subordinated loan ($26,897 par due 11/2019)","7.00% Cash, 1.00% PIK",4/1/2010,26897,26897
387,Commercial Real Estate Finance,"10th Street, LLC and New 10th Street, LLC (7)",,Member interest (10.00% interest),,4/1/2010,594,54476
388,Commercial Real Estate Finance,"10th Street, LLC and New 10th Street, LLC (7)",,"Option (25,000 units)",,4/1/2010,25,25
389,Commercial Real Estate Finance,"American Commercial Coatings, Inc.",Real estate property,"Commercial mortgage loan ($1,947 par due 12/2025)",8.75% (Libor + 7.25%/Q),4/1/2010,568,1220
390,Commercial Real Estate Finance,"Cleveland East Equity, LLC",Hotel operator,Real estate equity interests,,4/1/2010,26,3310
391,Commercial Real Estate Finance,"Commons R-3, LLC",Real estate developer,Real estate equity interests,,4/1/2010,0,0
392,Commercial Real Estate Finance,"Crescent Hotels & Resorts, LLC and affiliates (7)",Hotel operator,"Senior subordinated loan ($2,236 par due 9/2011)",,4/1/2010,0,0
393,Commercial Real Estate Finance,"Crescent Hotels & Resorts, LLC and affiliates (7)",,Common equity interest,,4/1/2010,0,0
394,Commercial Real Estate Finance,"NPH, Inc.",Hotel property,Real estate equity interests,,4/1/2010,2291,2533
395,Commercial Real Estate Finance,"NPH, Inc.",,,,,55403,113463
396,Chemicals,"Argotec, LLC",Thermoplastic polyurethane films,"First lien senior secured revolving loan ($1,887 par due 5/2018)",7.00% (Base Rate + 3.75%/M),5/31/2013,1887,1887
397,Chemicals,"Argotec, LLC",,"First lien senior secured loan ($18,475 par due 5/2019)",5.75% (Libor + 4.75%/M),5/31/2013,18475,18475
398,Chemicals,"K2 Pure Solutions Nocal, L.P.",Chemical producer,"First lien senior secured revolving loan ($4,256 par due 8/2019)",8.13% (Libor + 7.13%/M),8/19/2013,4256,4171
399,Chemicals,"K2 Pure Solutions Nocal, L.P.",,"First lien senior secured loan ($21,366 par due 8/2019)",7.00% (Libor + 6.00%/M),8/19/2013,21366,20938
400,Chemicals,"K2 Pure Solutions Nocal, L.P.",,"First lien senior secured loan ($39,750 par due 8/2019)",7.00% (Libor + 6.00%/M),8/19/2013,39750,38955
401,Chemicals,"K2 Pure Solutions Nocal, L.P.",,"First lien senior secured loan ($19,875 par due 8/2019)",7.00% (Libor + 6.00%/M),8/19/2013,19875,19477
402,Chemicals,"Liquid Light, Inc.",Developer and licensor of process technology for the conversion of carbon dioxide into major chemicals,"First lien senior secured loan ($3,000 par due 11/2017)",10.00%,8/13/2014,2925,2925
403,Chemicals,"Liquid Light, Inc.",,"Warrant to purchase up to 86,009 shares of Series B preferred stock",,8/13/2014,77,77
404,Chemicals,"Liquid Light, Inc.",,,,,108611,106905
405,Telecommunications,"American Broadband Communications, LLC, American Broadband Holding Company, and Cameron Holdings of NC, Inc.",Broadband communication services,Warrants to purchase up to 208 shares,,11/7/2007,0,8516
406,Telecommunications,"American Broadband Communications, LLC, American Broadband Holding Company, and Cameron Holdings of NC, Inc.",,Warrants to purchase up to 200 shares,,9/1/2010,0,4506
407,Telecommunications,EUNetworks Group Limited (8),Broadband bandwidth infrastructure provider,"First lien senior secured loan ($25,071 par due 5/2019)",7.50% (Libor + 6.50%/M),12/13/2013,27554,25321
408,Telecommunications,"Quantance, Inc.",Designer of semiconductor products to the mobile wireless market,"First lien senior secured loan ($3,236 par due 9/2016)",10.25%,8/23/2013,3169,3236
409,Telecommunications,"Quantance, Inc.",,"Warrant to purchase up to 130,432 shares of Series D Preferred Stock",,8/23/2013,74,102
410,Telecommunications,"Startec Equity, LLC (7)",Communication services,Member interest,,4/1/2010,0,0
411,Telecommunications,Wilcon Holdings LLC,Communications infrastructure provider,"Class A common stock (2,000,000 shares)",,12/13/2013,1829,1962
412,Telecommunications,Wilcon Holdings LLC,,,,,32626,43643
413,"Printing, Publishing and Media","Batanga, Inc.",Independent digital media company,"First lien senior secured revolving loan ($4,000 par due 10/2014)",8.50%,10/31/2012,4000,4000
414,"Printing, Publishing and Media","Batanga, Inc.",,"First lien senior secured loan ($3,667 par due 11/2016)",9.60%,10/31/2012,3667,3760
415,"Printing, Publishing and Media","Batanga, Inc.",,"First lien senior secured loan ($3,692 par due 9/2017)",9.60%,10/31/2012,3692,3692
416,"Printing, Publishing and Media","Earthcolor Group, LLC",Printing management services,Limited liability company interests (9.30%),,5/18/2012,0,0
417,"Printing, Publishing and Media","The Teaching Company, LLC and The Teaching Company Holdings, Inc.",Education publications provider,"First lien senior secured loan ($20,562 par due 3/2017)",9.00% (Libor + 7.50%/Q),3/6/2011,20562,20151
418,"Printing, Publishing and Media","The Teaching Company, LLC and The Teaching Company Holdings, Inc.",,"First lien senior secured loan ($9,550 par due 3/2017)",9.00% (Libor + 7.50%/Q),3/6/2011,9550,9359
419,"Printing, Publishing and Media","The Teaching Company, LLC and The Teaching Company Holdings, Inc.",,"Preferred stock (10,663 shares)",,9/29/2006,1066,2593
420,"Printing, Publishing and Media","The Teaching Company, LLC and The Teaching Company Holdings, Inc.",,"Common stock (15,393 shares)",,9/29/2006,3,6
421,"Printing, Publishing and Media","The Teaching Company, LLC and The Teaching Company Holdings, Inc.",,,,,42540,43561
422,Health Clubs,"Athletic Club Holdings, Inc.",Premier health club operator,"First lien senior secured loan ($34,000 par due 3/2019)",7.25% (Libor + 6.00%/M),10/11/2007,34000,34000
423,Health Clubs,"CFW Co-Invest, L.P. and NCP Curves, L.P.",Health club franchisor,"Limited partnership interest (4,152,165 shares)",,7/31/2012,4152,3451
424,Health Clubs,"CFW Co-Invest, L.P. and NCP Curves, L.P.",,"Limited partnership interest (2,218,235 shares)",,7/31/2012,2218,1844
425,Health Clubs,"CFW Co-Invest, L.P. and NCP Curves, L.P.",,,,,40370,39295
426,Transportation,PODS Funding Corp. II,Storage and warehousing,"First lien senior secured loan ($3,929 par due 12/2018)",7.00% (Libor + 6.00%/Q),12/19/13,3929,3929
427,Transportation,PODS Funding Corp. II,,"First lien senior secured loan ($34,119 par due 12/2018)",7.00% (Libor + 6.00%/Q),12/19/13,34119,34119
428,Transportation,"United Road Towing, Inc.",Towing company,Warrants to purchase up to 607 shares,,4/1/2010,0,0
429,Transportation,"United Road Towing, Inc.",,,,,38048,38048
430,Environmental Services,"Genomatica, Inc.",Developer of a biotechnology platform for the production of chemical products,"Warrant to purchase 322,422 shares of Series D preferred stock",,3/28/2013,0,6
431,Environmental Services,"RE Community Holdings II, Inc., Pegasus Community Energy, LLC., and MPH Energy Holdings, LP",Operator of municipal recycling facilities,"Preferred stock (1,000 shares)",,3/1/2011,8839,15
432,Environmental Services,"RE Community Holdings II, Inc., Pegasus Community Energy, LLC., and MPH Energy Holdings, LP",,Limited partnership interest (3.13% interest),,1/8/2014,0,0
433,Environmental Services,"Waste Pro USA, Inc",Waste management services,"Preferred Class A common equity (611,615 shares)",,11/9/2006,12263,30660
434,Environmental Services,"Waste Pro USA, Inc",,,,,21102,30681
435,Housing- Building Materials,"Kinestal Technologies, Inc.","Designer of adaptive, dynamic glass for the commercial and residential markets","First lien senior secured loan ($6,500 par due 8/2017)",10.00%,4/22/2014,6379,6500
436,Housing- Building Materials,"Kinestal Technologies, Inc.",,"Warrant to purchase up to 325,000 shares of Series A preferred stock",,4/22/2014,73,73
437,Housing- Building Materials,"Kinestal Technologies, Inc.",,,,,6452,6573
438,Food and Beverage,Distant Lands Trading Co.,Coffee manufacturer,"Class A common stock (1,294 shares)",,4/1/2010,980,77
439,Food and Beverage,Distant Lands Trading Co.,,"Class A-1 common stock (2,157 shares)",,,0,0
440,Food and Beverage,Distant Lands Trading Co.,,,,,980,77
441,Food and Beverage,Distant Lands Trading Co.,,,,,8600794,8783580
