,0,1,2,3,4,5,6,7,8,9,10,11,12,13,14,15,16,17,18,19,20,21,22,23,24,25,26,27,28,29,30,31,32,33,34,35,36,37,38,39,40
0,,Investment Type,,Spread  Above  Index  (1),,Interest  Rate  (2),,Maturity  Date,,Principal ($) /  Shares  (3),,Amortized Cost,,Percentage  of Net  Assets,,Fair  Value  (4),,,,,,,,,,,,,,,,,,,,,,,,,
1,Investments,,,,,,,,,,,,,,,,,,,,,,,,,,,,,,,,,,,,,,,,
2,Non-controlled/non-affiliate company investments,,,,,,,,,,,,,,,,,,,,,,,,,,,,,,,,,,,,,,,,
3,Debt investments,,,,,,,,,,,,,,,,,,,,,,,,,,,,,,,,,,,,,,,,
4,Aerospace and Defense,,,,,,,,,,,,,,,,,,,,,,,,,,,,,,,,,,,,,,,,
5,"ILC Dover, LP  #",Senior loan,,L + 4.75,(c)(d),,7.63,,12/2023,,,9903,,,,9820,,,1.0,,,,9903,,,,,,,,,,,,,,,,,,
6,NTS Technical Systems  ^*#,One stop,,L + 6.25,(a),,8.60,,06/2021,,22356,,,22153,,,2.3,,,22356,,,,,,,,,,,,,,,,,,,,,
7,NTS Technical Systems  #,One stop,,L + 6.25,(c),,8.87,,06/2021,,3682,,,3645,,,0.4,,,3682,,,,,,,,,,,,,,,,,,,,,
8,NTS Technical Systems  (5),One stop,,L + 6.25,,,N/A  (6),,06/2021,,-,,,(48,,,-,,,-,,,,,,,,,,,,,,,,,,,,,
9,"Tresys Technology Holdings, Inc.  (7)",One stop,,L + 6.75,(a),,9.27,,12/2019,,3899,,,3845,,,0.1,,,780,,,,,,,,,,,,,,,,,,,,,
10,"Tresys Technology Holdings, Inc.  (7)",One stop,,L + 6.75,(a),,9.27,,12/2019,,659,,,658,,,0.1,,,659,,,,,,,,,,,,,,,,,,,,,
11,"Tronair Parent, Inc.  ^",Senior loan,,L + 4.75,(a)(c),,7.56,,09/2023,,365,,,363,,,-,,,351,,,,,,,,,,,,,,,,,,,,,
12,"Tronair Parent, Inc.",Senior loan,,L + 4.50,(a)(c)(f),,7.28,,09/2021,,80,,,79,,,-,,,77,,,,,,,,,,,,,,,,,,,,,
13,Whitcraft LLC  ^*,One stop,,L + 6.25,(c),,9.05,,04/2023,,12407,,,12274,,,1.3,,,12407,,,,,,,,,,,,,,,,,,,,,
14,Whitcraft LLC  ^,One stop,,L + 6.25,(c),,9.05,,04/2023,,194,,,191,,,-,,,194,,,,,,,,,,,,,,,,,,,,,
15,Whitcraft LLC  (5),One stop,,L + 6.25,,,N/A  (6),,04/2023,,-,,,(1,,,-,,,-,,,,,,,,,,,,,,,,,,,,,
16,,,,,,,,,,,53545,,,52979,,,5.2,,,50409,,,,,,,,,,,,,,,,,,,,,
17,Automobile,,,,,,,,,,,,,,,,,,,,,,,,,,,,,,,,,,,,,,,,
18,Dent Wizard International Corporation  #,Senior loan,,L + 4.00,(a),,6.51,,04/2020,,4466,,,4454,,,0.5,,,4466,,,,,,,,,,,,,,,,,,,,,
19,"Grease Monkey International, LLC  ^*",Senior loan,,L + 5.00,(a),,7.52,,11/2022,,4851,,,4804,,,0.5,,,4851,,,,,,,,,,,,,,,,,,,,,
20,"Grease Monkey International, LLC",Senior loan,,L + 5.00,(a),,7.52,,11/2022,,149,,,147,,,-,,,149,,,,,,,,,,,,,,,,,,,,,
21,"Grease Monkey International, LLC",Senior loan,,L + 5.00,(a),,7.52,,11/2022,,105,,,104,,,-,,,105,,,,,,,,,,,,,,,,,,,,,
22,"Grease Monkey International, LLC",Senior loan,,L + 5.00,(a),,7.52,,11/2022,,76,,,75,,,-,,,76,,,,,,,,,,,,,,,,,,,,,
23,"Grease Monkey International, LLC",Senior loan,,L + 5.00,(a)(c),,7.52,,11/2022,,49,,,48,,,-,,,49,,,,,,,,,,,,,,,,,,,,,
24,"Grease Monkey International, LLC",Senior loan,,L + 5.00,(c),,7.47,,11/2022,,12,,,11,,,-,,,12,,,,,,,,,,,,,,,,,,,,,
25,"Power Stop, LLC  #",Senior loan,,L + 4.75,(c),,7.55,,10/2025,,1355,,,1349,,,0.2,,,1349,,,,,,,,,,,,,,,,,,,,,
26,"Quick Quack Car Wash Holdings, LLC  *",One stop,,L + 6.50,(a),,9.02,,04/2023,,8729,,,8634,,,0.9,,,8729,,,,,,,,,,,,,,,,,,,,,
27,"Quick Quack Car Wash Holdings, LLC  *",One stop,,L + 6.50,(a)(c),,8.98,,04/2023,,150,,,148,,,-,,,150,,,,,,,,,,,,,,,,,,,,,
28,"Quick Quack Car Wash Holdings, LLC  *",One stop,,L + 6.50,(a),,9.02,,04/2023,,100,,,99,,,-,,,100,,,,,,,,,,,,,,,,,,,,,
29,"Quick Quack Car Wash Holdings, LLC",One stop,,L + 6.50,(a),,8.98,,04/2023,,40,,,39,,,-,,,40,,,,,,,,,,,,,,,,,,,,,
30,"Quick Quack Car Wash Holdings, LLC  (5)",One stop,,L + 6.50,,,N/A  (6),,04/2023,,-,,,(3,,,-,,,-,,,,,,,,,,,,,,,,,,,,,
31,,,,,,,,,,,20082,,,19909,,,2.1,,,20076,,,,,,,,,,,,,,,,,,,,,
32,"Beverage, Food and Tobacco",,,,,,,,,,,,,,,,,,,,,,,,,,,,,,,,,,,,,,,,
33,"Abita Brewing Co., L.L.C.",One stop,,L + 5.75,(a),,8.27,,04/2021,,6998,,,6933,,,0.7,,,6998,,,,,,,,,,,,,,,,,,,,,
34,"Abita Brewing Co., L.L.C.",One stop,,L + 5.75,,,N/A  (6),,04/2021,,-,,,-,,,-,,,-,,,,,,,,,,,,,,,,,,,,,
35,"C. J. Foods, Inc.  ^*",One stop,,L + 6.25,(c),,9.05,,05/2020,,8560,,,8515,,,0.9,,,8560,,,,,,,,,,,,,,,,,,,,,
36,"C. J. Foods, Inc.  ^",One stop,,L + 6.25,(c),,9.05,,05/2020,,648,,,646,,,0.1,,,648,,,,,,,,,,,,,,,,,,,,,
37,"C. J. Foods, Inc.",One stop,,L + 6.25,(c),,8.91,,05/2020,,517,,,515,,,0.1,,,517,,,,,,,,,,,,,,,,,,,,,
38,"Cafe Rio Holding, Inc.  ^",One stop,,L + 5.75,(a),,8.27,,09/2023,,10344,,,10201,,,1.1,,,10344,,,,,,,,,,,,,,,,,,,,,
39,"Cafe Rio Holding, Inc.  *",One stop,,L + 5.75,(a),,8.27,,09/2023,,79,,,78,,,-,,,79,,,,,,,,,,,,,,,,,,,,,
40,"Cafe Rio Holding, Inc.",One stop,,P + 4.75,(f),,10.25,,09/2023,,65,,,63,,,-,,,65,,,,,,,,,,,,,,,,,,,,,
41,"Cafe Rio Holding, Inc.",One stop,,L + 5.75,(a),,8.27,,09/2023,,40,,,37,,,-,,,40,,,,,,,,,,,,,,,,,,,,,
42,"Fintech Midco, LLC  *",One stop,,L + 6.00,(a),,8.53,,08/2024,,12962,,,12841,,,1.3,,,12962,,,,,,,,,,,,,,,,,,,,,
43,"Fintech Midco, LLC  (5)",One stop,,L + 6.00,,,N/A  (6),,08/2024,,-,,,(1,,,-,,,-,,,,,,,,,,,,,,,,,,,,,
44,"Fintech Midco, LLC  (5)",One stop,,L + 6.00,,,N/A  (6),,08/2024,,-,,,(2,,,-,,,-,,,,,,,,,,,,,,,,,,,,,
45,"Flavor Producers, LLC  #",Senior loan,,L + 4.75,(c),,7.56,,12/2023,,2240,,,2213,,,0.2,,,2240,,,,,,,,,,,,,,,,,,,,,
46,"Flavor Producers, LLC  (5)",Senior loan,,L + 4.75,,,N/A  (6),,12/2022,,-,,,(1,,,-,,,-,,,,,,,,,,,,,,,,,,,,,
47,FWR Holding Corporation  ^,One stop,,L + 5.75,(a),,8.26,,08/2023,,5246,,,5185,,,0.6,,,5246,,,,,,,,,,,,,,,,,,,,,
48,FWR Holding Corporation,One stop,,L + 5.75,(a),,8.26,,08/2023,,102,,,101,,,-,,,102,,,,,,,,,,,,,,,,,,,,,
49,,Investment Type,,Spread  Above  Index  (1),,Interest  Rate  (2),,Maturity  Date,,Principal ($) /  Shares  (3),,Amortized Cost,,Percentage  of Net  Assets,,Fair  Value  (4),,,,,,,,,,,,,,,,,,,,,,,,,
50,"Beverage, Food and Tobacco - (continued)",,,,,,,,,,,,,,,,,,,,,,,,,,,,,,,,,,,,,,,,
51,FWR Holding Corporation,One stop,,L + 5.75,(a),,8.26,,08/2023,,,64,,,,64,,,-,,,,64,,,,,,,,,,,,,,,,,,
52,FWR Holding Corporation,One stop,,P + 4.75,(f),,10.25,,08/2023,,25,,,24,,,-,,,25,,,,,,,,,,,,,,,,,,,,,
53,Global ID Corporation  *,One stop,,L + 6.50,(c),,9.30,,11/2021,,5131,,,5094,,,0.5,,,5131,,,,,,,,,,,,,,,,,,,,,
54,Global ID Corporation  *,One stop,,L + 6.50,(c),,9.30,,11/2021,,71,,,71,,,-,,,71,,,,,,,,,,,,,,,,,,,,,
55,Global ID Corporation,One stop,,L + 6.50,(c),,9.30,,11/2021,,43,,,42,,,-,,,43,,,,,,,,,,,,,,,,,,,,,
56,Global ID Corporation,One stop,,L + 6.50,,,N/A  (6),,11/2021,,-,,,-,,,-,,,-,,,,,,,,,,,,,,,,,,,,,
57,"Mendocino Farms, LLC  (5)",One stop,,L + 1.00,,,N/A  (6),,06/2023,,-,,,(2,,,-,,,-,,,,,,,,,,,,,,,,,,,,,
58,"Mid-America Pet Food, L.L.C.  ^*",One stop,,L + 6.00,(c),,8.80,,12/2021,,10726,,,10644,,,1.1,,,10726,,,,,,,,,,,,,,,,,,,,,
59,"Mid-America Pet Food, L.L.C.  (5)",One stop,,L + 6.00,,,N/A  (6),,12/2021,,-,,,(1,,,-,,,-,,,,,,,,,,,,,,,,,,,,,
60,"NBC Intermediate, LLC  ^",Senior loan,,L + 4.25,(a),,6.78,,09/2023,,2024,,,2007,,,0.2,,,2024,,,,,,,,,,,,,,,,,,,,,
61,"NBC Intermediate, LLC  *",Senior loan,,L + 4.25,(a),,6.78,,09/2023,,1094,,,1084,,,0.1,,,1094,,,,,,,,,,,,,,,,,,,,,
62,"NBC Intermediate, LLC",Senior loan,,L + 4.25,,,N/A  (6),,09/2023,,-,,,-,,,-,,,-,,,,,,,,,,,,,,,,,,,,,
63,"Purfoods, LLC",One stop,,L + 6.00,(c),,8.71,,05/2021,,8379,,,8281,,,0.9,,,8379,,,,,,,,,,,,,,,,,,,,,
64,"Purfoods, LLC",One stop,,N/A,,,7.00 PIK,,05/2026,,116,,,116,,,-,,,116,,,,,,,,,,,,,,,,,,,,,
65,"Purfoods, LLC",One stop,,L + 6.00,(c),,8.78,,05/2021,,55,,,55,,,-,,,55,,,,,,,,,,,,,,,,,,,,,
66,"Purfoods, LLC  ^",One stop,,L + 6.00,(c),,8.80,,05/2021,,39,,,39,,,-,,,39,,,,,,,,,,,,,,,,,,,,,
67,"Purfoods, LLC",One stop,,L + 6.00,(a),,8.43,,05/2021,,35,,,34,,,-,,,35,,,,,,,,,,,,,,,,,,,,,
68,"Purfoods, LLC  *",One stop,,L + 6.00,(c),,8.80,,05/2021,,30,,,30,,,-,,,30,,,,,,,,,,,,,,,,,,,,,
69,"Purfoods, LLC",One stop,,L + 6.00,(c),,8.80,,05/2021,,30,,,30,,,-,,,30,,,,,,,,,,,,,,,,,,,,,
70,"Purfoods, LLC",One stop,,L + 6.00,(c),,8.80,,05/2021,,30,,,30,,,-,,,30,,,,,,,,,,,,,,,,,,,,,
71,"Purfoods, LLC  ^",One stop,,L + 6.00,(c),,8.80,,05/2021,,24,,,23,,,-,,,24,,,,,,,,,,,,,,,,,,,,,
72,"Purfoods, LLC  ^",One stop,,L + 6.00,(c),,8.80,,05/2021,,15,,,15,,,-,,,15,,,,,,,,,,,,,,,,,,,,,
73,"Purfoods, LLC  ^",One stop,,L + 6.00,(c),,8.80,,05/2021,,15,,,15,,,-,,,15,,,,,,,,,,,,,,,,,,,,,
74,"Purfoods, LLC  ^",One stop,,L + 6.00,(c),,8.80,,05/2021,,14,,,14,,,-,,,14,,,,,,,,,,,,,,,,,,,,,
75,"Purfoods, LLC  ^",One stop,,L + 6.00,(c),,8.80,,05/2021,,11,,,11,,,-,,,11,,,,,,,,,,,,,,,,,,,,,
76,"Purfoods, LLC  ^",One stop,,L + 6.00,(c),,8.80,,05/2021,,11,,,11,,,-,,,11,,,,,,,,,,,,,,,,,,,,,
77,"Purfoods, LLC  ^",One stop,,L + 6.00,(c),,8.80,,05/2021,,10,,,10,,,-,,,10,,,,,,,,,,,,,,,,,,,,,
78,"Rubio's Restaurants, Inc.  ^*",Senior loan,,L + 5.25,(c),,8.05,,10/2019,,11145,,,11011,,,1.2,,,11145,,,,,,,,,,,,,,,,,,,,,
79,Uinta Brewing Company  ^(7),One stop,,L + 8.50,(a),,11.02,,08/2019,,3725,,,3716,,,0.2,,,1676,,,,,,,,,,,,,,,,,,,,,
80,Uinta Brewing Company  (7),One stop,,L + 8.50,(a),,11.02,,08/2019,,693,,,691,,,-,,,291,,,,,,,,,,,,,,,,,,,,,
81,Wood Fired Holding Corp.  *,One stop,,L + 5.75,(c),,8.65,,12/2023,,6953,,,6884,,,0.7,,,6883,,,,,,,,,,,,,,,,,,,,,
82,Wood Fired Holding Corp.  (5),One stop,,L + 5.75,,,N/A  (6),,12/2023,,-,,,(1,,,-,,,(1,,,,,,,,,,,,,,,,,,,,,
83,Wood Fired Holding Corp.  (5),One stop,,L + 5.75,,,N/A  (6),,12/2023,,-,,,(1,,,-,,,(1,,,,,,,,,,,,,,,,,,,,,
84,,,,,,,,,,,98309,,,97365,,,9.9,,,95786,,,,,,,,,,,,,,,,,,,,,
85,Broadcasting and Entertainment,,,,,,,,,,,,,,,,,,,,,,,,,,,,,,,,,,,,,,,,
86,"TouchTunes Interactive Networks, Inc.  ^",Senior loan,,L + 4.75,(a),,7.27,,05/2021,,1443,,,1440,,,0.2,,,1443,,,,,,,,,,,,,,,,,,,,,
87,Building and Real Estate,,,,,,,,,,,,,,,,,,,,,,,,,,,,,,,,,,,,,,,,
88,"Brooks Equipment Company, LLC  ^*",One stop,,L + 5.00,(c),,7.71,,08/2020,,21096,,,21009,,,2.2,,,21096,,,,,,,,,,,,,,,,,,,,,
89,"Brooks Equipment Company, LLC  *",One stop,,L + 5.00,(b)(c),,7.67,,08/2020,,2107,,,2100,,,0.2,,,2107,,,,,,,,,,,,,,,,,,,,,
90,"Brooks Equipment Company, LLC",One stop,,P + 3.75,(f),,9.25,,08/2020,,178,,,172,,,-,,,178,,,,,,,,,,,,,,,,,,,,,
91,"Jensen Hughes, Inc.  #",Senior loan,,L + 4.50,(c),,6.99,,03/2024,,500,,,498,,,0.1,,,500,,,,,,,,,,,,,,,,,,,,,
92,"Jensen Hughes, Inc.  #",Senior loan,,L + 4.50,(c)(f),,7.31,,03/2024,,153,,,152,,,-,,,153,,,,,,,,,,,,,,,,,,,,,
93,"Jensen Hughes, Inc.",Senior loan,,L + 4.50,(c),,6.96,,03/2024,,29,,,29,,,-,,,29,,,,,,,,,,,,,,,,,,,,,
94,MRI Software LLC  ^,One stop,,L + 5.50,(c),,8.31,,06/2023,,23624,,,23126,,,2.5,,,23624,,,,,,,,,,,,,,,,,,,,,
95,MRI Software LLC^  *,One stop,,L + 5.50,(c),,8.31,,06/2023,,13710,,,13585,,,1.4,,,13710,,,,,,,,,,,,,,,,,,,,,
96,,Investment Type,,Spread  Above  Index  (1),,Interest  Rate  (2),,Maturity  Date,,Principal ($) /  Shares  (3),,Amortized Cost,,Percentage  of Net  Assets,,Fair  Value  (4),,,,,,,,,,,,,,,,,,,,,,,,,
97,Building and Real Estate - (continued),,,,,,,,,,,,,,,,,,,,,,,,,,,,,,,,,,,,,,,,
98,MRI Software LLC  ^,One stop,,L + 5.50,(c),,8.31,,06/2023,,,356,,,,353,,,-,,,,356,,,,,,,,,,,,,,,,,,
99,MRI Software LLC  *,One stop,,L + 5.50,(c),,8.31,,06/2023,,295,,,292,,,-,,,295,,,,,,,,,,,,,,,,,,,,,
100,MRI Software LLC  #,One stop,,L + 5.50,(c),,8.31,,06/2023,,294,,,291,,,-,,,294,,,,,,,,,,,,,,,,,,,,,
101,MRI Software LLC  *,One stop,,L + 5.50,(c),,8.31,,06/2023,,194,,,192,,,-,,,194,,,,,,,,,,,,,,,,,,,,,
102,MRI Software LLC  ^,One stop,,L + 5.50,(c),,8.31,,06/2023,,165,,,163,,,-,,,165,,,,,,,,,,,,,,,,,,,,,
103,MRI Software LLC,One stop,,L + 5.50,(c),,7.90,,06/2023,,105,,,104,,,-,,,105,,,,,,,,,,,,,,,,,,,,,
104,MRI Software LLC,One stop,,L + 5.50,(a),,7.98,,06/2023,,19,,,16,,,-,,,19,,,,,,,,,,,,,,,,,,,,,
105,MRI Software LLC  (5),One stop,,L + 5.50,,,N/A  (6),,06/2023,,-,,,(5,,,-,,,-,,,,,,,,,,,,,,,,,,,,,
106,,,,,,,,,,,62825,,,62077,,,6.4,,,62825,,,,,,,,,,,,,,,,,,,,,
107,"Chemicals, Plastics and Rubber",,,,,,,,,,,,,,,,,,,,,,,,,,,,,,,,,,,,,,,,
108,"Flexan, LLC  *",One stop,,L + 5.75,(c),,8.55,,02/2020,,2304,,,2292,,,0.2,,,2304,,,,,,,,,,,,,,,,,,,,,
109,"Flexan, LLC  ^",One stop,,L + 5.75,(c),,8.55,,02/2020,,1083,,,1080,,,0.1,,,1083,,,,,,,,,,,,,,,,,,,,,
110,"Flexan, LLC",One stop,,P + 4.50,(f),,10.00,,02/2020,,11,,,11,,,-,,,11,,,,,,,,,,,,,,,,,,,,,
111,Inhance Technologies Holdings LLC,One stop,,L + 5.25,(c),,8.03,,07/2024,,6880,,,6737,,,0.7,,,6880,,,,,,,,,,,,,,,,,,,,,
112,Inhance Technologies Holdings LLC  (5),One stop,,L + 5.25,,,N/A  (6),,07/2024,,-,,,(1,,,-,,,-,,,,,,,,,,,,,,,,,,,,,
113,Inhance Technologies Holdings LLC  (5),One stop,,L + 5.25,,,N/A  (6),,07/2024,,-,,,(1,,,-,,,-,,,,,,,,,,,,,,,,,,,,,
114,,,,,,,,,,,10278,,,10118,,,1.0,,,10278,,,,,,,,,,,,,,,,,,,,,
115,Diversified/Conglomerate Manufacturing,,,,,,,,,,,,,,,,,,,,,,,,,,,,,,,,,,,,,,,,
116,"Chase Industries, Inc.  #",Senior loan,,L + 4.00,(c)(f),,6.61,,05/2025,,6836,,,6726,,,0.7,,,6836,,,,,,,,,,,,,,,,,,,,,
117,"Chase Industries, Inc.",Senior loan,,L + 4.00,(c)(f),,6.76,,05/2023,,43,,,41,,,-,,,43,,,,,,,,,,,,,,,,,,,,,
118,"Chase Industries, Inc.",Senior loan,,L + 4.00,(c)(f),,6.82,,05/2025,,12,,,8,,,-,,,12,,,,,,,,,,,,,,,,,,,,,
119,"Inventus Power, Inc.  ^*",One stop,,L + 6.50,(a),,9.02,,04/2020,,7264,,,7250,,,0.7,,,6538,,,,,,,,,,,,,,,,,,,,,
120,"Inventus Power, Inc.",One stop,,L + 6.50,(a)(c),,9.09,,04/2020,,271,,,270,,,-,,,236,,,,,,,,,,,,,,,,,,,,,
121,Onicon Incorporated  ^#,One stop,,L + 5.50,(c),,8.30,,04/2022,,22173,,,21933,,,2.3,,,21786,,,,,,,,,,,,,,,,,,,,,
122,Onicon Incorporated  #(8)(9),One stop,,L + 5.50,(c),,6.50,,04/2022,,4173,,,4101,,,0.4,,,4136,,,,,,,,,,,,,,,,,,,,,
123,Onicon Incorporated  (5),One stop,,L + 5.50,,,N/A  (6),,04/2022,,-,,,(6,,,-,,,(18,,,,,,,,,,,,,,,,,,,,,
124,"Pasternack Enterprises, Inc. and Fairview Microwave, Inc  #",Senior loan,,L + 4.00,(c)(f),,6.52,,07/2025,,5620,,,5594,,,0.6,,,5620,,,,,,,,,,,,,,,,,,,,,
125,"Pasternack Enterprises, Inc. and Fairview Microwave, Inc",Senior loan,,L + 4.00,,,N/A  (6),,07/2023,,-,,,-,,,-,,,-,,,,,,,,,,,,,,,,,,,,,
126,"PetroChoice Holdings, Inc.  ^",Senior loan,,L + 5.00,(c),,7.53,,08/2022,,1728,,,1698,,,0.2,,,1728,,,,,,,,,,,,,,,,,,,,,
127,"Plex Systems, Inc.  ^*",One stop,,L + 7.50,(b),,10.01,,06/2020,,18797,,,18659,,,2.0,,,18797,,,,,,,,,,,,,,,,,,,,,
128,"Plex Systems, Inc.  (5)",One stop,,L + 7.50,,,N/A  (6),,06/2020,,-,,,(12,,,-,,,-,,,,,,,,,,,,,,,,,,,,,
129,"Reladyne, Inc.  ^*",Senior loan,,L + 5.00,(c),,7.40,,07/2022,,16836,,,16659,,,1.7,,,16836,,,,,,,,,,,,,,,,,,,,,
130,"Reladyne, Inc.  ^",Senior loan,,L + 5.00,(b)(c),,7.39,,07/2022,,173,,,171,,,-,,,173,,,,,,,,,,,,,,,,,,,,,
131,"Reladyne, Inc.",Senior loan,,L + 5.00,(b)(c),,7.40,,07/2022,,142,,,141,,,-,,,142,,,,,,,,,,,,,,,,,,,,,
132,"Reladyne, Inc.",Senior loan,,L + 5.00,(c),,7.80,,07/2022,,65,,,64,,,-,,,65,,,,,,,,,,,,,,,,,,,,,
133,"Reladyne, Inc.  (5)",Senior loan,,L + 5.00,,,N/A  (6),,07/2022,,-,,,(2,,,-,,,-,,,,,,,,,,,,,,,,,,,,,
134,"Reladyne, Inc.  (5)",Senior loan,,L + 5.00,,,N/A  (6),,07/2022,,-,,,(3,,,-,,,-,,,,,,,,,,,,,,,,,,,,,
135,"Source Refrigeration & HVAC, Inc.  *",Senior loan,,L + 4.75,(c),,7.56,,04/2023,,9429,,,9335,,,1.0,,,9429,,,,,,,,,,,,,,,,,,,,,
136,"Source Refrigeration & HVAC, Inc.",Senior loan,,L + 4.75,(c),,7.56,,04/2023,,111,,,110,,,-,,,111,,,,,,,,,,,,,,,,,,,,,
137,"Source Refrigeration & HVAC, Inc.",Senior loan,,L + 4.75,(c),,7.56,,04/2023,,57,,,56,,,-,,,57,,,,,,,,,,,,,,,,,,,,,
138,"Source Refrigeration & HVAC, Inc.",Senior loan,,P + 3.75,(f),,9.25,,04/2023,,43,,,42,,,-,,,43,,,,,,,,,,,,,,,,,,,,,
139,"Source Refrigeration & HVAC, Inc.  (5)",Senior loan,,L + 4.75,,,N/A  (6),,04/2023,,-,,,(2,,,-,,,-,,,,,,,,,,,,,,,,,,,,,
140,"Sunless Merger Sub, Inc.  #",Senior loan,,L + 5.00,(a),,7.52,,07/2019,,1321,,,1323,,,0.2,,,1321,,,,,,,,,,,,,,,,,,,,,
141,"Sunless Merger Sub, Inc.",Senior loan,,P + 3.75,(f),,9.25,,07/2019,,237,,,237,,,-,,,237,,,,,,,,,,,,,,,,,,,,,
142,"Togetherwork Holdings, LLC  #",One stop,,L + 6.50,(a),,9.02,,03/2025,,9135,,,9014,,,1.0,,,9135,,,,,,,,,,,,,,,,,,,,,
143,"Togetherwork Holdings, LLC  *",One stop,,L + 6.50,(a),,9.02,,03/2025,,556,,,548,,,0.1,,,556,,,,,,,,,,,,,,,,,,,,,
144,"Togetherwork Holdings, LLC",One stop,,L + 6.50,(a),,9.02,,03/2025,,150,,,147,,,-,,,150,,,,,,,,,,,,,,,,,,,,,
145,"Togetherwork Holdings, LLC",One stop,,L + 6.50,(a),,9.02,,03/2025,,122,,,120,,,-,,,122,,,,,,,,,,,,,,,,,,,,,
146,,Investment Type,,Spread  Above  Index  (1),,Interest  Rate  (2),,Maturity  Date,,Principal ($) /  Shares  (3),,Amortized Cost,,Percentage  of Net  Assets,,Fair  Value  (4),,,,,,,,,,,,,,,,,,,,,,,,,
147,Diversified/Conglomerate Manufacturing - (continued),,,,,,,,,,,,,,,,,,,,,,,,,,,,,,,,,,,,,,,,
148,"Togetherwork Holdings, LLC  *",One stop,,L + 6.50,(a),,9.02,,03/2025,,,115,,,,114,,,,-,,,,115,,,,,,,,,,,,,,,,,
149,"Togetherwork Holdings, LLC  *",One stop,,L + 6.50,(a),,9.02,,03/2025,,107,,,106,,,-,,,107,,,,,,,,,,,,,,,,,,,,,
150,"Togetherwork Holdings, LLC",One stop,,L + 6.50,(a),,9.01,,03/2024,,17,,,16,,,-,,,17,,,,,,,,,,,,,,,,,,,,,
151,"Togetherwork Holdings, LLC",One stop,,L + 6.50,(a),,9.02,,03/2025,,4,,,4,,,-,,,4,,,,,,,,,,,,,,,,,,,,,
152,,,,,,,,,,,105537,,,104462,,,10.9,,,104334,,,,,,,,,,,,,,,,,,,,,
153,Diversified/Conglomerate Service,,,,,,,,,,,,,,,,,,,,,,,,,,,,,,,,,,,,,,,,
154,"Accela, Inc.  *",One stop,,L + 6.00,(c),,8.80,,09/2023,,5261,,,5196,,,0.5,,,5261,,,,,,,,,,,,,,,,,,,,,
155,"Accela, Inc.",One stop,,P + 5.00,(f),,10.50,,09/2023,,36,,,35,,,-,,,36,,,,,,,,,,,,,,,,,,,,,
156,Agility Recovery Solutions Inc.  ^*,One stop,,L + 6.50,(a),,9.02,,03/2020,,13774,,,13725,,,1.4,,,13774,,,,,,,,,,,,,,,,,,,,,
157,Agility Recovery Solutions Inc.,One stop,,L + 6.50,(c),,8.89,,03/2020,,277,,,275,,,-,,,277,,,,,,,,,,,,,,,,,,,,,
158,"Anaqua, Inc.  ^*",One stop,,L + 6.50,(c),,8.98,,07/2022,,6931,,,6855,,,0.7,,,6931,,,,,,,,,,,,,,,,,,,,,
159,"Anaqua, Inc.  (5)",One stop,,L + 6.50,,,N/A  (6),,07/2022,,-,,,(1,,,-,,,-,,,,,,,,,,,,,,,,,,,,,
160,"AutoQuotes, LLC",One stop,,L + 6.00,(c),,8.69,,11/2024,,4635,,,4556,,,0.5,,,4589,,,,,,,,,,,,,,,,,,,,,
161,"AutoQuotes, LLC  (5)",One stop,,L + 6.00,,,N/A  (6),,11/2024,,-,,,(1,,,-,,,(1,,,,,,,,,,,,,,,,,,,,,
162,"Bazaarvoice, Inc.  *#",One stop,,L + 5.75,(a),,8.27,,02/2024,,19367,,,19121,,,2.0,,,19173,,,,,,,,,,,,,,,,,,,,,
163,"Bazaarvoice, Inc.",One stop,,L + 5.75,(a)(f),,8.27,,02/2024,,50,,,46,,,-,,,48,,,,,,,,,,,,,,,,,,,,,
164,Browz LLC,One stop,,L + 9.50,(b)(c)(f),,10.40 cash/1.50 PIK,,03/2023,,1509,,,1480,,,0.2,,,1509,,,,,,,,,,,,,,,,,,,,,
165,Browz LLC,One stop,,L + 9.50,,,N/A  (6),,03/2023,,-,,,-,,,-,,,-,,,,,,,,,,,,,,,,,,,,,
166,"Caliper Software, Inc.  #",One stop,,L + 5.50,(a),,8.02,,11/2025,,6200,,,6149,,,0.6,,,6154,,,,,,,,,,,,,,,,,,,,,
167,"Caliper Software, Inc.",One stop,,L + 5.50,(b),,8.04,,11/2023,,4,,,4,,,-,,,4,,,,,,,,,,,,,,,,,,,,,
168,Centrify Corporation  *,One stop,,L + 6.25,(c),,9.06,,08/2024,,10947,,,10792,,,1.1,,,10947,,,,,,,,,,,,,,,,,,,,,
169,Centrify Corporation,One stop,,P + 5.25,(f),,10.75,,08/2024,,50,,,48,,,-,,,50,,,,,,,,,,,,,,,,,,,,,
170,"Clearwater Analytics, LLC  ^*",One stop,,L + 5.00,(a),,7.52,,09/2022,,8532,,,8332,,,0.9,,,8532,,,,,,,,,,,,,,,,,,,,,
171,"Clearwater Analytics, LLC  (5)",One stop,,L + 5.00,,,N/A  (6),,09/2022,,-,,,(2,,,-,,,-,,,,,,,,,,,,,,,,,,,,,
172,"Cloudbees, Inc.",One stop,,L + 9.00,(a),,10.85 cash/0.50 PIK,,05/2023,,1901,,,1846,,,0.2,,,1901,,,,,,,,,,,,,,,,,,,,,
173,"Cloudbees, Inc.",One stop,,L + 9.00,,,N/A  (6),,05/2023,,-,,,-,,,-,,,-,,,,,,,,,,,,,,,,,,,,,
174,"Confluence Technologies, Inc.",One stop,,L + 7.50,(a),,9.94,,03/2024,,7015,,,6879,,,0.7,,,7015,,,,,,,,,,,,,,,,,,,,,
175,"Confluence Technologies, Inc.  (5)",One stop,,L + 7.50,,,N/A  (6),,03/2024,,-,,,(1,,,-,,,-,,,,,,,,,,,,,,,,,,,,,
176,"Connexin Software, Inc.",One stop,,L + 8.50,(a),,11.02,,02/2024,,2401,,,2350,,,0.2,,,2401,,,,,,,,,,,,,,,,,,,,,
177,"Connexin Software, Inc.",One stop,,L + 8.50,,,N/A  (6),,02/2024,,-,,,-,,,-,,,-,,,,,,,,,,,,,,,,,,,,,
178,"Conservice, LLC  #",One stop,,L + 5.25,(a),,7.77,,12/2024,,1787,,,1770,,,0.2,,,1770,,,,,,,,,,,,,,,,,,,,,
179,"Conservice, LLC",One stop,,P + 4.25,(f),,9.75,,12/2024,,1,,,1,,,-,,,1,,,,,,,,,,,,,,,,,,,,,
180,"Datto, Inc.  *",One stop,,L + 8.00,(a),,10.46,,12/2022,,11156,,,10978,,,1.2,,,11156,,,,,,,,,,,,,,,,,,,,,
181,"Datto, Inc.  (5)",One stop,,L + 8.00,,,N/A  (6),,12/2022,,-,,,(1,,,-,,,-,,,,,,,,,,,,,,,,,,,,,
182,Daxko Acquisition Corporation  ^*,One stop,,L + 5.25,(a),,7.77,,09/2023,,11218,,,10996,,,1.2,,,11218,,,,,,,,,,,,,,,,,,,,,
183,Daxko Acquisition Corporation  (5),One stop,,L + 5.25,,,N/A  (6),,09/2023,,-,,,(1,,,-,,,-,,,,,,,,,,,,,,,,,,,,,
184,"Digital Guardian, Inc.",One stop,,L + 9.00,(c),,10.40 cash/1.00 PIK,,06/2023,,4010,,,3965,,,0.4,,,4010,,,,,,,,,,,,,,,,,,,,,
185,"Digital Guardian, Inc.",Subordinated debt,,N/A,,,8.00 PIK,,01/2019,,184,,,184,,,-,,,270,,,,,,,,,,,,,,,,,,,,,
186,"Digital Guardian, Inc.  (5)",One stop,,L + 5.00,,,N/A  (6),,06/2023,,-,,,-,,,-,,,(2,,,,,,,,,,,,,,,,,,,,,
187,"Digital Guardian, Inc.",One stop,,L + 9.00,,,N/A  (6),,06/2023,,-,,,-,,,-,,,-,,,,,,,,,,,,,,,,,,,,,
188,DISA Holdings Acquisition Subsidiary Corp.#,Senior loan,,L + 4.00,(a)(c),,6.35,,06/2022,,2062,,,2053,,,0.2,,,2062,,,,,,,,,,,,,,,,,,,,,
189,DISA Holdings Acquisition Subsidiary Corp.,Senior loan,,L + 4.00,(a)(c)(f),,6.51,,06/2022,,4,,,4,,,-,,,4,,,,,,,,,,,,,,,,,,,,,
190,DISA Holdings Acquisition Subsidiary Corp.,Senior loan,,L + 4.00,,,N/A  (6),,06/2022,,-,,,-,,,-,,,-,,,,,,,,,,,,,,,,,,,,,
191,"E2open, LLC  *#",One stop,,L + 5.00,(c),,7.68,,11/2024,,36950,,,36405,,,3.8,,,36580,,,,,,,,,,,,,,,,,,,,,
192,"E2open, LLC",One stop,,L + 5.00,(c),,7.68,,11/2024,,70,,,64,,,-,,,64,,,,,,,,,,,,,,,,,,,,,
193,"E2open, LLC  (5)",One stop,,L + 5.00,,,N/A  (6),,11/2024,,-,,,(4,,,-,,,(3,,,,,,,,,,,,,,,,,,,,,
194,"EGD Security Systems, LLC",One stop,,L + 6.25,(c),,9.03,,06/2022,,11113,,,10970,,,1.2,,,11113,,,,,,,,,,,,,,,,,,,,,
195,"EGD Security Systems, LLC",One stop,,L + 6.25,(c),,9.00,,06/2022,,100,,,99,,,-,,,100,,,,,,,,,,,,,,,,,,,,,
196,,Investment Type,,Spread  Above  Index  (1),,Interest  Rate  (2),,Maturity  Date,,Principal ($) /  Shares  (3),,Amortized Cost,,Percentage  of Net  Assets,,Fair  Value  (4),,,,,,,,,,,,,,,,,,,,,,,,,
197,Diversified/Conglomerate Service - (continued),,,,,,,,,,,,,,,,,,,,,,,,,,,,,,,,,,,,,,,,
198,"EGD Security Systems, LLC  ^",One stop,,L + 6.25,(c),,8.96,,06/2022,,,98,,,,97,,,,-,,,,98,,,,,,,,,,,,,,,,,
199,"EGD Security Systems, LLC  ^",One stop,,L + 6.25,(c),,8.85,,06/2022,,52,,,52,,,-,,,52,,,,,,,,,,,,,,,,,,,,,
200,"EGD Security Systems, LLC  (5)",One stop,,L + 6.25,,,N/A  (6),,06/2022,,-,,,(1,,,-,,,-,,,,,,,,,,,,,,,,,,,,,
201,"GS Acquisitionco, Inc.  *#",One stop,,L + 5.25,(a),,7.78,,05/2024,,22783,,,22573,,,2.4,,,22783,,,,,,,,,,,,,,,,,,,,,
202,"GS Acquisitionco, Inc.  *",One stop,,L + 5.25,(a),,7.78,,05/2024,,876,,,868,,,0.1,,,876,,,,,,,,,,,,,,,,,,,,,
203,"GS Acquisitionco, Inc.",One stop,,L + 5.25,(a),,7.78,,05/2024,,185,,,183,,,-,,,185,,,,,,,,,,,,,,,,,,,,,
204,"GS Acquisitionco, Inc.  (5)",One stop,,L + 5.00,,,N/A  (6),,05/2024,,-,,,(1,,,-,,,-,,,,,,,,,,,,,,,,,,,,,
205,"GS Acquisitionco, Inc.  (5)",One stop,,L + 5.25,,,N/A  (6),,05/2024,,-,,,(3,,,-,,,-,,,,,,,,,,,,,,,,,,,,,
206,"HealthcareSource HR, Inc.  *",One stop,,L + 6.75,(c),,9.55,,05/2020,,23329,,,23171,,,2.4,,,23329,,,,,,,,,,,,,,,,,,,,,
207,"HealthcareSource HR, Inc.  (5)",One stop,,L + 6.75,,,N/A  (6),,05/2020,,-,,,(1,,,-,,,-,,,,,,,,,,,,,,,,,,,,,
208,Hydraulic Authority III Limited  (8)(9)(10)(11),One stop,,L + 6.00,(h)(j),,7.03,,11/2025,,5944,,,5886,,,0.6,,,5874,,,,,,,,,,,,,,,,,,,,,
209,Hydraulic Authority III Limited  (8)(9)(10),One stop,,N/A,,,11.00 PIK,,11/2028,,85,,,85,,,-,,,85,,,,,,,,,,,,,,,,,,,,,
210,Hydraulic Authority III Limited  (5)(8)(9)(10),One stop,,L + 6.00,,,N/A  (6),,11/2025,,-,,,(1,,,-,,,(1,,,,,,,,,,,,,,,,,,,,,
211,"ICIMS, Inc.",One stop,,L + 6.50,(a),,8.94,,09/2024,,5413,,,5310,,,0.6,,,5413,,,,,,,,,,,,,,,,,,,,,
212,"ICIMS, Inc.  (5)",One stop,,L + 6.50,,,N/A  (6),,09/2024,,-,,,(1,,,-,,,-,,,,,,,,,,,,,,,,,,,,,
213,"III US Holdings, LLC",One stop,,L + 6.50,,,N/A  (6),,09/2022,,-,,,-,,,-,,,-,,,,,,,,,,,,,,,,,,,,,
214,"Imprivata, Inc.  *#",Senior loan,,L + 4.00,(c),,6.80,,10/2023,,10515,,,10404,,,1.1,,,10515,,,,,,,,,,,,,,,,,,,,,
215,"Imprivata, Inc.  (5)",Senior loan,,L + 4.00,,,N/A  (6),,10/2023,,-,,,(2,,,-,,,-,,,,,,,,,,,,,,,,,,,,,
216,"Infogix, Inc.  #",One stop,,L + 6.00,(c),,8.80,,04/2024,,3322,,,3307,,,0.3,,,3322,,,,,,,,,,,,,,,,,,,,,
217,"Infogix, Inc.  #",One stop,,L + 6.00,(c),,8.8,,04/2024,,513,,,506,,,0.1,,,513,,,,,,,,,,,,,,,,,,,,,
218,"Infogix, Inc.",One stop,,L + 6.00,,,N/A  (6),,04/2024,,-,,,-,,,-,,,-,,,,,,,,,,,,,,,,,,,,,
219,"Integral Ad Science, Inc.",One stop,,L + 7.25,(a),,8.53 cash/1.25 PIK,,07/2024,,5016,,,4924,,,0.5,,,5016,,,,,,,,,,,,,,,,,,,,,
220,"Integral Ad Science, Inc.  (5)",One stop,,L + 7.25,,,N/A  (6),,07/2023,,-,,,(1,,,-,,,-,,,,,,,,,,,,,,,,,,,,,
221,"Integration Appliance, Inc.  ^*",One stop,,L + 7.25,(a),,9.60,,08/2023,,34762,,,34400,,,3.6,,,34762,,,,,,,,,,,,,,,,,,,,,
222,"Integration Appliance, Inc.  (5)",One stop,,L + 7.25,,,N/A  (6),,08/2023,,-,,,(7,,,-,,,-,,,,,,,,,,,,,,,,,,,,,
223,"JAMF Holdings, Inc.",One stop,,L + 8.00,(c),,10.61,,11/2022,,4550,,,4479,,,0.5,,,4550,,,,,,,,,,,,,,,,,,,,,
224,"JAMF Holdings, Inc.  (5)",One stop,,L + 8.00,,,N/A  (6),,11/2022,,-,,,(1,,,-,,,-,,,,,,,,,,,,,,,,,,,,,
225,"Kareo, Inc.",One stop,,L + 9.00,(a),,11.52,,06/2022,,4518,,,4360,,,0.5,,,4518,,,,,,,,,,,,,,,,,,,,,
226,"Kareo, Inc.",One stop,,L + 9.00,(a),,11.52,,06/2022,,332,,,327,,,-,,,332,,,,,,,,,,,,,,,,,,,,,
227,"Kareo, Inc.",One stop,,L + 9.00,,,N/A  (6),,06/2022,,-,,,-,,,-,,,-,,,,,,,,,,,,,,,,,,,,,
228,"Keais Records Service, LLC",One stop,,L + 4.50,(a),,7.02,,10/2024,,8812,,,8684,,,0.9,,,8768,,,,,,,,,,,,,,,,,,,,,
229,"Keais Records Service, LLC",One stop,,L + 4.50,,,N/A  (6),,10/2024,,-,,,-,,,-,,,-,,,,,,,,,,,,,,,,,,,,,
230,"Keais Records Service, LLC  (5)",One stop,,L + 4.50,,,N/A  (6),,10/2024,,-,,,(1,,,-,,,(1,,,,,,,,,,,,,,,,,,,,,
231,Maverick Bidco Inc.  *#,One stop,,L + 6.25,(c),,9.05,,04/2023,,17424,,,17165,,,1.8,,,17424,,,,,,,,,,,,,,,,,,,,,
232,Maverick Bidco Inc.  *,One stop,,L + 6.25,(c),,9.05,,04/2023,,167,,,166,,,-,,,167,,,,,,,,,,,,,,,,,,,,,
233,Maverick Bidco Inc.,One stop,,L + 6.25,(a),,8.73,,04/2023,,33,,,32,,,-,,,33,,,,,,,,,,,,,,,,,,,,,
234,"Ministry Brands, LLC  #",Senior loan,,L + 4.00,(a),,6.52,,12/2022,,864,,,860,,,0.1,,,864,,,,,,,,,,,,,,,,,,,,,
235,"Ministry Brands, LLC  #",Senior loan,,L + 4.00,(a),,6.52,,12/2022,,494,,,492,,,0.1,,,494,,,,,,,,,,,,,,,,,,,,,
236,"Ministry Brands, LLC",Senior loan,,L + 4.00,(a),,6.52,,12/2022,,18,,,18,,,-,,,18,,,,,,,,,,,,,,,,,,,,,
237,MMan Acquisition Co.  ^*,One stop,,L + 6.00,(c),,8.53,,08/2023,,9726,,,9614,,,1.0,,,9240,,,,,,,,,,,,,,,,,,,,,
238,MMan Acquisition Co.,One stop,,L + 6.00,(c),,8.53,,08/2023,,100,,,99,,,-,,,95,,,,,,,,,,,,,,,,,,,,,
239,Net Health Acquisition Corp.  *,One stop,,L + 5.50,(a),,8.02,,12/2023,,3847,,,3815,,,0.4,,,3847,,,,,,,,,,,,,,,,,,,,,
240,Net Health Acquisition Corp.  *,One stop,,L + 5.50,(a),,8.02,,12/2023,,538,,,535,,,0.1,,,538,,,,,,,,,,,,,,,,,,,,,
241,Net Health Acquisition Corp.,One stop,,L + 5.50,,,N/A  (6),,12/2023,,-,,,-,,,-,,,-,,,,,,,,,,,,,,,,,,,,,
242,"Netsmart Technologies, Inc.  #",Senior loan,,L + 3.75,(a),,6.27,,04/2023,,1732,,,1721,,,0.2,,,1726,,,,,,,,,,,,,,,,,,,,,
243,"Netsmart Technologies, Inc.  (5)",Senior loan,,L + 4.75,,,N/A  (6),,04/2023,,-,,,(6,,,-,,,(1,,,,,,,,,,,,,,,,,,,,,
244,"Nextech Systems, LLC  *#",One stop,,L + 6.00,(a),,8.52,,03/2024,,10331,,,10297,,,1.1,,,10331,,,,,,,,,,,,,,,,,,,,,
245,"Nextech Systems, LLC",One stop,,L + 6.00,,,N/A  (6),,03/2024,,-,,,-,,,-,,,-,,,,,,,,,,,,,,,,,,,,,
246,,Investment Type,,Spread  Above  Index  (1),,Interest  Rate  (2),,Maturity  Date,,Principal ($) /  Shares  (3),,Amortized Cost,,Percentage  of Net  Assets,,Fair  Value  (4),,,,,,,,,,,,,,,,,,,,,,,,,
247,Diversified/Conglomerate Service - (continued),,,,,,,,,,,,,,,,,,,,,,,,,,,,,,,,,,,,,,,,
248,"Nexus Brands Group, Inc.  *",One stop,,L + 6.00,(c),,8.78,,11/2023,,,5736,,,,5677,,,,0.6,,,,5736,,,,,,,,,,,,,,,,,
249,"Nexus Brands Group, Inc.  #(8)(9)",One stop,,L + 6.00,(i),,7.00,,11/2023,,3255,,,3223,,,0.3,,,3227,,,,,,,,,,,,,,,,,,,,,
250,"Nexus Brands Group, Inc.",One stop,,L + 6.00,(c),,8.80,,11/2023,,90,,,90,,,-,,,90,,,,,,,,,,,,,,,,,,,,,
251,"Nexus Brands Group, Inc.",One stop,,L + 6.00,(a),,8.48,,11/2023,,34,,,33,,,-,,,34,,,,,,,,,,,,,,,,,,,,,
252,"Nexus Brands Group, Inc.  (5)(8)(9)",One stop,,L + 6.00,,,N/A  (6),,11/2023,,-,,,-,,,-,,,-,,,,,,,,,,,,,,,,,,,,,
253,"Nexus Brands Group, Inc.  (5)(8)(9)",One stop,,L + 6.00,,,N/A  (6),,11/2023,,-,,,(1,,,-,,,(1,,,,,,,,,,,,,,,,,,,,,
254,"Nexus Brands Group, Inc.  (5)",One stop,,L + 6.00,,,N/A  (6),,11/2023,,-,,,(1,,,-,,,-,,,,,,,,,,,,,,,,,,,,,
255,"Personify, Inc.  #",One stop,,L + 5.75,(c),,8.55,,09/2024,,7314,,,7244,,,0.8,,,7241,,,,,,,,,,,,,,,,,,,,,
256,"Personify, Inc.  (5)",One stop,,L + 5.75,,,N/A  (6),,09/2024,,-,,,(1,,,-,,,(1,,,,,,,,,,,,,,,,,,,,,
257,"Property Brands, Inc.",One stop,,L + 6.00,(a),,8.52,,01/2024,,10845,,,10639,,,1.1,,,10845,,,,,,,,,,,,,,,,,,,,,
258,"Property Brands, Inc.  ^",One stop,,L + 6.00,(a),,8.52,,01/2024,,218,,,216,,,-,,,218,,,,,,,,,,,,,,,,,,,,,
259,"Property Brands, Inc.",One stop,,L + 6.00,(a),,8.52,,01/2024,,60,,,59,,,-,,,60,,,,,,,,,,,,,,,,,,,,,
260,"Property Brands, Inc.  (5)",One stop,,L + 6.00,,,N/A  (6),,01/2024,,-,,,(1,,,-,,,-,,,,,,,,,,,,,,,,,,,,,
261,"RegEd Aquireco, LLC",Senior loan,,L + 4.25,(c),,6.72,,12/2024,,8793,,,8640,,,0.9,,,8727,,,,,,,,,,,,,,,,,,,,,
262,"RegEd Aquireco, LLC  (5)",Senior loan,,L + 4.25,,,N/A  (6),,12/2024,,-,,,(1,,,-,,,(1,,,,,,,,,,,,,,,,,,,,,
263,"RegEd Aquireco, LLC  (5)",Senior loan,,L + 4.25,,,N/A  (6),,12/2024,,-,,,(6,,,-,,,(5,,,,,,,,,,,,,,,,,,,,,
264,"Saba Software, Inc.  ^*#",Senior loan,,L + 4.50,(a),,7.02,,05/2023,,22457,,,22175,,,2.3,,,22345,,,,,,,,,,,,,,,,,,,,,
265,"Saba Software, Inc.  #",Senior loan,,L + 4.50,(a),,7.02,,05/2023,,7235,,,7165,,,0.7,,,7199,,,,,,,,,,,,,,,,,,,,,
266,"Saba Software, Inc.  (5)",Senior loan,,L + 4.50,,,N/A  (6),,05/2023,,-,,,(2,,,-,,,(1,,,,,,,,,,,,,,,,,,,,,
267,"Saldon Holdings, Inc.  *",Senior loan,,L + 4.25,(a)(c),,6.78,,09/2022,,1402,,,1391,,,0.2,,,1402,,,,,,,,,,,,,,,,,,,,,
268,"Telesoft, LLC  *",One stop,,L + 5.00,(c),,7.40,,07/2022,,4150,,,4120,,,0.4,,,4150,,,,,,,,,,,,,,,,,,,,,
269,"Telesoft, LLC  (5)",One stop,,L + 5.00,,,N/A  (6),,07/2022,,-,,,(1,,,-,,,-,,,,,,,,,,,,,,,,,,,,,
270,"TI Intermediate Holdings, LLC  #",Senior loan,,L + 4.50,(a),,7.02,,12/2024,,1675,,,1659,,,0.2,,,1658,,,,,,,,,,,,,,,,,,,,,
271,"TI Intermediate Holdings, LLC",Senior loan,,L + 4.50,(a),,7.02,,12/2024,,3,,,3,,,-,,,3,,,,,,,,,,,,,,,,,,,,,
272,"Transaction Data Systems, Inc.  *#",One stop,,L + 5.25,(a),,7.78,,06/2021,,38953,,,38806,,,4.0,,,38953,,,,,,,,,,,,,,,,,,,,,
273,"Transaction Data Systems, Inc.",One stop,,L + 5.25,(a),,7.74,,06/2021,,65,,,64,,,-,,,65,,,,,,,,,,,,,,,,,,,,,
274,"Trintech, Inc.  ^#",One stop,,L + 6.00,(c),,8.53,,12/2023,,10848,,,10735,,,1.1,,,10848,,,,,,,,,,,,,,,,,,,,,
275,"Trintech, Inc.  ^",One stop,,L + 6.00,(c),,8.53,,12/2023,,3403,,,3368,,,0.4,,,3403,,,,,,,,,,,,,,,,,,,,,
276,"Trintech, Inc.",One stop,,L + 6.00,(c),,8.52,,12/2023,,50,,,48,,,-,,,50,,,,,,,,,,,,,,,,,,,,,
277,"True Commerce, Inc.  ^",One stop,,L + 5.75,(c),,8.55,,11/2023,,5596,,,5538,,,0.6,,,5596,,,,,,,,,,,,,,,,,,,,,
278,"True Commerce, Inc.  (5)",One stop,,L + 5.75,,,N/A  (6),,11/2023,,-,,,(1,,,-,,,-,,,,,,,,,,,,,,,,,,,,,
279,"Upserve, Inc.",One stop,,L + 5.50,(a),,8.02,,07/2023,,2969,,,2949,,,0.3,,,2969,,,,,,,,,,,,,,,,,,,,,
280,"Upserve, Inc.",One stop,,L + 5.50,,,N/A  (6),,07/2023,,-,,,-,,,-,,,-,,,,,,,,,,,,,,,,,,,,,
281,"Upserve, Inc.  (5)",One stop,,L + 5.50,,,N/A  (6),,07/2023,,-,,,(1,,,-,,,-,,,,,,,,,,,,,,,,,,,,,
282,"Valant Medical Solutions, Inc.",One stop,,L + 11.00,(c),,11.15 cash/2.25 PIK,,10/2020,,830,,,782,,,0.1,,,830,,,,,,,,,,,,,,,,,,,,,
283,"Valant Medical Solutions, Inc.",Subordinated debt,,N/A,,,6.00 PIK,,02/2020,,149,,,149,,,-,,,224,,,,,,,,,,,,,,,,,,,,,
284,"Valant Medical Solutions, Inc.",One stop,,L + 11.00,(c),,11.15 cash/2.25 PIK,,10/2020,,10,,,10,,,-,,,10,,,,,,,,,,,,,,,,,,,,,
285,"Velocity Technology Solutions, Inc.  *",One stop,,L + 6.00,(c),,8.80,,12/2023,,8207,,,8088,,,0.9,,,8207,,,,,,,,,,,,,,,,,,,,,
286,"Velocity Technology Solutions, Inc.  (5)",One stop,,L + 6.00,,,N/A  (6),,12/2023,,-,,,(1,,,-,,,-,,,,,,,,,,,,,,,,,,,,,
287,"Vendavo, Inc.  *",One stop,,L + 8.50,(c),,11.21,,10/2022,,28935,,,28472,,,3.0,,,28935,,,,,,,,,,,,,,,,,,,,,
288,"Vendavo, Inc.",One stop,,L + 8.50,,,N/A  (6),,10/2022,,-,,,(9,,,-,,,-,,,,,,,,,,,,,,,,,,,,,
289,Verisys Corporation  *,One stop,,L + 7.75,(c),,10.55,,01/2023,,3876,,,3836,,,0.4,,,3876,,,,,,,,,,,,,,,,,,,,,
290,Verisys Corporation  (5),One stop,,L + 7.75,,,N/A  (6),,01/2023,,-,,,(1,,,-,,,-,,,,,,,,,,,,,,,,,,,,,
291,"Workforce Software, LLC  ^",One stop,,L + 6.50,(c),,8.91,,06/2021,,5790,,,5759,,,0.6,,,5790,,,,,,,,,,,,,,,,,,,,,
292,"Workforce Software, LLC",One stop,,L + 6.50,(c),,9.21,,06/2021,,577,,,572,,,0.1,,,577,,,,,,,,,,,,,,,,,,,,,
293,"Workforce Software, LLC  (5)",One stop,,L + 6.50,,,N/A  (6),,06/2021,,-,,,(1,,,-,,,-,,,,,,,,,,,,,,,,,,,,,
294,,,,,,,,,,,527449,,,521053,,,54.6,,,525968,,,,,,,,,,,,,,,,,,,,,
295,,Investment Type,,Spread  Above  Index  (1),,Interest  Rate  (2),,Maturity  Date,,Principal ($) /  Shares  (3),,Amortized Cost,,Percentage  of Net  Assets,,Fair  Value  (4),,,,,,,,,,,,,,,,,,,,,,,,,
296,Ecological,,,,,,,,,,,,,,,,,,,,,,,,,,,,,,,,,,,,,,,,
297,"Pace Analytical Services, LLC",One stop,,L + 5.50,(a),,8.02,,09/2022,,,15152,,,,14856,,,,1.6,,,,15152,,,,,,,,,,,,,,,,,
298,"Pace Analytical Services, LLC  ^",One stop,,L + 5.50,(a),,8.02,,09/2022,,1409,,,1390,,,0.2,,,1409,,,,,,,,,,,,,,,,,,,,,
299,"Pace Analytical Services, LLC  *",One stop,,L + 5.50,(a),,8.02,,09/2022,,715,,,706,,,0.1,,,715,,,,,,,,,,,,,,,,,,,,,
300,"Pace Analytical Services, LLC  *",One stop,,L + 5.50,(a),,8.02,,09/2022,,345,,,340,,,-,,,345,,,,,,,,,,,,,,,,,,,,,
301,"Pace Analytical Services, LLC  ^",One stop,,L + 5.50,(a)(c),,8.01,,09/2022,,118,,,116,,,-,,,118,,,,,,,,,,,,,,,,,,,,,
302,"Pace Analytical Services, LLC",One stop,,L + 5.50,(a),,8.02,,09/2022,,54,,,51,,,-,,,54,,,,,,,,,,,,,,,,,,,,,
303,"Pace Analytical Services, LLC",One stop,,L + 5.50,(a),,8.01,,09/2022,,10,,,8,,,-,,,10,,,,,,,,,,,,,,,,,,,,,
304,"Pace Analytical Services, LLC  (5)",One stop,,L + 5.50,,,N/A  (6),,09/2022,,-,,,(1,,,-,,,-,,,,,,,,,,,,,,,,,,,,,
305,WRE Holding Corp.  *,Senior loan,,L + 5.00,(a)(f),,7.53,,01/2023,,1008,,,1000,,,0.1,,,1008,,,,,,,,,,,,,,,,,,,,,
306,WRE Holding Corp.,Senior loan,,L + 5.00,(a)(f),,7.53,,01/2023,,42,,,42,,,-,,,42,,,,,,,,,,,,,,,,,,,,,
307,WRE Holding Corp.,Senior loan,,L + 5.00,(a)(f),,7.44,,01/2023,,12,,,12,,,-,,,12,,,,,,,,,,,,,,,,,,,,,
308,WRE Holding Corp.,Senior loan,,L + 5.00,(a)(c)(f),,7.52,,01/2023,,12,,,12,,,-,,,12,,,,,,,,,,,,,,,,,,,,,
309,,,,,,,,,,,18877,,,18532,,,2.0,,,18877,,,,,,,,,,,,,,,,,,,,,
310,Electronics,,,,,,,,,,,,,,,,,,,,,,,,,,,,,,,,,,,,,,,,
311,"Appriss Holdings, Inc.  ^*#",One stop,,L + 6.25,(c),,9.05,,05/2022,,36306,,,35956,,,3.8,,,36306,,,,,,,,,,,,,,,,,,,,,
312,"Appriss Holdings, Inc.  (5)",One stop,,L + 6.25,,,N/A  (6),,05/2022,,-,,,(31,,,-,,,-,,,,,,,,,,,,,,,,,,,,,
313,"Compusearch Software Holdings, Inc.  ^#",Senior loan,,L + 4.25,(c),,7.05,,05/2021,,2062,,,2059,,,0.2,,,2062,,,,,,,,,,,,,,,,,,,,,
314,Diligent Corporation  *#,One stop,,L + 5.50,(c),,8.09,,04/2022,,26066,,,25810,,,2.7,,,26066,,,,,,,,,,,,,,,,,,,,,
315,Diligent Corporation  #,One stop,,L + 5.50,(c),,8.09,,04/2022,,4867,,,4808,,,0.5,,,4867,,,,,,,,,,,,,,,,,,,,,
316,Diligent Corporation  *,One stop,,L + 5.50,(c),,8.09,,04/2022,,4778,,,4693,,,0.5,,,4778,,,,,,,,,,,,,,,,,,,,,
317,Diligent Corporation  ^*,One stop,,L + 5.50,(c),,8.09,,04/2022,,2616,,,2582,,,0.3,,,2616,,,,,,,,,,,,,,,,,,,,,
318,Diligent Corporation,One stop,,L + 5.50,(d),,8.39,,04/2022,,102,,,101,,,-,,,102,,,,,,,,,,,,,,,,,,,,,
319,Diligent Corporation,One stop,,L + 5.50,(c),,8.03,,04/2022,,81,,,80,,,-,,,81,,,,,,,,,,,,,,,,,,,,,
320,Diligent Corporation,One stop,,L + 5.50,(c),,8.28,,04/2022,,78,,,75,,,-,,,78,,,,,,,,,,,,,,,,,,,,,
321,Diligent Corporation,One stop,,L + 5.50,(d),,8.03,,04/2022,,36,,,35,,,-,,,36,,,,,,,,,,,,,,,,,,,,,
322,Diligent Corporation  (5),One stop,,L + 5.50,,,N/A  (6),,04/2022,,-,,,(1,,,-,,,-,,,,,,,,,,,,,,,,,,,,,
323,Diligent Corporation  (5),One stop,,L + 5.50,,,N/A  (6),,04/2022,,-,,,(4,,,-,,,-,,,,,,,,,,,,,,,,,,,,,
324,"Episerver, Inc.  (8)(9)(11)",One stop,,L + 6.00,(a),,6.00,,10/2024,,9986,,,9859,,,1.0,,,9865,,,,,,,,,,,,,,,,,,,,,
325,"Episerver, Inc.  (11)",One stop,,L + 5.75,(a),,8.27,,10/2024,,5789,,,5715,,,0.6,,,5731,,,,,,,,,,,,,,,,,,,,,
326,"Episerver, Inc.  (5)",One stop,,L + 5.75,,,N/A  (6),,10/2024,,-,,,(3,,,-,,,(2,,,,,,,,,,,,,,,,,,,,,
327,"Gamma Technologies, LLC  ^*#",One stop,,L + 5.50,(a),,8.02,,06/2024,,21425,,,21250,,,2.2,,,21425,,,,,,,,,,,,,,,,,,,,,
328,"Gamma Technologies, LLC  (5)",One stop,,L + 5.50,,,N/A  (6),,06/2024,,-,,,(1,,,-,,,-,,,,,,,,,,,,,,,,,,,,,
329,"SEI, Inc.  *",Senior loan,,L + 5.25,(a),,7.77,,07/2023,,5036,,,4989,,,0.5,,,5036,,,,,,,,,,,,,,,,,,,,,
330,"Sloan Company, Inc., The  #",One stop,,L + 8.50,(c),,11.30,,04/2020,,6525,,,6490,,,0.5,,,4567,,,,,,,,,,,,,,,,,,,,,
331,"Sloan Company, Inc., The",One stop,,L + 8.50,(c),,11.30,,04/2020,,436,,,436,,,-,,,305,,,,,,,,,,,,,,,,,,,,,
332,"Sloan Company, Inc., The",One stop,,L + 8.50,(c),,11.30,,04/2020,,51,,,51,,,-,,,36,,,,,,,,,,,,,,,,,,,,,
333,Sovos Compliance  ^*,One stop,,L + 6.00,(a),,8.52,,03/2022,,9211,,,9109,,,1.0,,,9211,,,,,,,,,,,,,,,,,,,,,
334,Sovos Compliance  ^,One stop,,L + 6.00,(a),,8.52,,03/2022,,1549,,,1533,,,0.2,,,1549,,,,,,,,,,,,,,,,,,,,,
335,Sovos Compliance,One stop,,L + 6.00,(a),,8.52,,03/2022,,173,,,172,,,-,,,173,,,,,,,,,,,,,,,,,,,,,
336,Sovos Compliance  (5),One stop,,L + 6.00,,,N/A  (6),,03/2022,,-,,,(1,,,-,,,-,,,,,,,,,,,,,,,,,,,,,
337,Sovos Compliance  (5),One stop,,L + 6.00,,,N/A  (6),,03/2022,,-,,,(2,,,-,,,-,,,,,,,,,,,,,,,,,,,,,
338,"Watchfire Enterprises, Inc.",Second lien,,L + 8.00,(c),,10.80,,10/2021,,9434,,,9346,,,1.0,,,9434,,,,,,,,,,,,,,,,,,,,,
339,,,,,,,,,,,146607,,,145106,,,15.0,,,144322,,,,,,,,,,,,,,,,,,,,,
340,Grocery,,,,,,,,,,,,,,,,,,,,,,,,,,,,,,,,,,,,,,,,
341,"Teasdale Quality Foods, Inc.  #",Senior loan,,L + 5.25,(c)(f),,7.65,,10/2020,,316,,,313,,,-,,,300,,,,,,,,,,,,,,,,,,,,,
342,,Investment Type,,Spread  Above  Index  (1),,Interest  Rate  (2),,Maturity  Date,,Principal ($) /  Shares  (3),,Amortized Cost,,Percentage  of Net  Assets,,Fair  Value  (4),,,,,,,,,,,,,,,,,,,,,,,,,
343,"Healthcare, Education and Childcare",,,,,,,,,,,,,,,,,,,,,,,,,,,,,,,,,,,,,,,,
344,"Active Day, Inc.",One stop,,L + 6.00,(c),,8.80,,12/2021,,,13231,,,,13053,,,,1.3,,,,12834,,,,,,,,,,,,,,,,,
345,"Active Day, Inc.  ^",One stop,,L + 6.00,(c),,8.80,,12/2021,,1021,,,1012,,,0.1,,,990,,,,,,,,,,,,,,,,,,,,,
346,"Active Day, Inc.  *",One stop,,L + 6.00,(c),,8.80,,12/2021,,658,,,653,,,0.1,,,638,,,,,,,,,,,,,,,,,,,,,
347,"Active Day, Inc.  *",One stop,,L + 6.00,(c),,8.80,,12/2021,,454,,,451,,,0.1,,,441,,,,,,,,,,,,,,,,,,,,,
348,"Active Day, Inc.",One stop,,P + 5.00,(f),,10.50,,12/2021,,50,,,49,,,-,,,48,,,,,,,,,,,,,,,,,,,,,
349,"Acuity Eyecare Holdings, LLC",One stop,,L + 6.75,(c),,9.40,,03/2022,,2564,,,2523,,,0.3,,,2564,,,,,,,,,,,,,,,,,,,,,
350,"Acuity Eyecare Holdings, LLC",One stop,,L + 6.75,(c),,9.46,,03/2022,,203,,,181,,,-,,,203,,,,,,,,,,,,,,,,,,,,,
351,"Acuity Eyecare Holdings, LLC  ^",One stop,,L + 6.75,(c),,9.41,,03/2022,,149,,,148,,,-,,,149,,,,,,,,,,,,,,,,,,,,,
352,"Acuity Eyecare Holdings, LLC",One stop,,L + 6.75,,,N/A  (6),,03/2022,,-,,,-,,,-,,,-,,,,,,,,,,,,,,,,,,,,,
353,"Acuity Eyecare Holdings, LLC  (5)",One stop,,L + 6.25,,,N/A  (6),,12/2020,,-,,,(5,,,-,,,-,,,,,,,,,,,,,,,,,,,,,
354,"ADCS Clinics Intermediate Holdings, LLC",One stop,,L + 5.75,(a),,8.27,,05/2022,,21011,,,20618,,,2.2,,,21011,,,,,,,,,,,,,,,,,,,,,
355,"ADCS Clinics Intermediate Holdings, LLC  *",One stop,,L + 5.75,(a),,8.27,,05/2022,,107,,,105,,,-,,,107,,,,,,,,,,,,,,,,,,,,,
356,"ADCS Clinics Intermediate Holdings, LLC  *",One stop,,L + 5.75,(a),,8.27,,05/2022,,83,,,82,,,-,,,83,,,,,,,,,,,,,,,,,,,,,
357,"ADCS Clinics Intermediate Holdings, LLC  *",One stop,,L + 5.75,(a),,8.27,,05/2022,,31,,,31,,,-,,,31,,,,,,,,,,,,,,,,,,,,,
358,"ADCS Clinics Intermediate Holdings, LLC",One stop,,P + 4.75,(f),,10.25,,05/2022,,25,,,24,,,-,,,25,,,,,,,,,,,,,,,,,,,,,
359,"Agilitas USA, Inc.  *",One stop,,L + 5.50,(c),,7.90,,04/2022,,8333,,,8279,,,0.9,,,8333,,,,,,,,,,,,,,,,,,,,,
360,"Agilitas USA, Inc.",One stop,,L + 5.50,(c),,7.90,,04/2022,,10,,,10,,,-,,,10,,,,,,,,,,,,,,,,,,,,,
361,"Agilitas USA, Inc.",One stop,,L + 5.50,,,N/A  (6),,04/2022,,-,,,-,,,-,,,-,,,,,,,,,,,,,,,,,,,,,
362,"Aris Teleradiology Company, LLC  (7)",Senior loan,,L + 5.50,(c),,8.30,,03/2021,,2693,,,2678,,,0.1,,,1112,,,,,,,,,,,,,,,,,,,,,
363,"Aris Teleradiology Company, LLC  (7)",Senior loan,,L + 5.50,(a)(c)(d),,8.09,,03/2021,,317,,,317,,,-,,,70,,,,,,,,,,,,,,,,,,,,,
364,"BIO18 Borrower, LLC",One stop,,L + 5.50,(b),,8.12,,11/2024,,7242,,,7082,,,0.8,,,7169,,,,,,,,,,,,,,,,,,,,,
365,"BIO18 Borrower, LLC  (5)",One stop,,L + 5.50,,,N/A  (6),,11/2024,,-,,,(1,,,-,,,(1,,,,,,,,,,,,,,,,,,,,,
366,"BIO18 Borrower, LLC  (5)",One stop,,L + 5.50,,,N/A  (6),,11/2024,,-,,,(4,,,-,,,(4,,,,,,,,,,,,,,,,,,,,,
367,"BIOVT, LLC  ^*",One stop,,L + 5.75,(a),,8.27,,01/2021,,18442,,,18308,,,1.9,,,18258,,,,,,,,,,,,,,,,,,,,,
368,"BIOVT, LLC",One stop,,L + 5.75,(a),,8.27,,01/2021,,161,,,160,,,-,,,159,,,,,,,,,,,,,,,,,,,,,
369,"BIOVT, LLC  (5)",One stop,,L + 5.75,,,N/A  (6),,01/2021,,-,,,(1,,,-,,,(1,,,,,,,,,,,,,,,,,,,,,
370,"BIOVT, LLC  (5)",One stop,,L + 5.75,,,N/A  (6),,01/2021,,-,,,(2,,,-,,,(3,,,,,,,,,,,,,,,,,,,,,
371,"CLP Healthcare Services, Inc.  ^",Senior loan,,L + 5.50,(a),,8.02,,12/2020,,3875,,,3851,,,0.4,,,3875,,,,,,,,,,,,,,,,,,,,,
372,"CRH Healthcare Purchaser, Inc.  #",Senior loan,,L + 4.50,(c),,7.30,,12/2024,,8266,,,8184,,,0.9,,,8183,,,,,,,,,,,,,,,,,,,,,
373,"CRH Healthcare Purchaser, Inc.  (5)",Senior loan,,L + 4.50,,,N/A  (6),,12/2024,,-,,,(2,,,-,,,(2,,,,,,,,,,,,,,,,,,,,,
374,"CRH Healthcare Purchaser, Inc.  (5)",Senior loan,,L + 4.50,,,N/A  (6),,12/2020,,-,,,(3,,,-,,,(3,,,,,,,,,,,,,,,,,,,,,
375,"DCA Investment Holding, LLC  ^*",One stop,,L + 5.25,(c),,8.05,,07/2021,,18536,,,18363,,,1.9,,,18536,,,,,,,,,,,,,,,,,,,,,
376,"DCA Investment Holding, LLC  ^*#",One stop,,L + 5.25,(c),,8.05,,07/2021,,13295,,,13222,,,1.4,,,13295,,,,,,,,,,,,,,,,,,,,,
377,"DCA Investment Holding, LLC  *",One stop,,L + 5.25,(c),,8.05,,07/2021,,2444,,,2418,,,0.3,,,2444,,,,,,,,,,,,,,,,,,,,,
378,"DCA Investment Holding, LLC",One stop,,L + 5.25,(a)(c),,7.92,,07/2021,,195,,,188,,,-,,,195,,,,,,,,,,,,,,,,,,,,,
379,"DCA Investment Holding, LLC  *",One stop,,L + 5.25,(c),,8.05,,07/2021,,151,,,149,,,-,,,151,,,,,,,,,,,,,,,,,,,,,
380,"DCA Investment Holding, LLC  *",One stop,,L + 5.25,(c),,8.05,,07/2021,,148,,,146,,,-,,,148,,,,,,,,,,,,,,,,,,,,,
381,"DCA Investment Holding, LLC",One stop,,P + 4.25,(f),,9.75,,07/2021,,92,,,84,,,-,,,92,,,,,,,,,,,,,,,,,,,,,
382,"DCA Investment Holding, LLC  *",One stop,,L + 5.25,(c),,8.05,,07/2021,,47,,,47,,,-,,,47,,,,,,,,,,,,,,,,,,,,,
383,Deca Dental Management LLC  ^*,One stop,,L + 6.00,(c),,8.80,,07/2020,,4052,,,4004,,,0.4,,,4052,,,,,,,,,,,,,,,,,,,,,
384,Deca Dental Management LLC,One stop,,L + 6.00,(a)(c),,8.67,,07/2020,,493,,,487,,,0.1,,,493,,,,,,,,,,,,,,,,,,,,,
385,Deca Dental Management LLC  #,One stop,,L + 6.00,(c),,8.80,,12/2021,,356,,,353,,,-,,,356,,,,,,,,,,,,,,,,,,,,,
386,Deca Dental Management LLC,One stop,,L + 6.00,(a),,8.52,,07/2020,,8,,,7,,,-,,,8,,,,,,,,,,,,,,,,,,,,,
387,Deca Dental Management LLC  (5),One stop,,L + 6.00,,,N/A  (6),,12/2021,,-,,,(1,,,-,,,-,,,,,,,,,,,,,,,,,,,,,
388,Dental Holdings Corporation,One stop,,L + 5.50,(c),,8.03,,02/2020,,7132,,,7082,,,0.7,,,7132,,,,,,,,,,,,,,,,,,,,,
389,Dental Holdings Corporation,One stop,,L + 5.50,(c),,8.03,,02/2020,,1133,,,1127,,,0.1,,,1133,,,,,,,,,,,,,,,,,,,,,
390,Dental Holdings Corporation,One stop,,L + 5.50,(c)(f),,7.90,,02/2020,,220,,,215,,,-,,,220,,,,,,,,,,,,,,,,,,,,,
391,Elite Dental Partners LLC  *,One stop,,L + 5.25,(a),,7.77,,06/2023,,12243,,,12077,,,1.3,,,12243,,,,,,,,,,,,,,,,,,,,,
392,,Investment Type,,Spread  Above  Index  (1),,Interest  Rate  (2),,Maturity  Date,,Principal ($) /  Shares  (3),,Amortized Cost,,Percentage  of Net  Assets,,Fair  Value  (4),,,,,,,,,,,,,,,,,,,,,,,,,
393,"Healthcare, Education and Childcare - (continued)",,,,,,,,,,,,,,,,,,,,,,,,,,,,,,,,,,,,,,,,
394,Elite Dental Partners LLC,One stop,,L + 5.25,(a),,7.77,,06/2023,,,115,,,,113,,,,-,,,,115,,,,,,,,,,,,,,,,,
395,Elite Dental Partners LLC,One stop,,L + 5.25,(a),,7.77,,06/2023,,110,,,109,,,-,,,110,,,,,,,,,,,,,,,,,,,,,
396,Elite Dental Partners LLC,One stop,,L + 5.25,(a),,7.77,,06/2023,,43,,,42,,,-,,,43,,,,,,,,,,,,,,,,,,,,,
397,Elite Dental Partners LLC  (5),One stop,,L + 5.25,,,N/A  (6),,06/2023,,-,,,(10,,,-,,,-,,,,,,,,,,,,,,,,,,,,,
398,"ERG Buyer, LLC  *",One stop,,L + 5.50,(c),,8.30,,05/2024,,13150,,,12970,,,1.3,,,12624,,,,,,,,,,,,,,,,,,,,,
399,"ERG Buyer, LLC  (5)",One stop,,L + 5.50,,,N/A  (6),,05/2024,,-,,,(2,,,-,,,(6,,,,,,,,,,,,,,,,,,,,,
400,"ERG Buyer, LLC  (5)",One stop,,L + 5.50,,,N/A  (6),,05/2024,,-,,,(10,,,-,,,(30,,,,,,,,,,,,,,,,,,,,,
401,"eSolutions, Inc.  ^*",One stop,,L + 6.50,(a),,9.02,,03/2022,,31639,,,31286,,,3.3,,,31639,,,,,,,,,,,,,,,,,,,,,
402,"eSolutions, Inc.  (5)",One stop,,L + 6.50,,,N/A  (6),,03/2022,,-,,,(1,,,-,,,-,,,,,,,,,,,,,,,,,,,,,
403,Excelligence Learning Corporation  ^,One stop,,L + 6.00,(a),,8.52,,04/2023,,4503,,,4468,,,0.4,,,4233,,,,,,,,,,,,,,,,,,,,,
404,Eyecare Services Partners Holdings LLC,One stop,,L + 6.25,(c),,9.05,,05/2023,,7906,,,7747,,,0.8,,,7748,,,,,,,,,,,,,,,,,,,,,
405,Eyecare Services Partners Holdings LLC  *,One stop,,L + 6.25,(c),,9.05,,05/2023,,574,,,565,,,0.1,,,563,,,,,,,,,,,,,,,,,,,,,
406,Eyecare Services Partners Holdings LLC  *,One stop,,L + 6.25,(c),,9.05,,05/2023,,354,,,352,,,-,,,347,,,,,,,,,,,,,,,,,,,,,
407,Eyecare Services Partners Holdings LLC,One stop,,L + 6.25,(c),,9.03,,05/2023,,200,,,197,,,-,,,196,,,,,,,,,,,,,,,,,,,,,
408,Eyecare Services Partners Holdings LLC  *,One stop,,L + 6.25,(c),,9.05,,05/2023,,172,,,171,,,-,,,168,,,,,,,,,,,,,,,,,,,,,
409,Eyecare Services Partners Holdings LLC  *,One stop,,L + 6.25,(c),,9.05,,05/2023,,100,,,99,,,-,,,98,,,,,,,,,,,,,,,,,,,,,
410,Eyecare Services Partners Holdings LLC  *,One stop,,L + 6.25,(c),,9.05,,05/2023,,57,,,57,,,-,,,56,,,,,,,,,,,,,,,,,,,,,
411,Eyecare Services Partners Holdings LLC  *,One stop,,L + 6.25,(c),,9.05,,05/2023,,50,,,50,,,-,,,49,,,,,,,,,,,,,,,,,,,,,
412,Eyecare Services Partners Holdings LLC  *,One stop,,L + 6.25,(c),,9.05,,05/2023,,33,,,28,,,-,,,32,,,,,,,,,,,,,,,,,,,,,
413,Eyecare Services Partners Holdings LLC,One stop,,L + 6.25,(c),,9.05,,05/2023,,32,,,26,,,-,,,31,,,,,,,,,,,,,,,,,,,,,
414,"G & H Wire Company, Inc.  ^",One stop,,L + 5.75,(b),,8.37,,09/2023,,5411,,,5356,,,0.6,,,5411,,,,,,,,,,,,,,,,,,,,,
415,"G & H Wire Company, Inc.  (5)",One stop,,L + 5.75,,,N/A  (6),,09/2022,,-,,,(1,,,-,,,-,,,,,,,,,,,,,,,,,,,,,
416,"Immucor, Inc.  #",Senior loan,,L + 5.00,(c),,7.80,,06/2021,,1593,,,1578,,,0.2,,,1570,,,,,,,,,,,,,,,,,,,,,
417,"Joerns Healthcare, LLC  ^*",One stop,,L + 6.00,(c),,8.71,,05/2020,,3497,,,3479,,,0.3,,,3135,,,,,,,,,,,,,,,,,,,,,
418,"Katena Holdings, Inc.  ^",One stop,,L + 5.50,(c),,8.30,,06/2021,,8501,,,8450,,,0.9,,,8501,,,,,,,,,,,,,,,,,,,,,
419,"Katena Holdings, Inc.  ^",One stop,,L + 5.50,(c),,8.30,,06/2021,,830,,,826,,,0.1,,,830,,,,,,,,,,,,,,,,,,,,,
420,"Katena Holdings, Inc.  #",One stop,,L + 5.50,(c),,8.30,,06/2021,,567,,,561,,,0.1,,,567,,,,,,,,,,,,,,,,,,,,,
421,"Katena Holdings, Inc.  (5)",One stop,,L + 5.50,,,N/A  (6),,06/2021,,-,,,(1,,,-,,,-,,,,,,,,,,,,,,,,,,,,,
422,"Lombart Brothers, Inc.  ^*",One stop,,L + 6.75,(c),,9.55,,04/2022,,5029,,,4932,,,0.5,,,5029,,,,,,,,,,,,,,,,,,,,,
423,"Lombart Brothers, Inc.  ^(8)",One stop,,L + 6.75,(c),,9.55,,04/2022,,1643,,,1618,,,0.2,,,1643,,,,,,,,,,,,,,,,,,,,,
424,"Lombart Brothers, Inc.",One stop,,P + 5.50,(f),,11.00,,04/2022,,33,,,32,,,-,,,33,,,,,,,,,,,,,,,,,,,,,
425,"Lombart Brothers, Inc.  (8)",One stop,,P + 5.50,(f),,11.00,,04/2022,,3,,,3,,,-,,,3,,,,,,,,,,,,,,,,,,,,,
426,"Maverick Healthcare Group, LLC",Senior loan,,L + 7.50,(a),,8.02 cash/2.00 PIK,,04/2017,,1247,,,1247,,,0.1,,,1247,,,,,,,,,,,,,,,,,,,,,
427,"MD Now Holdings, Inc.",One stop,,L + 5.25,(c),,8.05,,08/2024,,7750,,,7606,,,0.8,,,7750,,,,,,,,,,,,,,,,,,,,,
428,"MD Now Holdings, Inc.  (5)",One stop,,L + 5.25,,,N/A  (6),,08/2024,,-,,,(1,,,-,,,-,,,,,,,,,,,,,,,,,,,,,
429,"MD Now Holdings, Inc.  (5)",One stop,,L + 5.25,,,N/A  (6),,08/2024,,-,,,(1,,,-,,,-,,,,,,,,,,,,,,,,,,,,,
430,"MWD Management, LLC & MWD Services, Inc.  *",One stop,,L + 5.25,(c),,8.05,,06/2023,,5851,,,5796,,,0.6,,,5851,,,,,,,,,,,,,,,,,,,,,
431,"MWD Management, LLC & MWD Services, Inc.  ^",One stop,,L + 5.25,(c),,8.05,,06/2023,,228,,,227,,,-,,,228,,,,,,,,,,,,,,,,,,,,,
432,"MWD Management, LLC & MWD Services, Inc.  (5)",One stop,,L + 5.25,,,N/A  (6),,06/2022,,-,,,(1,,,-,,,-,,,,,,,,,,,,,,,,,,,,,
433,"MWD Management, LLC & MWD Services, Inc.  (5)",One stop,,L + 5.25,,,N/A  (6),,06/2023,,-,,,(2,,,-,,,-,,,,,,,,,,,,,,,,,,,,,
434,"Oliver Street Dermatology Holdings, LLC",One stop,,L + 6.25,(c),,9.05,,05/2022,,9314,,,9145,,,1.0,,,9314,,,,,,,,,,,,,,,,,,,,,
435,"Oliver Street Dermatology Holdings, LLC",One stop,,L + 6.25,(c),,9.05,,05/2022,,940,,,928,,,0.1,,,940,,,,,,,,,,,,,,,,,,,,,
436,"Oliver Street Dermatology Holdings, LLC  *",One stop,,L + 6.25,(c),,9.05,,05/2022,,209,,,208,,,-,,,209,,,,,,,,,,,,,,,,,,,,,
437,"Oliver Street Dermatology Holdings, LLC  ^",One stop,,L + 6.25,(c),,9.05,,05/2022,,150,,,149,,,-,,,150,,,,,,,,,,,,,,,,,,,,,
438,"Oliver Street Dermatology Holdings, LLC  *",One stop,,L + 6.25,(c),,9.05,,05/2022,,133,,,132,,,-,,,133,,,,,,,,,,,,,,,,,,,,,
439,"Oliver Street Dermatology Holdings, LLC  *",One stop,,L + 6.25,(c),,9.05,,05/2022,,116,,,115,,,-,,,116,,,,,,,,,,,,,,,,,,,,,
440,"Oliver Street Dermatology Holdings, LLC  ^",One stop,,L + 6.25,(c),,9.05,,05/2022,,90,,,89,,,-,,,90,,,,,,,,,,,,,,,,,,,,,
441,,Investment Type,,Spread  Above  Index  (1),,Interest  Rate  (2),,Maturity  Date,,Principal ($) /  Shares  (3),,Amortized Cost,,Percentage  of Net  Assets,,Fair  Value  (4),,,,,,,,,,,,,,,,,,,,,,,,,
442,"Healthcare, Education and Childcare - (continued)",,,,,,,,,,,,,,,,,,,,,,,,,,,,,,,,,,,,,,,,
443,"Oliver Street Dermatology Holdings, LLC",One stop,,L + 6.25,(c)(f),,9.34,,05/2022,,,82,,,,80,,,,-,,,,82,,,,,,,,,,,,,,,,,
444,"Oliver Street Dermatology Holdings, LLC  *",One stop,,L + 6.25,(c),,9.05,,05/2022,,78,,,77,,,-,,,78,,,,,,,,,,,,,,,,,,,,,
445,"Oliver Street Dermatology Holdings, LLC",One stop,,L + 6.25,(c),,9.05,,05/2022,,48,,,48,,,-,,,48,,,,,,,,,,,,,,,,,,,,,
446,"Oliver Street Dermatology Holdings, LLC  ^",One stop,,L + 6.25,(c),,9.05,,05/2022,,46,,,45,,,-,,,46,,,,,,,,,,,,,,,,,,,,,
447,"Oliver Street Dermatology Holdings, LLC  *",One stop,,L + 6.25,(c),,9.05,,05/2022,,41,,,41,,,-,,,41,,,,,,,,,,,,,,,,,,,,,
448,"Oliver Street Dermatology Holdings, LLC  ^",One stop,,L + 6.25,(c),,9.05,,05/2022,,32,,,32,,,-,,,32,,,,,,,,,,,,,,,,,,,,,
449,"Oliver Street Dermatology Holdings, LLC^",One stop,,L + 6.25,(c),,9.05,,05/2022,,30,,,29,,,-,,,30,,,,,,,,,,,,,,,,,,,,,
450,"Oliver Street Dermatology Holdings, LLC  (5)",One stop,,L + 6.25,,,N/A  (6),,05/2022,,-,,,(1,,,-,,,-,,,,,,,,,,,,,,,,,,,,,
451,"ONsite Mammography, LLC",One stop,,L + 6.75,(a),,9.27,,11/2023,,3056,,,2996,,,0.3,,,3056,,,,,,,,,,,,,,,,,,,,,
452,"ONsite Mammography, LLC",One stop,,L + 6.75,(c)(d),,9.44,,11/2023,,28,,,27,,,-,,,28,,,,,,,,,,,,,,,,,,,,,
453,"ONsite Mammography, LLC",One stop,,L + 6.75,(d),,9.62,,11/2023,,4,,,3,,,-,,,4,,,,,,,,,,,,,,,,,,,,,
454,"Pinnacle Treatment Centers, Inc.",One stop,,L + 5.75,(c),,8.28,,08/2021,,9854,,,9701,,,1.0,,,9854,,,,,,,,,,,,,,,,,,,,,
455,"Pinnacle Treatment Centers, Inc.  #",One stop,,L + 5.75,(a),,8.26,,08/2021,,365,,,361,,,-,,,365,,,,,,,,,,,,,,,,,,,,,
456,"Pinnacle Treatment Centers, Inc.  ^",One stop,,L + 5.75,(c),,8.28,,08/2021,,55,,,54,,,-,,,55,,,,,,,,,,,,,,,,,,,,,
457,"Pinnacle Treatment Centers, Inc.",One stop,,L + 5.75,(c),,8.28,,08/2021,,42,,,41,,,-,,,42,,,,,,,,,,,,,,,,,,,,,
458,"Pinnacle Treatment Centers, Inc.",One stop,,L + 5.75,(b)(c),,8.28,,08/2021,,23,,,22,,,-,,,23,,,,,,,,,,,,,,,,,,,,,
459,"Pinnacle Treatment Centers, Inc.  (5)",One stop,,L + 5.75,,,N/A  (6),,08/2021,,-,,,(1,,,-,,,-,,,,,,,,,,,,,,,,,,,,,
460,"PPT Management Holdings, LLC",One stop,,L + 7.50,(a),,9.85,,12/2022,,11050,,,10707,,,1.0,,,9379,,,,,,,,,,,,,,,,,,,,,
461,"PPT Management Holdings, LLC",One stop,,L + 7.50,(a),,9.85,,12/2022,,146,,,146,,,-,,,124,,,,,,,,,,,,,,,,,,,,,
462,"PPT Management Holdings, LLC",One stop,,L + 7.50,(a),,9.85,,12/2022,,86,,,86,,,-,,,73,,,,,,,,,,,,,,,,,,,,,
463,"PPT Management Holdings, LLC",One stop,,L + 7.50,(a),,9.85,,12/2022,,42,,,33,,,-,,,34,,,,,,,,,,,,,,,,,,,,,
464,"PPT Management Holdings, LLC  (5)",One stop,,L + 7.50,(a),,9.85,,12/2022,,8,,,5,,,-,,,(24,,,,,,,,,,,,,,,,,,,,,
465,"Pyramid Healthcare, Inc.  *",One stop,,L + 6.50,(c),,9.03,,08/2020,,1144,,,1134,,,0.1,,,1133,,,,,,,,,,,,,,,,,,,,,
466,"Pyramid Healthcare, Inc.",One stop,,L + 6.50,(a),,9.02,,08/2020,,20,,,19,,,-,,,19,,,,,,,,,,,,,,,,,,,,,
467,"Riverchase MSO, LLC  *",Senior loan,,L + 5.75,(c),,8.55,,10/2022,,4918,,,4870,,,0.5,,,4918,,,,,,,,,,,,,,,,,,,,,
468,"Riverchase MSO, LLC",Senior loan,,L + 5.75,(c),,8.51,,10/2022,,56,,,56,,,-,,,56,,,,,,,,,,,,,,,,,,,,,
469,RXH Buyer Corporation  ^*,One stop,,L + 5.75,(c),,8.55,,09/2021,,17039,,,16885,,,1.8,,,17039,,,,,,,,,,,,,,,,,,,,,
470,RXH Buyer Corporation  *,One stop,,L + 5.75,(c),,8.55,,09/2021,,1928,,,1912,,,0.2,,,1928,,,,,,,,,,,,,,,,,,,,,
471,RXH Buyer Corporation,One stop,,P + 4.75,(c)(f),,9.51,,09/2021,,92,,,90,,,-,,,92,,,,,,,,,,,,,,,,,,,,,
472,"SLMP, LLC  ^",One stop,,L + 6.00,(a),,8.52,,05/2023,,7525,,,7396,,,0.8,,,7525,,,,,,,,,,,,,,,,,,,,,
473,"SLMP, LLC  ^",One stop,,L + 6.00,(a),,8.52,,05/2023,,297,,,293,,,-,,,297,,,,,,,,,,,,,,,,,,,,,
474,"SLMP, LLC",Subordinated debt,,N/A,,,7.50 PIK,,05/2027,,90,,,90,,,-,,,90,,,,,,,,,,,,,,,,,,,,,
475,"SLMP, LLC  (5)",One stop,,L + 6.00,,,N/A  (6),,05/2023,,-,,,(1,,,-,,,-,,,,,,,,,,,,,,,,,,,,,
476,"SLMP, LLC  (5)",One stop,,L + 6.00,,,N/A  (6),,05/2023,,-,,,(1,,,-,,,-,,,,,,,,,,,,,,,,,,,,,
477,"Spear Education, LLC  ^",One stop,,L + 6.00,(c),,8.50,,08/2019,,4585,,,4577,,,0.5,,,4585,,,,,,,,,,,,,,,,,,,,,
478,"Spear Education, LLC  *",One stop,,L + 6.00,(c),,8.34,,08/2019,,74,,,74,,,-,,,74,,,,,,,,,,,,,,,,,,,,,
479,"Spear Education, LLC",One stop,,L + 6.00,,,N/A  (6),,08/2019,,-,,,-,,,-,,,-,,,,,,,,,,,,,,,,,,,,,
480,"Summit Behavioral Healthcare, LLC  ^",Senior loan,,L + 4.75,(c),,7.46,,10/2023,,8755,,,8650,,,0.9,,,8755,,,,,,,,,,,,,,,,,,,,,
481,"Summit Behavioral Healthcare, LLC",Senior loan,,L + 4.75,(b)(c),,7.44,,10/2023,,65,,,63,,,-,,,65,,,,,,,,,,,,,,,,,,,,,
482,"Summit Behavioral Healthcare, LLC",Senior loan,,L + 4.75,(c),,7.50,,10/2023,,27,,,25,,,-,,,27,,,,,,,,,,,,,,,,,,,,,
483,"WHCG Management, LLC  *",Senior loan,,L + 5.00,(c),,7.80,,03/2023,,2364,,,2343,,,0.2,,,2317,,,,,,,,,,,,,,,,,,,,,
484,"WHCG Management, LLC",Senior loan,,L + 5.00,(c),,7.75,,03/2023,,100,,,99,,,-,,,98,,,,,,,,,,,,,,,,,,,,,
485,"WHCG Management, LLC  (5)",Senior loan,,L + 5.00,,,N/A  (6),,03/2023,,-,,,(2,,,-,,,-,,,,,,,,,,,,,,,,,,,,,
486,"WIRB-Copernicus Group, Inc.^*",Senior loan,,L + 4.25,(a),,6.77,,08/2022,,10917,,,10854,,,1.1,,,10917,,,,,,,,,,,,,,,,,,,,,
487,"WIRB-Copernicus Group, Inc.  (5)",Senior loan,,L + 4.25,,,N/A  (6),,08/2022,,-,,,(1,,,-,,,-,,,,,,,,,,,,,,,,,,,,,
488,"WIRB-Copernicus Group, Inc.  (5)",Senior loan,,L + 4.25,,,N/A  (6),,08/2022,,-,,,(2,,,-,,,-,,,,,,,,,,,,,,,,,,,,,
489,,,,,,,,,,,346756,,,342431,,,35.1,,,340895,,,,,,,,,,,,,,,,,,,,,
490,,Investment Type,,Spread  Above  Index  (1),,Interest  Rate  (2),,Maturity  Date,,Principal ($) /  Shares  (3),,Amortized Cost,,Percentage  of Net  Assets,,Fair  Value  (4),,,,,,,,,,,,,,,,,,,,,,,,,
491,"Home and Office Furnishings, Housewares, and Durable Consumer",,,,,,,,,,,,,,,,,,,,,,,,,,,,,,,,,,,,,,,,
492,1A Smart Start LLC  #,Senior loan,,L + 4.50,(a),,7.02,,02/2022,,,851,,,,849,,,,0.1,,,,847,,,,,,,,,,,,,,,,,
493,CST Buyer Company  ^,One stop,,L + 5.00,(a),,7.52,,03/2023,,2395,,,2344,,,0.2,,,2395,,,,,,,,,,,,,,,,,,,,,
494,CST Buyer Company  (5),One stop,,L + 5.00,,,N/A  (6),,03/2023,,-,,,(1,,,-,,,-,,,,,,,,,,,,,,,,,,,,,
495,"Plano Molding Company, LLC  ^#",One stop,,L + 7.50,(a),,9.98,,05/2021,,10023,,,9923,,,1.0,,,9222,,,,,,,,,,,,,,,,,,,,,
496,,,,,,,,,,,13269,,,13115,,,1.3,,,12464,,,,,,,,,,,,,,,,,,,,,
497,"Hotels, Motels, Inns, and Gaming",,,,,,,,,,,,,,,,,,,,,,,,,,,,,,,,,,,,,,,,
498,"Aimbridge Hospitality, LLC  ^*",One stop,,L + 5.00,(a),,7.52,,06/2022,,9915,,,9794,,,1.0,,,9915,,,,,,,,,,,,,,,,,,,,,
499,"Aimbridge Hospitality, LLC  *",One stop,,L + 5.00,(a),,7.52,,06/2022,,4817,,,4757,,,0.5,,,4817,,,,,,,,,,,,,,,,,,,,,
500,"Aimbridge Hospitality, LLC  *",One stop,,L + 5.00,(a),,7.52,,06/2022,,803,,,792,,,0.1,,,803,,,,,,,,,,,,,,,,,,,,,
501,"Aimbridge Hospitality, LLC",One stop,,L + 5.00,(a),,7.52,,06/2022,,16,,,15,,,-,,,16,,,,,,,,,,,,,,,,,,,,,
502,"Aimbridge Hospitality, LLC  (5)",One stop,,L + 5.00,,,N/A  (6),,06/2022,,-,,,(1,,,-,,,-,,,,,,,,,,,,,,,,,,,,,
503,,,,,,,,,,,15551,,,15357,,,1.6,,,15551,,,,,,,,,,,,,,,,,,,,,
504,Insurance,,,,,,,,,,,,,,,,,,,,,,,,,,,,,,,,,,,,,,,,
505,"Captive Resources Midco, LLC  ^*#",One stop,,L + 5.75,(a),,8.27,,12/2021,,33740,,,33366,,,3.5,,,33740,,,,,,,,,,,,,,,,,,,,,
506,"Captive Resources Midco, LLC  (5)",One stop,,L + 5.75,,,N/A  (6),,12/2021,,-,,,(16,,,-,,,-,,,,,,,,,,,,,,,,,,,,,
507,"Captive Resources Midco, LLC  (5)",One stop,,L + 5.75,,,N/A  (6),,12/2021,,-,,,(21,,,-,,,-,,,,,,,,,,,,,,,,,,,,,
508,"Integrity Marketing Acquisition, LLC  #",Senior loan,,L + 4.25,(c),,6.96,,11/2025,,1733,,,1724,,,0.2,,,1724,,,,,,,,,,,,,,,,,,,,,
509,"Integrity Marketing Acquisition, LLC",Senior loan,,L + 4.25,,,N/A  (6),,11/2025,,-,,,-,,,-,,,-,,,,,,,,,,,,,,,,,,,,,
510,"Internet Pipeline, Inc.",One stop,,L + 4.75,(a),,7.28,,08/2022,,4799,,,4712,,,0.5,,,4799,,,,,,,,,,,,,,,,,,,,,
511,"Internet Pipeline, Inc.  *",One stop,,L + 4.75,(a),,7.28,,08/2022,,2072,,,2052,,,0.2,,,2072,,,,,,,,,,,,,,,,,,,,,
512,"Internet Pipeline, Inc.  *",One stop,,L + 4.75,(a),,7.28,,08/2022,,784,,,777,,,0.1,,,784,,,,,,,,,,,,,,,,,,,,,
513,"Internet Pipeline, Inc.",One stop,,L + 4.75,,,N/A  (6),,08/2021,,-,,,-,,,-,,,-,,,,,,,,,,,,,,,,,,,,,
514,"Orchid Underwriters Agency, LLC  #",Senior loan,,L + 4.50,(c),,7.38,,12/2024,,2391,,,2367,,,0.2,,,2367,,,,,,,,,,,,,,,,,,,,,
515,"Orchid Underwriters Agency, LLC",Senior loan,,L + 4.50,,,N/A  (6),,12/2024,,-,,,-,,,-,,,-,,,,,,,,,,,,,,,,,,,,,
516,"Orchid Underwriters Agency, LLC  (5)",Senior loan,,L + 4.50,,,N/A  (6),,12/2024,,-,,,(1,,,-,,,(1,,,,,,,,,,,,,,,,,,,,,
517,"RSC Acquisition, Inc.  #",Senior loan,,L + 4.25,(c)(f),,7.05,,11/2022,,4477,,,4455,,,0.5,,,4477,,,,,,,,,,,,,,,,,,,,,
518,"RSC Acquisition, Inc.",Senior loan,,L + 4.25,(c),,7.05,,11/2021,,31,,,31,,,-,,,31,,,,,,,,,,,,,,,,,,,,,
519,"RSC Acquisition, Inc.  (5)",Senior loan,,L + 4.25,,,N/A  (6),,11/2022,,-,,,(1,,,-,,,-,,,,,,,,,,,,,,,,,,,,,
520,,,,,,,,,,,50027,,,49445,,,5.2,,,49993,,,,,,,,,,,,,,,,,,,,,
521,"Leisure, Amusement, Motion Pictures, Entertainment",,,,,,,,,,,,,,,,,,,,,,,,,,,,,,,,,,,,,,,,
522,"NFD Operating, LLC  *",One stop,,L + 7.00,(a),,9.35,,06/2021,,2296,,,2278,,,0.2,,,2296,,,,,,,,,,,,,,,,,,,,,
523,"NFD Operating, LLC",One stop,,L + 7.00,,,N/A  (6),,06/2021,,-,,,-,,,-,,,-,,,,,,,,,,,,,,,,,,,,,
524,"PADI Holdco, Inc.  (8)(9)",One stop,,E + 5.75,(g),,5.75,,04/2023,,9567,,,9567,,,1.0,,,9180,,,,,,,,,,,,,,,,,,,,,
525,"PADI Holdco, Inc.  *",One stop,,L + 5.75,(a),,8.28,,04/2023,,9652,,,9450,,,1.0,,,9652,,,,,,,,,,,,,,,,,,,,,
526,"PADI Holdco, Inc.  (5)",One stop,,L + 5.75,,,N/A  (6),,04/2022,,-,,,(1,,,-,,,-,,,,,,,,,,,,,,,,,,,,,
527,"Self Esteem Brands, LLC  ^*",Senior loan,,L + 4.75,(a),,7.27,,02/2020,,15695,,,15653,,,1.6,,,15695,,,,,,,,,,,,,,,,,,,,,
528,"Self Esteem Brands, LLC",Senior loan,,P + 3.50,(f),,9.00,,02/2020,,82,,,79,,,-,,,82,,,,,,,,,,,,,,,,,,,,,
529,"Sunshine Sub, LLC  #",One stop,,L + 4.75,(a),,7.27,,05/2024,,7701,,,7562,,,0.8,,,7701,,,,,,,,,,,,,,,,,,,,,
530,"Sunshine Sub, LLC  (5)",One stop,,L + 4.75,,,N/A  (6),,05/2024,,-,,,(1,,,-,,,-,,,,,,,,,,,,,,,,,,,,,
531,"Sunshine Sub, LLC  (5)",One stop,,L + 4.75,,,N/A  (6),,05/2024,,-,,,(3,,,-,,,-,,,,,,,,,,,,,,,,,,,,,
532,"Teaching Company, The  *",One stop,,L + 4.75,(c),,7.35,,07/2023,,10855,,,10763,,,1.1,,,10855,,,,,,,,,,,,,,,,,,,,,
533,"Teaching Company, The  (5)",One stop,,L + 4.75,,,N/A  (6),,07/2023,,-,,,(1,,,-,,,-,,,,,,,,,,,,,,,,,,,,,
534,"Titan Fitness, LLC  *",One stop,,L + 6.50,(a),,8.85,,06/2021,,12918,,,12823,,,1.3,,,12918,,,,,,,,,,,,,,,,,,,,,
535,"Titan Fitness, LLC  *",One stop,,L + 6.50,(a),,8.85,,06/2021,,1949,,,1945,,,0.2,,,1949,,,,,,,,,,,,,,,,,,,,,
536,"Titan Fitness, LLC  *",One stop,,L + 6.50,(a),,8.85,,06/2021,,1712,,,1708,,,0.2,,,1712,,,,,,,,,,,,,,,,,,,,,
537,"Titan Fitness, LLC  ^",One stop,,L + 6.50,(a),,8.85,,06/2021,,925,,,919,,,0.1,,,925,,,,,,,,,,,,,,,,,,,,,
538,"Titan Fitness, LLC  (5)",One stop,,L + 6.50,,,N/A  (6),,06/2021,,-,,,(8,,,-,,,-,,,,,,,,,,,,,,,,,,,,,
539,WBZ Investment LLC,One stop,,L + 5.50,(a),,7.93,,09/2024,,5136,,,5038,,,0.5,,,5136,,,,,,,,,,,,,,,,,,,,,
540,,Investment Type,,Spread  Above  Index  (1),,Interest  Rate  (2),,Maturity  Date,,Principal ($) /  Shares  (3),,Amortized Cost,,Percentage  of Net  Assets,,Fair  Value  (4),,,,,,,,,,,,,,,,,,,,,,,,,
541,"Leisure, Amusement, Motion Pictures, Entertainment - (continued)",,,,,,,,,,,,,,,,,,,,,,,,,,,,,,,,,,,,,,,,
542,WBZ Investment LLC,One stop,,L + 5.50,(c),,8.31,,09/2024,,,20,,,,19,,,,-,,,,20,,,,,,,,,,,,,,,,,
543,WBZ Investment LLC  (5),One stop,,L + 5.50,,,N/A  (6),,09/2024,,-,,,(2,,,-,,,-,,,,,,,,,,,,,,,,,,,,,
544,,,,,,,,,,,78508,,,77788,,,8.0,,,78121,,,,,,,,,,,,,,,,,,,,,
545,Oil and Gas,,,,,,,,,,,,,,,,,,,,,,,,,,,,,,,,,,,,,,,,
546,"Drilling Info Holdings, Inc.  *#",Senior loan,,L + 4.25,(a),,6.77,,07/2025,,14472,,,14283,,,1.5,,,14472,,,,,,,,,,,,,,,,,,,,,
547,"Drilling Info Holdings, Inc.  (5)",Senior loan,,L + 4.25,,,N/A  (6),,07/2025,,-,,,(2,,,-,,,-,,,,,,,,,,,,,,,,,,,,,
548,"Drilling Info Holdings, Inc.  (5)",Senior loan,,L + 4.25,,,N/A  (6),,07/2023,,-,,,(2,,,-,,,-,,,,,,,,,,,,,,,,,,,,,
549,,,,,,,,,,,14472,,,14279,,,1.5,,,14472,,,,,,,,,,,,,,,,,,,,,
550,Personal and Non Durable Consumer Products (Mfg. Only),,,,,,,,,,,,,,,,,,,,,,,,,,,,,,,,,,,,,,,,
551,"Georgica Pine Clothiers, LLC",One stop,,L + 5.50,(c),,8.30,,11/2021,,5606,,,5552,,,0.6,,,5550,,,,,,,,,,,,,,,,,,,,,
552,"Georgica Pine Clothiers, LLC  *",One stop,,L + 5.50,(c),,8.30,,11/2022,,3509,,,3475,,,0.4,,,3474,,,,,,,,,,,,,,,,,,,,,
553,"Georgica Pine Clothiers, LLC  ^",One stop,,L + 5.50,(c),,8.30,,11/2021,,488,,,486,,,0.1,,,484,,,,,,,,,,,,,,,,,,,,,
554,"Georgica Pine Clothiers, LLC  *",One stop,,L + 5.50,(c),,8.30,,11/2021,,343,,,341,,,-,,,339,,,,,,,,,,,,,,,,,,,,,
555,"Georgica Pine Clothiers, LLC  (5)",One stop,,L + 5.50,,,N/A  (6),,11/2021,,-,,,(1,,,-,,,(1,,,,,,,,,,,,,,,,,,,,,
556,"IMPLUS Footwear, LLC",One stop,,L + 6.75,(c),,9.55,,04/2021,,9986,,,9896,,,1.0,,,9986,,,,,,,,,,,,,,,,,,,,,
557,"IMPLUS Footwear, LLC",One stop,,L + 6.75,(c),,9.55,,04/2021,,1758,,,1742,,,0.2,,,1758,,,,,,,,,,,,,,,,,,,,,
558,"IMPLUS Footcare, LLC",One stop,,L + 6.75,(c),,9.55,,04/2021,,57,,,57,,,-,,,57,,,,,,,,,,,,,,,,,,,,,
559,"Massage Envy, LLC  ^*#",One stop,,L + 6.75,(c)(f),,9.46,,09/2020,,34747,,,34568,,,3.6,,,34747,,,,,,,,,,,,,,,,,,,,,
560,"Massage Envy, LLC  ^",One stop,,L + 6.75,(c)(f),,9.55,,09/2020,,98,,,98,,,-,,,98,,,,,,,,,,,,,,,,,,,,,
561,"Massage Envy, LLC  *",One stop,,L + 6.75,(c)(f),,9.54,,09/2020,,64,,,64,,,-,,,64,,,,,,,,,,,,,,,,,,,,,
562,"Massage Envy, LLC  ^",One stop,,L + 6.75,(c)(f),,9.50,,09/2020,,48,,,48,,,-,,,48,,,,,,,,,,,,,,,,,,,,,
563,"Massage Envy, LLC  *",One stop,,L + 6.75,(c)(f),,9.45,,09/2020,,42,,,41,,,-,,,42,,,,,,,,,,,,,,,,,,,,,
564,"Massage Envy, LLC  ^",One stop,,L + 6.75,(c)(f),,9.50,,09/2020,,40,,,40,,,-,,,40,,,,,,,,,,,,,,,,,,,,,
565,"Massage Envy, LLC  ^",One stop,,L + 6.75,(c)(f),,9.51,,09/2020,,38,,,38,,,-,,,38,,,,,,,,,,,,,,,,,,,,,
566,"Massage Envy, LLC  ^",One stop,,L + 6.75,(c)(f),,9.51,,09/2020,,34,,,34,,,-,,,34,,,,,,,,,,,,,,,,,,,,,
567,"Massage Envy, LLC  ^",One stop,,L + 6.75,(c)(f),,9.45,,09/2020,,19,,,19,,,-,,,19,,,,,,,,,,,,,,,,,,,,,
568,"Massage Envy, LLC  ^",One stop,,L + 6.75,(c)(f),,9.54,,09/2020,,15,,,15,,,-,,,15,,,,,,,,,,,,,,,,,,,,,
569,"Massage Envy, LLC",One stop,,L + 6.75,(c)(f),,9.58,,09/2020,,10,,,9,,,-,,,10,,,,,,,,,,,,,,,,,,,,,
570,"Massage Envy, LLC  (5)",One stop,,L + 6.75,,,N/A  (6),,09/2020,,-,,,(6,,,-,,,-,,,,,,,,,,,,,,,,,,,,,
571,"Orthotics Holdings, Inc.  *",One stop,,L + 5.50,(a),,8.02,,02/2020,,8184,,,8152,,,0.9,,,8184,,,,,,,,,,,,,,,,,,,,,
572,"Orthotics Holdings, Inc.  *(8)",One stop,,L + 5.50,(a),,8.02,,02/2020,,1342,,,1336,,,0.2,,,1342,,,,,,,,,,,,,,,,,,,,,
573,"Orthotics Holdings, Inc.  (5)(8)",One stop,,L + 5.50,,,N/A  (6),,02/2020,,-,,,(1,,,-,,,-,,,,,,,,,,,,,,,,,,,,,
574,"Orthotics Holdings, Inc.  (5)",One stop,,L + 5.50,,,N/A  (6),,02/2020,,-,,,(5,,,-,,,-,,,,,,,,,,,,,,,,,,,,,
575,,,,,,,,,,,66428,,,65998,,,7.0,,,66328,,,,,,,,,,,,,,,,,,,,,
576,"Personal, Food and Miscellaneous Services",,,,,,,,,,,,,,,,,,,,,,,,,,,,,,,,,,,,,,,,
577,"Captain D's, LLC  ^",Senior loan,,L + 4.50,(c),,7.30,,12/2023,,3955,,,3906,,,0.4,,,3955,,,,,,,,,,,,,,,,,,,,,
578,"Captain D's, LLC",Senior loan,,P + 3.50,(a)(f),,8.15,,12/2023,,21,,,20,,,-,,,21,,,,,,,,,,,,,,,,,,,,,
579,Clarkson Eyecare LLC,One stop,,L + 6.25,(a),,8.66,,04/2021,,21,,,20,,,-,,,21,,,,,,,,,,,,,,,,,,,,,
580,"Community Veterinary Partners, LLC  ^",One stop,,L + 5.50,(c),,8.30,,10/2021,,282,,,280,,,-,,,282,,,,,,,,,,,,,,,,,,,,,
581,"Community Veterinary Partners, LLC",One stop,,L + 5.50,(c),,8.30,,10/2021,,111,,,111,,,-,,,111,,,,,,,,,,,,,,,,,,,,,
582,"Community Veterinary Partners, LLC  *",One stop,,L + 5.50,(c),,8.30,,10/2021,,99,,,97,,,-,,,99,,,,,,,,,,,,,,,,,,,,,
583,"Community Veterinary Partners, LLC",One stop,,L + 5.50,(c),,8.30,,10/2021,,84,,,84,,,-,,,84,,,,,,,,,,,,,,,,,,,,,
584,"Community Veterinary Partners, LLC",One stop,,L + 5.50,(c),,8.30,,10/2021,,75,,,75,,,-,,,75,,,,,,,,,,,,,,,,,,,,,
585,"Community Veterinary Partners, LLC",One stop,,L + 5.50,(c),,8.30,,10/2021,,6,,,2,,,-,,,6,,,,,,,,,,,,,,,,,,,,,
586,"Community Veterinary Partners, LLC  (5)",One stop,,L + 5.50,,,N/A  (6),,10/2021,,-,,,(3,,,-,,,-,,,,,,,,,,,,,,,,,,,,,
587,Imperial Optical Midco Inc.,One stop,,L + 4.75,(b),,7.25,,08/2023,,2718,,,2680,,,0.3,,,2718,,,,,,,,,,,,,,,,,,,,,
588,Imperial Optical Midco Inc.,One stop,,L + 4.75,(b)(c),,7.38,,08/2023,,49,,,45,,,-,,,49,,,,,,,,,,,,,,,,,,,,,
589,Imperial Optical Midco Inc.,One stop,,L + 4.75,,,N/A  (6),,08/2023,,-,,,-,,,-,,,-,,,,,,,,,,,,,,,,,,,,,
590,,Investment Type,,Spread  Above  Index  (1),,Interest  Rate  (2),,Maturity  Date,,Principal ($) /  Shares  (3),,Amortized Cost,,Percentage  of Net  Assets,,Fair  Value  (4),,,,,,,,,,,,,,,,,,,,,,,,,
591,"Personal, Food and Miscellaneous Services - (continued)",,,,,,,,,,,,,,,,,,,,,,,,,,,,,,,,,,,,,,,,
592,"PPV Intermediate Holdings II, LLC",One stop,,P + 4.00,(f),,9.50,,05/2023,,,32,,,,31,,,-,,,,32,,,,,,,,,,,,,,,,,,
593,"PPV Intermediate Holdings II, LLC",One stop,,N/A,,,7.90 PIK,,05/2023,,2,,,2,,,-,,,2,,,,,,,,,,,,,,,,,,,,,
594,"PPV Intermediate Holdings II, LLC  (5)",One stop,,L + 5.00,,,N/A  (6),,05/2020,,-,,,(5,,,-,,,-,,,,,,,,,,,,,,,,,,,,,
595,"Ruby Slipper Cafe LLC, The",One stop,,L + 7.50,(c),,9.98,,01/2023,,1033,,,1024,,,0.1,,,1033,,,,,,,,,,,,,,,,,,,,,
596,"Ruby Slipper Cafe LLC, The",One stop,,L + 7.50,(c),,10.13,,01/2023,,5,,,5,,,-,,,5,,,,,,,,,,,,,,,,,,,,,
597,"Ruby Slipper Cafe LLC, The",One stop,,L + 7.50,(c),,10.03,,01/2023,,5,,,4,,,-,,,5,,,,,,,,,,,,,,,,,,,,,
598,"Southern Veterinary Partners, LLC  *",One stop,,L + 5.50,(a),,8.02,,05/2025,,3861,,,3805,,,0.4,,,3861,,,,,,,,,,,,,,,,,,,,,
599,"Southern Veterinary Partners, LLC  *",One stop,,L + 5.50,(a),,8.02,,05/2025,,231,,,228,,,-,,,231,,,,,,,,,,,,,,,,,,,,,
600,"Southern Veterinary Partners, LLC",One stop,,L + 5.50,(a),,8.02,,05/2025,,204,,,203,,,-,,,204,,,,,,,,,,,,,,,,,,,,,
601,"Southern Veterinary Partners, LLC  *",One stop,,L + 5.50,(a),,8.02,,05/2025,,172,,,170,,,-,,,172,,,,,,,,,,,,,,,,,,,,,
602,"Southern Veterinary Partners, LLC",One stop,,L + 5.50,(a),,8.02,,05/2025,,112,,,111,,,-,,,112,,,,,,,,,,,,,,,,,,,,,
603,"Southern Veterinary Partners, LLC  *",One stop,,L + 5.50,(a),,8.02,,05/2025,,100,,,97,,,-,,,100,,,,,,,,,,,,,,,,,,,,,
604,"Southern Veterinary Partners, LLC  *",One stop,,L + 5.50,(a),,8.02,,05/2025,,77,,,76,,,-,,,77,,,,,,,,,,,,,,,,,,,,,
605,"Southern Veterinary Partners, LLC  *",One stop,,L + 5.50,(a),,8.02,,05/2025,,66,,,66,,,-,,,66,,,,,,,,,,,,,,,,,,,,,
606,"Southern Veterinary Partners, LLC",One stop,,L + 5.50,(a)(c),,8.01,,05/2023,,54,,,53,,,-,,,54,,,,,,,,,,,,,,,,,,,,,
607,"Southern Veterinary Partners, LLC  *",One stop,,L + 5.50,(a),,8.02,,05/2025,,50,,,48,,,-,,,50,,,,,,,,,,,,,,,,,,,,,
608,"Southern Veterinary Partners, LLC  (5)",One stop,,L + 5.50,,,N/A  (6),,05/2025,,-,,,(6,,,-,,,-,,,,,,,,,,,,,,,,,,,,,
609,"Veterinary Specialists of North America, LLC  ^",One stop,,L + 5.50,(a),,7.97,,07/2021,,7312,,,7264,,,0.8,,,7312,,,,,,,,,,,,,,,,,,,,,
610,"Veterinary Specialists of North America, LLC  ^",One stop,,L + 5.50,(a),,8.02,,07/2021,,762,,,754,,,0.1,,,762,,,,,,,,,,,,,,,,,,,,,
611,"Veterinary Specialists of North America, LLC  *",One stop,,L + 5.50,(a),,8.02,,07/2021,,414,,,412,,,0.1,,,414,,,,,,,,,,,,,,,,,,,,,
612,"Veterinary Specialists of North America, LLC  *",One stop,,L + 5.50,(a),,8.02,,07/2021,,160,,,159,,,-,,,160,,,,,,,,,,,,,,,,,,,,,
613,"Veterinary Specialists of North America, LLC",One stop,,L + 5.50,(a)(b),,8.07,,07/2021,,132,,,131,,,-,,,132,,,,,,,,,,,,,,,,,,,,,
614,"Veterinary Specialists of North America, LLC  ^",One stop,,L + 5.50,(a),,8.02,,07/2021,,122,,,121,,,-,,,122,,,,,,,,,,,,,,,,,,,,,
615,"Veterinary Specialists of North America, LLC  *",One stop,,L + 5.50,(a),,8.02,,07/2021,,62,,,62,,,-,,,62,,,,,,,,,,,,,,,,,,,,,
616,"Veterinary Specialists of North America, LLC",One stop,,L + 5.50,(a),,8.01,,07/2021,,58,,,56,,,-,,,58,,,,,,,,,,,,,,,,,,,,,
617,"Veterinary Specialists of North America, LLC  (5)",One stop,,L + 5.50,,,N/A  (6),,07/2021,,-,,,(1,,,-,,,-,,,,,,,,,,,,,,,,,,,,,
618,"Wetzel's Pretzels, LLC  *",One stop,,L + 6.75,(a),,9.27,,09/2021,,8898,,,8791,,,0.9,,,8898,,,,,,,,,,,,,,,,,,,,,
619,"Wetzel's Pretzels, LLC",One stop,,L + 6.75,(a),,9.27,,09/2021,,19,,,19,,,-,,,19,,,,,,,,,,,,,,,,,,,,,
620,,,,,,,,,,,31364,,,30997,,,3.1,,,31364,,,,,,,,,,,,,,,,,,,,,
621,Printing and Publishing,,,,,,,,,,,,,,,,,,,,,,,,,,,,,,,,,,,,,,,,
622,"Brandmuscle, Inc.  ^",Senior loan,,L + 5.00,(c),,7.80,,12/2021,,616,,,613,,,0.1,,,620,,,,,,,,,,,,,,,,,,,,,
623,"Messenger, LLC",One stop,,L + 6.00,(a)(f),,8.51,,08/2023,,3401,,,3338,,,0.4,,,3401,,,,,,,,,,,,,,,,,,,,,
624,"Messenger, LLC",One stop,,L + 6.00,,,N/A  (6),,08/2023,,-,,,-,,,-,,,-,,,,,,,,,,,,,,,,,,,,,
625,,,,,,,,,,,4017,,,3951,,,0.5,,,4021,,,,,,,,,,,,,,,,,,,,,
626,Retail Stores,,,,,,,,,,,,,,,,,,,,,,,,,,,,,,,,,,,,,,,,
627,Batteries Plus Holding Corporation,One stop,,L + 6.75,(a),,9.27,,07/2022,,11902,,,11722,,,1.2,,,11902,,,,,,,,,,,,,,,,,,,,,
628,Batteries Plus Holding Corporation  (5),One stop,,L + 6.75,,,N/A  (6),,07/2022,,-,,,(1,,,-,,,-,,,,,,,,,,,,,,,,,,,,,
629,"Boot Barn, Inc.  #",Senior loan,,L + 4.50,(c),,7.31,,06/2021,,393,,,386,,,-,,,393,,,,,,,,,,,,,,,,,,,,,
630,"Cycle Gear, Inc.  ^#",One stop,,L + 4.50,(c),,6.90,,01/2021,,10383,,,10230,,,1.1,,,10383,,,,,,,,,,,,,,,,,,,,,
631,"Cycle Gear, Inc.",One stop,,L + 4.50,(a)(c),,7.21,,01/2021,,1408,,,1385,,,0.2,,,1408,,,,,,,,,,,,,,,,,,,,,
632,"Cycle Gear, Inc.  ^",One stop,,L + 4.50,(c),,6.90,,01/2021,,601,,,599,,,0.1,,,601,,,,,,,,,,,,,,,,,,,,,
633,"DTLR, Inc.  ^*",One stop,,L + 6.50,(c),,9.06,,08/2022,,22674,,,22424,,,2.4,,,22674,,,,,,,,,,,,,,,,,,,,,
634,"Elite Sportswear, L.P.",Senior loan,,L + 5.75,(c),,8.55,,06/2020,,6854,,,6791,,,0.7,,,6854,,,,,,,,,,,,,,,,,,,,,
635,"Elite Sportswear, L.P.",Senior loan,,L + 5.75,(c),,8.55,,06/2020,,2756,,,2731,,,0.3,,,2756,,,,,,,,,,,,,,,,,,,,,
636,"Elite Sportswear, L.P.",Senior loan,,L + 5.75,(c),,8.55,,06/2020,,1418,,,1407,,,0.2,,,1418,,,,,,,,,,,,,,,,,,,,,
637,"Elite Sportswear, L.P.  *",Senior loan,,L + 5.75,(c),,8.55,,06/2020,,465,,,462,,,0.1,,,465,,,,,,,,,,,,,,,,,,,,,
638,"Elite Sportswear, L.P.",Senior loan,,L + 5.75,(c),,8.55,,06/2020,,215,,,213,,,-,,,215,,,,,,,,,,,,,,,,,,,,,
639,,Investment Type,,Spread  Above  Index  (1),,Interest  Rate  (2),,Maturity  Date,,Principal ($) /  Shares  (3),,Amortized Cost,,Percentage  of Net  Assets,,Fair  Value  (4),,,,,,,,,,,,,,,,,,,,,,,,,
640,Retail Stores - (continued),,,,,,,,,,,,,,,,,,,,,,,,,,,,,,,,,,,,,,,,
641,"Elite Sportswear, L.P.  *",Senior loan,,L + 5.75,(c),,8.55,,06/2020,,,205,,,,204,,,-,,,,205,,,,,,,,,,,,,,,,,,
642,"Elite Sportswear, L.P.",Senior loan,,L + 5.75,,,N/A  (6),,06/2020,,-,,,-,,,-,,,-,,,,,,,,,,,,,,,,,,,,,
643,"Elite Sportswear, L.P.  (5)",Senior loan,,L + 5.75,,,N/A  (6),,06/2020,,-,,,(5,,,-,,,-,,,,,,,,,,,,,,,,,,,,,
644,"Feeders Supply Company, LLC",One stop,,L + 5.75,(a),,8.27,,04/2021,,4813,,,4762,,,0.5,,,4813,,,,,,,,,,,,,,,,,,,,,
645,"Feeders Supply Company, LLC",Subordinated debt,,N/A,,,12.50 cash/7.00 PIK,,04/2021,,68,,,68,,,-,,,68,,,,,,,,,,,,,,,,,,,,,
646,"Feeders Supply Company, LLC",One stop,,L + 5.75,,,N/A  (6),,04/2021,,-,,,-,,,-,,,-,,,,,,,,,,,,,,,,,,,,,
647,Jet Equipment & Tools Ltd.  #(8)(9)(12),One stop,,L + 5.75,(a),,8.03,,11/2024,,8633,,,8528,,,0.8,,,8200,,,,,,,,,,,,,,,,,,,,,
648,Jet Equipment & Tools Ltd.  #(8)(12),One stop,,L + 5.75,(c),,8.55,,11/2024,,2056,,,2035,,,0.2,,,2035,,,,,,,,,,,,,,,,,,,,,
649,Jet Equipment & Tools Ltd.  (5)(8)(9)(12),One stop,,L + 5.75,,,N/A  (6),,11/2024,,-,,,(2,,,-,,,(2,,,,,,,,,,,,,,,,,,,,,
650,"Marshall Retail Group LLC, The  ^*",One stop,,L + 6.00,(c),,8.40,,08/2020,,11922,,,11880,,,1.2,,,11922,,,,,,,,,,,,,,,,,,,,,
651,"Marshall Retail Group LLC, The",One stop,,P + 4.75,(f),,10.25,,08/2019,,439,,,435,,,0.1,,,439,,,,,,,,,,,,,,,,,,,,,
652,Mills Fleet Farm Group LLC  ^*,One stop,,L + 6.25,(a),,8.77,,10/2024,,6703,,,6604,,,0.7,,,6703,,,,,,,,,,,,,,,,,,,,,
653,"Paper Source, Inc.  ^*#",One stop,,L + 6.25,(c),,9.05,,09/2019,,12255,,,12231,,,1.3,,,12255,,,,,,,,,,,,,,,,,,,,,
654,"Paper Source, Inc.  *",One stop,,L + 6.25,(c),,9.05,,09/2019,,1628,,,1623,,,0.2,,,1628,,,,,,,,,,,,,,,,,,,,,
655,"Paper Source, Inc.",One stop,,P + 5.00,(f),,10.50,,09/2019,,965,,,961,,,0.1,,,965,,,,,,,,,,,,,,,,,,,,,
656,Pet Holdings ULC  ^*(8)(12),One stop,,L + 5.50,(c),,7.90,,07/2022,,14741,,,14565,,,1.5,,,14741,,,,,,,,,,,,,,,,,,,,,
657,Pet Holdings ULC^  *(8)(12),One stop,,L + 5.50,(c),,7.90,,07/2022,,100,,,99,,,-,,,100,,,,,,,,,,,,,,,,,,,,,
658,Pet Holdings ULC  (5)(8)(12),One stop,,L + 5.50,,,N/A  (6),,07/2022,,-,,,(2,,,-,,,-,,,,,,,,,,,,,,,,,,,,,
659,"Pet Supplies Plus, LLC  *",Senior loan,,L + 4.50,(c),,7.28,,12/2024,,6755,,,6689,,,0.7,,,6688,,,,,,,,,,,,,,,,,,,,,
660,"Pet Supplies Plus, LLC",Senior loan,,P + 3.50,(f),,9.00,,12/2023,,28,,,27,,,-,,,27,,,,,,,,,,,,,,,,,,,,,
661,"PetPeople Enterprises, LLC  ^",One stop,,L + 5.00,(a),,7.53,,09/2023,,3106,,,3075,,,0.3,,,3106,,,,,,,,,,,,,,,,,,,,,
662,"PetPeople Enterprises, LLC",One stop,,N/A,,,8.25 PIK,,01/2019,,168,,,168,,,-,,,168,,,,,,,,,,,,,,,,,,,,,
663,"PetPeople Enterprises, LLC",One stop,,L + 5.00,(a),,7.52,,09/2023,,15,,,15,,,-,,,15,,,,,,,,,,,,,,,,,,,,,
664,"PetPeople Enterprises, LLC",One stop,,L + 5.00,,,N/A  (6),,09/2023,,-,,,-,,,-,,,-,,,,,,,,,,,,,,,,,,,,,
665,"Sola Franchise, LLC and Sola Salon Studios, LLC",One stop,,L + 5.50,(c),,8.03,,10/2024,,4855,,,4762,,,0.5,,,4807,,,,,,,,,,,,,,,,,,,,,
666,"Sola Franchise, LLC and Sola Salon Studios, LLC  (5)",One stop,,L + 5.50,,,N/A  (6),,10/2024,,-,,,-,,,-,,,(1,,,,,,,,,,,,,,,,,,,,,
667,"Sola Franchise, LLC and Sola Salon Studios, LLC  (5)",One stop,,L + 5.50,,,N/A  (6),,10/2024,,-,,,-,,,-,,,(1,,,,,,,,,,,,,,,,,,,,,
668,"Sola Franchise, LLC and Sola Salon Studios, LLC  (5)",One stop,,L + 5.50,,,N/A  (6),,10/2024,,-,,,(1,,,-,,,(2,,,,,,,,,,,,,,,,,,,,,
669,,,,,,,,,,,138524,,,137070,,,14.4,,,137948,,,,,,,,,,,,,,,,,,,,,
670,Telecommunications,,,,,,,,,,,,,,,,,,,,,,,,,,,,,,,,,,,,,,,,
671,"NetMotion Wireless Holdings, Inc.  ^*",One stop,,L + 6.25,(c),,9.05,,10/2021,,6376,,,6302,,,0.7,,,6376,,,,,,,,,,,,,,,,,,,,,
672,"NetMotion Wireless Holdings, Inc.  (5)",One stop,,L + 6.25,,,N/A  (6),,10/2021,,-,,,(1,,,-,,,-,,,,,,,,,,,,,,,,,,,,,
673,,,,,,,,,,,6376,,,6301,,,0.7,,,6376,,,,,,,,,,,,,,,,,,,,,
674,Textile and Leather,,,,,,,,,,,,,,,,,,,,,,,,,,,,,,,,,,,,,,,,
675,SHO Holding I Corporation,Senior loan,,L + 5.00,(c),,7.53,,10/2022,,2205,,,2177,,,0.2,,,2117,,,,,,,,,,,,,,,,,,,,,
676,SHO Holding I Corporation,Senior loan,,L + 4.00,(c),,6.44,,10/2021,,15,,,15,,,-,,,13,,,,,,,,,,,,,,,,,,,,,
677,,,,,,,,,,,2220,,,2192,,,0.2,,,2130,,,,,,,,,,,,,,,,,,,,,
678,Utilities,,,,,,,,,,,,,,,,,,,,,,,,,,,,,,,,,,,,,,,,
679,"Arcos, LLC",One stop,,L + 6.00,(c),,8.80,,02/2021,,3553,,,3523,,,0.4,,,3553,,,,,,,,,,,,,,,,,,,,,
680,"Arcos, LLC",One stop,,L + 6.00,,,N/A  (6),,02/2021,,-,,,-,,,-,,,-,,,,,,,,,,,,,,,,,,,,,
681,,,,,,,,,,,3553,,,3523,,,0.4,,,3553,,,,,,,,,,,,,,,,,,,,,
682,Total non-controlled/non-affiliate company debt investments,,,,,,,,1816333,,,,1795801,,,186.3,,,,1797834,,,,,,,,,,,,,,,,,,,,,
683,,Investment Type,,Spread  Above  Index  (1),,Interest  Rate  (2),,Maturity  Date,,Principal ($) /  Shares  (3),,Amortized Cost,,Percentage  of Net  Assets,,Fair  Value  (4),,,,,,,,,,,,,,,,,,,,,,,,,
684,Equity Investments  (13)(14),,,,,,,,,,,,,,,,,,,,,,,,,,,,,,,,,,,,,,,,
685,Aerospace and Defense,,,,,,,,,,,,,,,,,,,,,,,,,,,,,,,,,,,,,,,,
686,NTS Technical Systems,Common stock,,N/A,,,N/A,,N/A,,2,,,,1506,,,0.1,,,,575,,,,,,,,,,,,,,,,,,,
687,NTS Technical Systems,Preferred stock,,N/A,,,N/A,,N/A,,-,,,256,,,-,,,336,,,,,,,,,,,,,,,,,,,,,
688,NTS Technical Systems,Preferred stock,,N/A,,,N/A,,N/A,,-,,,128,,,-,,,185,,,,,,,,,,,,,,,,,,,,,
689,"Tresys Technology Holdings, Inc.",Common stock,,N/A,,,N/A,,N/A,,295,,,295,,,-,,,-,,,,,,,,,,,,,,,,,,,,,
690,Whitcraft LLC,Common stock,,N/A,,,N/A,,N/A,,4,,,375,,,0.1,,,636,,,,,,,,,,,,,,,,,,,,,
691,,,,,,,,,,,,,2560,,,0.2,,,1732,,,,,,,,,,,,,,,,,,,,,,
692,Automobile,,,,,,,,,,,,,,,,,,,,,,,,,,,,,,,,,,,,,,,,
693,"Grease Monkey International, LLC",LLC units,,N/A,,,N/A,,N/A,,354,,,354,,,0.1,,,569,,,,,,,,,,,,,,,,,,,,,
694,Polk Acquisition Corp.,LP interest,,N/A,,,N/A,,N/A,,1,,,144,,,-,,,62,,,,,,,,,,,,,,,,,,,,,
695,"Quick Quack Car Wash Holdings, LLC",LLC units,,N/A,,,N/A,,N/A,,-,,,207,,,-,,,207,,,,,,,,,,,,,,,,,,,,,
696,,,,,,,,,,,,,705,,,0.1,,,838,,,,,,,,,,,,,,,,,,,,,,
697,"Beverage, Food and Tobacco",,,,,,,,,,,,,,,,,,,,,,,,,,,,,,,,,,,,,,,,
698,"Benihana, Inc.",LLC units,,N/A,,,N/A,,N/A,,43,,,699,,,0.1,,,862,,,,,,,,,,,,,,,,,,,,,
699,"C. J. Foods, Inc.",Preferred stock,,N/A,,,N/A,,N/A,,-,,,75,,,0.1,,,621,,,,,,,,,,,,,,,,,,,,,
700,"Cafe Rio Holding, Inc.",Common stock,,N/A,,,N/A,,N/A,,2,,,224,,,-,,,276,,,,,,,,,,,,,,,,,,,,,
701,Global ID Corporation,LLC interest,,N/A,,,N/A,,N/A,,2,,,242,,,-,,,322,,,,,,,,,,,,,,,,,,,,,
702,"Hopdoddy Holdings, LLC",LLC units,,N/A,,,N/A,,N/A,,27,,,130,,,-,,,113,,,,,,,,,,,,,,,,,,,,,
703,"Hopdoddy Holdings, LLC",LLC units,,N/A,,,N/A,,N/A,,12,,,36,,,-,,,32,,,,,,,,,,,,,,,,,,,,,
704,"Mendocino Farms, LLC",Common stock,,N/A,,,N/A,,N/A,,11,,,50,,,-,,,48,,,,,,,,,,,,,,,,,,,,,
705,"Purfoods, LLC",LLC interest,,N/A,,,N/A,,N/A,,381,,,381,,,0.1,,,595,,,,,,,,,,,,,,,,,,,,,
706,"Rubio's Restaurants, Inc.",Preferred stock,,N/A,,,N/A,,N/A,,2,,,945,,,0.1,,,1215,,,,,,,,,,,,,,,,,,,,,
707,Uinta Brewing Company,LP interest,,N/A,,,N/A,,N/A,,462,,,462,,,-,,,-,,,,,,,,,,,,,,,,,,,,,
708,Wood Fired Holding Corp.,LLC units,,N/A,,,N/A,,N/A,,205,,,205,,,-,,,205,,,,,,,,,,,,,,,,,,,,,
709,Wood Fired Holding Corp.,LLC units,,N/A,,,N/A,,N/A,,205,,,-,,,-,,,-,,,,,,,,,,,,,,,,,,,,,
710,,,,,,,,,,,,,3449,,,0.4,,,4289,,,,,,,,,,,,,,,,,,,,,,
711,Buildings and Real Estate,,,,,,,,,,,,,,,,,,,,,,,,,,,,,,,,,,,,,,,,
712,"Brooks Equipment Company, LLC",Common stock,,N/A,,,N/A,,N/A,,10,,,1021,,,0.3,,,2447,,,,,,,,,,,,,,,,,,,,,
713,"Chemicals, Plastics and Rubber",,,,,,,,,,,,,,,,,,,,,,,,,,,,,,,,,,,,,,,,
714,"Flexan, LLC",Preferred stock,,N/A,,,N/A,,N/A,,-,,,90,,,-,,,70,,,,,,,,,,,,,,,,,,,,,
715,"Flexan, LLC",Common stock,,N/A,,,N/A,,N/A,,1,,,-,,,-,,,-,,,,,,,,,,,,,,,,,,,,,
716,Inhance Technologies Holdings LLC,LLC units,,N/A,,,N/A,,N/A,,-,,,70,,,-,,,70,,,,,,,,,,,,,,,,,,,,,
717,,,,,,,,,,,,,160,,,-,,,140,,,,,,,,,,,,,,,,,,,,,,
718,Diversified/Conglomerate Manufacturing,,,,,,,,,,,,,,,,,,,,,,,,,,,,,,,,,,,,,,,,
719,"Inventus Power, Inc.",Preferred stock,,N/A,,,N/A,,N/A,,-,,,370,,,-,,,-,,,,,,,,,,,,,,,,,,,,,
720,"Inventus Power, Inc.",LLC units,,N/A,,,N/A,,N/A,,-,,,54,,,-,,,52,,,,,,,,,,,,,,,,,,,,,
721,"Inventus Power, Inc.",Common stock,,N/A,,,N/A,,N/A,,-,,,-,,,-,,,-,,,,,,,,,,,,,,,,,,,,,
722,"Reladyne, Inc.",LP interest,,N/A,,,N/A,,N/A,,-,,,249,,,0.1,,,593,,,,,,,,,,,,,,,,,,,,,
723,"Sunless Merger Sub, Inc.",LP interest,,N/A,,,N/A,,N/A,,160,,,160,,,-,,,-,,,,,,,,,,,,,,,,,,,,,
724,,,,,,,,,,,,,833,,,0.1,,,645,,,,,,,,,,,,,,,,,,,,,,
725,,Investment Type,,Spread  Above  Index  (1),,Interest  Rate  (2),,Maturity  Date,,Principal ($) /  Shares  (3),,Amortized Cost,,Percentage  of Net  Assets,,Fair  Value  (4),,,,,,,,,,,,,,,,,,,,,,,,,
726,Diversified/Conglomerate Service,,,,,,,,,,,,,,,,,,,,,,,,,,,,,,,,,,,,,,,,
727,"Accela, Inc.",LLC units,,N/A,,,N/A,,N/A,,296,,,,296,,,-,,,,302,,,,,,,,,,,,,,,,,,,
728,Agility Recovery Solutions Inc.,Preferred stock,,N/A,,,N/A,,N/A,,67,,,341,,,0.1,,,518,,,,,,,,,,,,,,,,,,,,,
729,"Caliper Software, Inc.",Preferred stock,,N/A,,,N/A,,N/A,,1,,,1172,,,0.1,,,1222,,,,,,,,,,,,,,,,,,,,,
730,"Caliper Software, Inc.",Common stock,,N/A,,,N/A,,N/A,,104,,,104,,,-,,,104,,,,,,,,,,,,,,,,,,,,,
731,Centrify Corporation,LP interest,,N/A,,,N/A,,N/A,,-,,,348,,,0.1,,,348,,,,,,,,,,,,,,,,,,,,,
732,Centrify Corporation,LP interest,,N/A,,,N/A,,N/A,,123,,,-,,,-,,,-,,,,,,,,,,,,,,,,,,,,,
733,"Cloudbees, Inc.",Preferred stock,,N/A,,,N/A,,N/A,,33,,,207,,,-,,,207,,,,,,,,,,,,,,,,,,,,,
734,"Cloudbees, Inc.",Warrant,,N/A,,,N/A,,N/A,,29,,,39,,,-,,,68,,,,,,,,,,,,,,,,,,,,,
735,"Confluence Technologies, Inc.",LLC interest,,N/A,,,N/A,,N/A,,1,,,87,,,-,,,107,,,,,,,,,,,,,,,,,,,,,
736,"Connexin Software, Inc.",LLC interest,,N/A,,,N/A,,N/A,,69,,,69,,,-,,,96,,,,,,,,,,,,,,,,,,,,,
737,"Digital Guardian, Inc.",Warrant,,N/A,,,N/A,,N/A,,57,,,10,,,-,,,57,,,,,,,,,,,,,,,,,,,,,
738,DISA Holdings Acquisition Subsidiary Corp.,Common stock,,N/A,,,N/A,,N/A,,-,,,154,,,-,,,267,,,,,,,,,,,,,,,,,,,,,
739,"GS Acquisitionco, Inc.",LP interest,,N/A,,,N/A,,N/A,,1,,,98,,,-,,,144,,,,,,,,,,,,,,,,,,,,,
740,"HealthcareSource HR, Inc.",LLC interest,,N/A,,,N/A,,N/A,,-,,,348,,,0.1,,,413,,,,,,,,,,,,,,,,,,,,,
741,"Host Analytics, Inc.",Warrant,,N/A,,,N/A,,N/A,,368,,,134,,,-,,,149,,,,,,,,,,,,,,,,,,,,,
742,Hydraulic Authority III Limited  (8)(9)(10),Preferred stock,,N/A,,,N/A,,N/A,,133,,,170,,,-,,,170,,,,,,,,,,,,,,,,,,,,,
743,Hydraulic Authority III Limited  (8)(9)(10),Common stock,,N/A,,,N/A,,N/A,,3,,,-,,,-,,,-,,,,,,,,,,,,,,,,,,,,,
744,"Kareo, Inc.",Warrant,,N/A,,,N/A,,N/A,,23,,,160,,,-,,,2,,,,,,,,,,,,,,,,,,,,,
745,"Kareo, Inc.",Preferred stock,,N/A,,,N/A,,N/A,,1,,,4,,,-,,,5,,,,,,,,,,,,,,,,,,,,,
746,Maverick Bidco Inc.,LLC units,,N/A,,,N/A,,N/A,,1,,,369,,,0.1,,,389,,,,,,,,,,,,,,,,,,,,,
747,MMan Acquisition Co.,LP interest,,N/A,,,N/A,,N/A,,263,,,263,,,-,,,97,,,,,,,,,,,,,,,,,,,,,
748,MMan Acquisition Co.,Preferred stock,,N/A,,,N/A,,N/A,,-,,,20,,,-,,,21,,,,,,,,,,,,,,,,,,,,,
749,Net Health Acquisition Corp.,LP interest,,N/A,,,N/A,,N/A,,-,,,346,,,0.1,,,359,,,,,,,,,,,,,,,,,,,,,
750,"Nexus Brands Group, Inc.",LP interest,,N/A,,,N/A,,N/A,,-,,,187,,,-,,,217,,,,,,,,,,,,,,,,,,,,,
751,"Personify, Inc.",LLC units,,N/A,,,N/A,,N/A,,297,,,297,,,-,,,295,,,,,,,,,,,,,,,,,,,,,
752,"Pride Midco, Inc.",Preferred stock,,N/A,,,N/A,,N/A,,1,,,1107,,,0.1,,,1152,,,,,,,,,,,,,,,,,,,,,
753,"Project Alpha Intermediate Holding, Inc.",Common stock,,N/A,,,N/A,,N/A,,-,,,417,,,0.1,,,510,,,,,,,,,,,,,,,,,,,,,
754,"Project Alpha Intermediate Holding, Inc.",Common stock,,N/A,,,N/A,,N/A,,103,,,4,,,-,,,85,,,,,,,,,,,,,,,,,,,,,
755,"Property Brands, Inc.",Preferred stock,,N/A,,,N/A,,N/A,,28,,,284,,,-,,,324,,,,,,,,,,,,,,,,,,,,,
756,"RegEd Aquireco, LLC",LP interest,,N/A,,,N/A,,N/A,,-,,,138,,,-,,,138,,,,,,,,,,,,,,,,,,,,,
757,"RegEd Aquireco, LLC",LP interest,,N/A,,,N/A,,N/A,,1,,,-,,,-,,,-,,,,,,,,,,,,,,,,,,,,,
758,"Valant Medical Solutions, Inc.",Warrant,,N/A,,,N/A,,N/A,,5,,,68,,,-,,,37,,,,,,,,,,,,,,,,,,,,,
759,"Vendavo, Inc.",Preferred stock,,N/A,,,N/A,,N/A,,1017,,,1017,,,0.1,,,1354,,,,,,,,,,,,,,,,,,,,,
760,Verisys Corporation,LLC interest,,N/A,,,N/A,,N/A,,261,,,261,,,-,,,196,,,,,,,,,,,,,,,,,,,,,
761,"Vitalyst, LLC",Preferred stock,,N/A,,,N/A,,N/A,,-,,,61,,,-,,,80,,,,,,,,,,,,,,,,,,,,,
762,"Vitalyst, LLC",Common stock,,N/A,,,N/A,,N/A,,1,,,7,,,-,,,-,,,,,,,,,,,,,,,,,,,,,
763,"Workforce Software, LLC",LLC units,,N/A,,,N/A,,N/A,,323,,,323,,,0.1,,,357,,,,,,,,,,,,,,,,,,,,,
764,"Xmatters, Inc. and Alarmpoint, Inc.",Preferred stock,,N/A,,,N/A,,N/A,,242,,,221,,,-,,,220,,,,,,,,,,,,,,,,,,,,,
765,"Xmatters, Inc. and Alarmpoint, Inc.",Warrant,,N/A,,,N/A,,N/A,,43,,,34,,,-,,,17,,,,,,,,,,,,,,,,,,,,,
766,"Xmatters, Inc. and Alarmpoint, Inc.",Preferred stock,,N/A,,,N/A,,N/A,,10,,,10,,,-,,,13,,,,,,,,,,,,,,,,,,,,,
767,,,,,,,,,,,,,9175,,,1.0,,,10040,,,,,,,,,,,,,,,,,,,,,,
768,Ecological,,,,,,,,,,,,,,,,,,,,,,,,,,,,,,,,,,,,,,,,
769,"Pace Analytical Services, LLC",Common stock,,N/A,,,N/A,,N/A,,3,,,304,,,-,,,298,,,,,,,,,,,,,,,,,,,,,
770,,Investment Type,,Spread  Above  Index  (1),,Interest  Rate  (2),,Maturity  Date,,Principal ($) /  Shares  (3),,Amortized Cost,,Percentage  of Net  Assets,,Fair  Value  (4),,,,,,,,,,,,,,,,,,,,,,,,,
771,Electronics,,,,,,,,,,,,,,,,,,,,,,,,,,,,,,,,,,,,,,,,
772,Diligent Corporation,Preferred stock,,N/A,,,N/A,,N/A,,56,,,,1,,,-,,,,223,,,,,,,,,,,,,,,,,,,
773,"Episerver, Inc.",Common stock,,N/A,,,N/A,,N/A,,35,,,354,,,-,,,354,,,,,,,,,,,,,,,,,,,,,
774,Project Silverback Holdings Corp.,Preferred stock,,N/A,,,N/A,,N/A,,3,,,6,,,-,,,-,,,,,,,,,,,,,,,,,,,,,
775,"SEI, Inc.",LLC units,,N/A,,,N/A,,N/A,,340,,,265,,,0.1,,,622,,,,,,,,,,,,,,,,,,,,,
776,"Sloan Company, Inc., The",LLC units,,N/A,,,N/A,,N/A,,-,,,152,,,-,,,-,,,,,,,,,,,,,,,,,,,,,
777,"Sloan Company, Inc., The",LLC units,,N/A,,,N/A,,N/A,,2,,,14,,,-,,,-,,,,,,,,,,,,,,,,,,,,,
778,,,,,,,,,,,,,792,,,0.1,,,1199,,,,,,,,,,,,,,,,,,,,,,
779,"Healthcare, Education and Childcare",,,,,,,,,,,,,,,,,,,,,,,,,,,,,,,,,,,,,,,,
780,"Active Day, Inc.",LLC interest,,N/A,,,N/A,,N/A,,1,,,614,,,-,,,369,,,,,,,,,,,,,,,,,,,,,
781,"Acuity Eyecare Holdings, LLC",LLC interest,,N/A,,,N/A,,N/A,,362,,,387,,,0.1,,,417,,,,,,,,,,,,,,,,,,,,,
782,"ADCS Clinics Intermediate Holdings, LLC",Preferred stock,,N/A,,,N/A,,N/A,,1,,,579,,,0.1,,,420,,,,,,,,,,,,,,,,,,,,,
783,"ADCS Clinics Intermediate Holdings, LLC",Common stock,,N/A,,,N/A,,N/A,,-,,,6,,,-,,,-,,,,,,,,,,,,,,,,,,,,,
784,"BIO18 Borrower, LLC",LLC interest,,N/A,,,N/A,,N/A,,92,,,484,,,0.1,,,484,,,,,,,,,,,,,,,,,,,,,
785,"BIOVT, LLC",LLC units,,N/A,,,N/A,,N/A,,-,,,407,,,0.1,,,713,,,,,,,,,,,,,,,,,,,,,
786,"CRH Healthcare Purchaser, Inc.",LP interest,,N/A,,,N/A,,N/A,,201,,,201,,,-,,,201,,,,,,,,,,,,,,,,,,,,,
787,"DCA Investment Holding, LLC",LLC units,,N/A,,,N/A,,N/A,,8637,,,864,,,0.1,,,1119,,,,,,,,,,,,,,,,,,,,,
788,"DCA Investment Holding, LLC",LLC units,,N/A,,,N/A,,N/A,,87,,,9,,,-,,,19,,,,,,,,,,,,,,,,,,,,,
789,Deca Dental Management LLC,LLC units,,N/A,,,N/A,,N/A,,357,,,357,,,-,,,370,,,,,,,,,,,,,,,,,,,,,
790,Dental Holdings Corporation,LLC units,,N/A,,,N/A,,N/A,,883,,,831,,,0.1,,,537,,,,,,,,,,,,,,,,,,,,,
791,Elite Dental Partners LLC,Common stock,,N/A,,,N/A,,N/A,,-,,,360,,,0.1,,,401,,,,,,,,,,,,,,,,,,,,,
792,"Encore GC Acquisition, LLC",LLC units,,N/A,,,N/A,,N/A,,18,,,182,,,-,,,244,,,,,,,,,,,,,,,,,,,,,
793,"Encore GC Acquisition, LLC",LLC units,,N/A,,,N/A,,N/A,,18,,,-,,,-,,,36,,,,,,,,,,,,,,,,,,,,,
794,"ERG Buyer, LLC",LLC units,,N/A,,,N/A,,N/A,,-,,,349,,,-,,,178,,,,,,,,,,,,,,,,,,,,,
795,"ERG Buyer, LLC",LLC units,,N/A,,,N/A,,N/A,,4,,,4,,,-,,,-,,,,,,,,,,,,,,,,,,,,,
796,Eyecare Services Partners Holdings LLC,LLC units,,N/A,,,N/A,,N/A,,-,,,133,,,-,,,87,,,,,,,,,,,,,,,,,,,,,
797,Eyecare Services Partners Holdings LLC,LLC units,,N/A,,,N/A,,N/A,,-,,,1,,,-,,,-,,,,,,,,,,,,,,,,,,,,,
798,"G & H Wire Company, Inc.",LLC interest,,N/A,,,N/A,,N/A,,148,,,148,,,-,,,110,,,,,,,,,,,,,,,,,,,,,
799,"IntegraMed America, Inc.",LLC interest,,N/A,,,N/A,,N/A,,-,,,417,,,-,,,139,,,,,,,,,,,,,,,,,,,,,
800,"Katena Holdings, Inc.",LLC units,,N/A,,,N/A,,N/A,,-,,,387,,,-,,,331,,,,,,,,,,,,,,,,,,,,,
801,"Lombart Brothers, Inc.",Common stock,,N/A,,,N/A,,N/A,,1,,,157,,,-,,,186,,,,,,,,,,,,,,,,,,,,,
802,"MD Now Holdings, Inc.",LLC units,,N/A,,,N/A,,N/A,,7,,,68,,,-,,,68,,,,,,,,,,,,,,,,,,,,,
803,"MWD Management, LLC & MWD Services, Inc.",LLC interest,,N/A,,,N/A,,N/A,,182,,,182,,,-,,,122,,,,,,,,,,,,,,,,,,,,,
804,"Oliver Street Dermatology Holdings, LLC",LLC units,,N/A,,,N/A,,N/A,,234,,,234,,,-,,,306,,,,,,,,,,,,,,,,,,,,,
805,"Pentec Acquisition Sub, Inc.",Preferred stock,,N/A,,,N/A,,N/A,,1,,,116,,,-,,,167,,,,,,,,,,,,,,,,,,,,,
806,"Pinnacle Treatment Centers, Inc.",Preferred stock,,N/A,,,N/A,,N/A,,-,,,231,,,-,,,274,,,,,,,,,,,,,,,,,,,,,
807,"Pinnacle Treatment Centers, Inc.",Common stock,,N/A,,,N/A,,N/A,,2,,,2,,,-,,,18,,,,,,,,,,,,,,,,,,,,,
808,"Radiology Partners, Inc.",LLC units,,N/A,,,N/A,,N/A,,43,,,85,,,-,,,192,,,,,,,,,,,,,,,,,,,,,
809,"Radiology Partners, Inc.",LLC units,,N/A,,,N/A,,N/A,,11,,,76,,,-,,,48,,,,,,,,,,,,,,,,,,,,,
810,RXH Buyer Corporation,LP interest,,N/A,,,N/A,,N/A,,7,,,683,,,-,,,361,,,,,,,,,,,,,,,,,,,,,
811,"Sage Dental Management, LLC",LLC units,,N/A,,,N/A,,N/A,,-,,,249,,,-,,,15,,,,,,,,,,,,,,,,,,,,,
812,"Sage Dental Management, LLC",LLC units,,N/A,,,N/A,,N/A,,3,,,3,,,-,,,-,,,,,,,,,,,,,,,,,,,,,
813,"SLMP, LLC",LLC interest,,N/A,,,N/A,,N/A,,289,,,289,,,-,,,319,,,,,,,,,,,,,,,,,,,,,
814,"Spear Education, LLC",LLC units,,N/A,,,N/A,,N/A,,-,,,62,,,-,,,77,,,,,,,,,,,,,,,,,,,,,
815,"Spear Education, LLC",LLC units,,N/A,,,N/A,,N/A,,1,,,1,,,-,,,28,,,,,,,,,,,,,,,,,,,,,
816,SSH Corporation,Common stock,,N/A,,,N/A,,N/A,,-,,,40,,,-,,,201,,,,,,,,,,,,,,,,,,,,,
817,"Summit Behavioral Healthcare, LLC",LLC interest,,N/A,,,N/A,,N/A,,1,,,68,,,-,,,47,,,,,,,,,,,,,,,,,,,,,
818,"Summit Behavioral Healthcare, LLC",LLC interest,,N/A,,,N/A,,N/A,,1,,,-,,,-,,,-,,,,,,,,,,,,,,,,,,,,,
819,"Surgical Information Systems, LLC",Common stock,,N/A,,,N/A,,N/A,,4,,,414,,,0.1,,,525,,,,,,,,,,,,,,,,,,,,,
820,,Investment Type,,Spread  Above  Index  (1),,Interest  Rate  (2),,Maturity  Date,,Principal ($) /  Shares  (3),,Amortized Cost,,Percentage  of Net  Assets,,Fair  Value  (4),,,,,,,,,,,,,,,,,,,,,,,,,
821,"Healthcare, Education and Childcare - (continued)",,,,,,,,,,,,,,,,,,,,,,,,,,,,,,,,,,,,,,,,
822,"U.S. Renal Care, Inc.",LP interest,,N/A,,,N/A,,N/A,,1,,,,2665,,,0.2,,,,1699,,,,,,,,,,,,,,,,,,,
823,"WHCG Management, LLC",LLC interest,,N/A,,,N/A,,N/A,,-,,,246,,,-,,,82,,,,,,,,,,,,,,,,,,,,,
824,,,,,,,,,,,,,,12591,,,1.0,,,10910,,,,,,,,,,,,,,,,,,,,,
825,Insurance,,,,,,,,,,,,,,,,,,,,,,,,,,,,,,,,,,,,,,,,
826,"Captive Resources Midco, LLC  (15)",LLC units,,N/A,,,N/A,,N/A,,1,,,-,,,0.1,,,436,,,,,,,,,,,,,,,,,,,,,
827,"Internet Pipeline, Inc.",Preferred stock,,N/A,,,N/A,,N/A,,-,,,72,,,-,,,99,,,,,,,,,,,,,,,,,,,,,
828,"Internet Pipeline, Inc.",Common stock,,N/A,,,N/A,,N/A,,44,,,1,,,-,,,173,,,,,,,,,,,,,,,,,,,,,
829,"Orchid Underwriters Agency, LLC",LP interest,,N/A,,,N/A,,N/A,,37,,,37,,,-,,,37,,,,,,,,,,,,,,,,,,,,,
830,,,,,,,,,,,,,110,,,0.1,,,745,,,,,,,,,,,,,,,,,,,,,,
831,"Leisure, Amusement, Motion Pictures, Entertainment",,,,,,,,,,,,,,,,,,,,,,,,,,,,,,,,,,,,,,,,
832,"LMP TR Holdings, LLC",LLC units,,N/A,,,N/A,,N/A,,712,,,712,,,0.1,,,958,,,,,,,,,,,,,,,,,,,,,
833,"PADI Holdco, Inc.",LLC units,,N/A,,,N/A,,N/A,,-,,,414,,,0.1,,,462,,,,,,,,,,,,,,,,,,,,,
834,"Titan Fitness, LLC",LLC units,,N/A,,,N/A,,N/A,,1,,,712,,,0.2,,,1748,,,,,,,,,,,,,,,,,,,,,
835,WBZ Investment LLC,LLC interest,,N/A,,,N/A,,N/A,,31,,,49,,,-,,,49,,,,,,,,,,,,,,,,,,,,,
836,WBZ Investment LLC,LLC interest,,N/A,,,N/A,,N/A,,21,,,33,,,-,,,33,,,,,,,,,,,,,,,,,,,,,
837,WBZ Investment LLC,LLC interest,,N/A,,,N/A,,N/A,,18,,,27,,,-,,,27,,,,,,,,,,,,,,,,,,,,,
838,WBZ Investment LLC,LLC interest,,N/A,,,N/A,,N/A,,15,,,24,,,-,,,24,,,,,,,,,,,,,,,,,,,,,
839,WBZ Investment LLC,LLC interest,,N/A,,,N/A,,N/A,,7,,,10,,,-,,,10,,,,,,,,,,,,,,,,,,,,,
840,WBZ Investment LLC,LLC interest,,N/A,,,N/A,,N/A,,1,,,1,,,-,,,1,,,,,,,,,,,,,,,,,,,,,
841,,,,,,,,,,,,,1982,,,0.4,,,3312,,,,,,,,,,,,,,,,,,,,,,
842,Personal and Non Durable Consumer Products (Mfg. Only),,,,,,,,,,,,,,,,,,,,,,,,,,,,,,,,,,,,,,,,
843,"Georgica Pine Clothiers, LLC  (15)",LLC units,,N/A,,,N/A,,N/A,,11,,,106,,,-,,,133,,,,,,,,,,,,,,,,,,,,,
844,"Massage Envy, LLC",LLC interest,,N/A,,,N/A,,N/A,,749,,,210,,,0.2,,,1670,,,,,,,,,,,,,,,,,,,,,
845,,,,,,,,,,,,,316,,,0.2,,,1803,,,,,,,,,,,,,,,,,,,,,,
846,"Personal, Food and Miscellaneous Services",,,,,,,,,,,,,,,,,,,,,,,,,,,,,,,,,,,,,,,,
847,"Captain D's, LLC",LLC interest,,N/A,,,N/A,,N/A,,70,,,70,,,-,,,56,,,,,,,,,,,,,,,,,,,,,
848,"Community Veterinary Partners, LLC",Common stock,,N/A,,,N/A,,N/A,,2,,,244,,,0.1,,,338,,,,,,,,,,,,,,,,,,,,,
849,"PPV Intermediate Holdings II, LLC",LLC interest,,N/A,,,N/A,,N/A,,13,,,13,,,-,,,15,,,,,,,,,,,,,,,,,,,,,
850,R.G. Barry Corporation,Preferred stock,,N/A,,,N/A,,N/A,,-,,,161,,,-,,,139,,,,,,,,,,,,,,,,,,,,,
851,"Ruby Slipper Cafe LLC, The",LLC units,,N/A,,,N/A,,N/A,,12,,,124,,,-,,,147,,,,,,,,,,,,,,,,,,,,,
852,"Southern Veterinary Partners, LLC",LLC units,,N/A,,,N/A,,N/A,,-,,,216,,,-,,,341,,,,,,,,,,,,,,,,,,,,,
853,"Southern Veterinary Partners, LLC",LLC units,,N/A,,,N/A,,N/A,,64,,,2,,,-,,,43,,,,,,,,,,,,,,,,,,,,,
854,"Veterinary Specialists of North America, LLC",LLC units,,N/A,,,N/A,,N/A,,-,,,106,,,-,,,214,,,,,,,,,,,,,,,,,,,,,
855,"Wetzel's Pretzels, LLC",Common stock,,N/A,,,N/A,,N/A,,-,,,160,,,-,,,217,,,,,,,,,,,,,,,,,,,,,
856,,,,,,,,,,,,,1096,,,0.1,,,1510,,,,,,,,,,,,,,,,,,,,,,
857,Printing and Publishing,,,,,,,,,,,,,,,,,,,,,,,,,,,,,,,,,,,,,,,,
858,"Brandmuscle, Inc.",LLC interest,,N/A,,,N/A,,N/A,,-,,,240,,,-,,,161,,,,,,,,,,,,,,,,,,,,,
859,Retail Stores,,,,,,,,,,,,,,,,,,,,,,,,,,,,,,,,,,,,,,,,
860,Batteries Plus Holding Corporation,LP interest,,N/A,,,N/A,,N/A,,5,,,529,,,0.1,,,841,,,,,,,,,,,,,,,,,,,,,
861,"Cycle Gear, Inc.",LLC units,,N/A,,,N/A,,N/A,,19,,,248,,,0.1,,,475,,,,,,,,,,,,,,,,,,,,,
862,"DTLR, Inc.",LLC interest,,N/A,,,N/A,,N/A,,4,,,411,,,0.1,,,782,,,,,,,,,,,,,,,,,,,,,
863,"Elite Sportswear, L.P.",LLC interest,,N/A,,,N/A,,N/A,,-,,,165,,,-,,,22,,,,,,,,,,,,,,,,,,,,,
864,"Feeders Supply Company, LLC",Preferred stock,,N/A,,,N/A,,N/A,,2,,,192,,,-,,,246,,,,,,,,,,,,,,,,,,,,,
865,"Feeders Supply Company, LLC",Common stock,,N/A,,,N/A,,N/A,,-,,,-,,,-,,,34,,,,,,,,,,,,,,,,,,,,,
866,Jet Equipment & Tools Ltd.  (8)(9)(12),LLC units,,N/A,,,N/A,,N/A,,-,,,339,,,0.1,,,429,,,,,,,,,,,,,,,,,,,,,
867,"Marshall Retail Group LLC, The",LLC units,,N/A,,,N/A,,N/A,,15,,,154,,,-,,,125,,,,,,,,,,,,,,,,,,,,,
868,"Paper Source, Inc.",Common stock,,N/A,,,N/A,,N/A,,8,,,1387,,,0.1,,,469,,,,,,,,,,,,,,,,,,,,,
869,,Investment Type,,Spread  Above  Index  (1),,Interest  Rate  (2),,Maturity  Date,,Principal ($) /  Shares  (3),,Amortized Cost,,Percentage  of Net  Assets,,Fair  Value  (4),,,,,,,,,,,,,,,,,,,,,,,,,
870,Retail Stores - (continued),,,,,,,,,,,,,,,,,,,,,,,,,,,,,,,,,,,,,,,,
871,Pet Holdings ULC  (8)(12),LP interest,,N/A,,,N/A,,N/A,,455,,,,386,,,0.1,,,,462,,,,,,,,,,,,,,,,,,,
872,"Pet Supplies Plus, LLC",LLC units,,N/A,,,N/A,,N/A,,67,,,67,,,-,,,67,,,,,,,,,,,,,,,,,,,,,
873,"Sola Franchise, LLC and Sola Salon Studios, LLC",LLC units,,N/A,,,N/A,,N/A,,2,,,180,,,-,,,180,,,,,,,,,,,,,,,,,,,,,
874,"Sola Franchise, LLC and Sola Salon Studios, LLC",LLC units,,N/A,,,N/A,,N/A,,-,,,36,,,-,,,36,,,,,,,,,,,,,,,,,,,,,
875,,,,,,,,,,,,,4094,,,0.6,,,4168,,,,,,,,,,,,,,,,,,,,,,
876,Total non-controlled/non-affiliate company equity investments,,,,,,,,,,39428,,,4.6,,,,44237,,,,,,,,,,,,,,,,,,,,,,,
877,Total non-controlled/non-affiliate company investments,,,,,,,,1816333,,,,1835229,,,190.9,,,,1842071,,,,,,,,,,,,,,,,,,,,,
878,Non-controlled affiliate company investments  (16),,,,,,,,,,,,,,,,,,,,,,,,,,,,,,,,,,,,,,,,
879,Debt investments,,,,,,,,,,,,,,,,,,,,,,,,,,,,,,,,,,,,,,,,
880,Diversified/Conglomerate Service,,,,,,,,,,,,,,,,,,,,,,,,,,,,,,,,,,,,,,,,
881,Switchfly LLC  (8),One stop,,L + 3.00,(c),,5.40,,10/2023,,,2296,,,,2245,,,0.2,,,,2066,,,,,,,,,,,,,,,,,,
882,Switchfly LLC  (8),One stop,,L + 3.00,(c),,5.40,,10/2023,,192,,,189,,,-,,,173,,,,,,,,,,,,,,,,,,,,,
883,Switchfly LLC  (8),One stop,,L + 3.00,(c),,5.40,,10/2023,,17,,,17,,,-,,,15,,,,,,,,,,,,,,,,,,,,,
884,Switchfly LLC  (8),One stop,,L + 8.50,,,N/A(6),,10/2023,,-,,,-,,,-,,,-,,,,,,,,,,,,,,,,,,,,,
885,,,,,,,,,,,2505,,,2451,,,0.2,,,2254,,,,,,,,,,,,,,,,,,,,,
886,"Mining, Steel, Iron and Non-Precious Metals",,,,,,,,,,,,,,,,,,,,,,,,,,,,,,,,,,,,,,,,
887,"Benetech, Inc.  (8)",One stop,,L + 10.00,(a),,10.52 cash/2.00 PIK,,05/2019,,4211,,,4210,,,0.5,,,4211,,,,,,,,,,,,,,,,,,,,,
888,"Benetech, Inc.  (8)",One stop,,P + 8.75,(a)(f),,11.87 cash/2.00 PIK,,05/2019,,166,,,166,,,-,,,166,,,,,,,,,,,,,,,,,,,,,
889,,,,,,,,,,,4377,,,4376,,,0.5,,,4377,,,,,,,,,,,,,,,,,,,,,
890,Total non-controlled affiliate company debt investments,,,,,,,,6882,,,,6827,,,0.7,,,,6631,,,,,,,,,,,,,,,,,,,,,
891,Equity Investments  (13)(14),,,,,,,,,,,,,,,,,,,,,,,,,,,,,,,,,,,,,,,,
892,Diversified/Conglomerate Service,,,,,,,,,,,,,,,,,,,,,,,,,,,,,,,,,,,,,,,,
893,Switchfly LLC  (8),LLC units,,N/A,,,N/A,,N/A,,1304,,,,653,,,0.1,,,,846,,,,,,,,,,,,,,,,,,,
894,"Mining, Steel, Iron and Non-Precious Metals",,,,,,,,,,,,,,,,,,,,,,,,,,,,,,,,,,,,,,,,
895,"Benetech, Inc.  (8)",LLC interest,,N/A,,,N/A,,N/A,,56,,,-,,,-,,,16,,,,,,,,,,,,,,,,,,,,,
896,"Benetech, Inc.  (8)",LLC interest,,N/A,,,N/A,,N/A,,56,,,-,,,-,,,-,,,,,,,,,,,,,,,,,,,,,
897,,,,,,,,,,,,,-,,,-,,,16,,,,,,,,,,,,,,,,,,,,,,
898,Total non-controlled affiliate company equity investments,,,,,,,,,,653,,,0.1,,,,862,,,,,,,,,,,,,,,,,,,,,,,
899,Total non-controlled affiliate company investments,,,,,,,,6882,,,,7480,,,0.8,,,,7493,,,,,,,,,,,,,,,,,,,,,
900,Controlled affiliate company investments  (17),,,,,,,,,,,,,,,,,,,,,,,,,,,,,,,,,,,,,,,,
901,Equity Investments  (13)(14),,,,,,,,,,,,,,,,,,,,,,,,,,,,,,,,,,,,,,,,
902,Investment Funds and Vehicles,,,,,,,,,,,,,,,,,,,,,,,,,,,,,,,,,,,,,,,,
903,Senior Loan Fund LLC  (8)(18),LLC interest,,N/A,,,N/A,,N/A,,73132,,,,73132,,,7.1,,,,68915,,,,,,,,,,,,,,,,,,,
904,Total controlled affiliate company equity investments,,,,,,,,,,73132,,,7.1,,,,68915,,,,,,,,,,,,,,,,,,,,,,,
905,Total investments,,,,,,,,1823215,,,,1915841,,,198.8,,,,1918479,,,,,,,,,,,,,,,,,,,,,
906,,Investment Type,,Spread  Above  Index  (1),,Interest  Rate  (2),,Maturity  Date,,Principal ($) /  Shares  (3),,Amortized Cost,,Percentage  of Net  Assets,,Fair  Value  (4),,,,,,,,,,,,,,,,,,,,,,,,,
907,"Cash, cash equivalents and restricted cash, cash equivalents and foreign currencies",,,,,,,,,,,,,,,,,,,,,,,,,,,,,,,,,,,,,,,,
908,Cash and restricted cash and foreign currencies,,,,,,,,,,,30858,,,2.2,,,,30858,,,,,,,,,,,,,,,,,,,,,,
909,BlackRock Liquidity Funds T-Fund Institutional Shares (CUSIP 09248U718),,,2.27  (19),,,,,,,22847,,,3.4,,,22847,,,,,,,,,,,,,,,,,,,,,,,,
910,"Total cash, cash equivalents and restricted cash, cash equivalents and foreign currencies",,,,,53705,,,5.6,,,,53705,,,,,,,,,,,,,,,,,,,,,,,,,,,,
911,"Total investments and cash, cash equivalents and restricted cash and cash equivalents",,,,,,,,,1969546,,,204.4,,,,1972184,,,,,,,,,,,,,,,,,,,,,,,,
912,Portfolio Company,,"Fair value as of September 30, 2018",,Purchases (cost)  (k),,Redemptions  (cost),,Transfer in (out),,Discount  accretion,,Net change in unrealized  gain/(loss),,"Fair value as of December 31, 2018",,Net realized gain/(loss),,Interest and  fee income,,Dividend  income,,,,,,,,,,,,,,,,,,,,
913,"Benetech, Inc.",,,4496,,,,26,,,,(129,,,,-,,,,1,,,,(1,,,,4393,,,,-,,,,154,,,,-,
914,Switchfly LLC,,2788,,,245,,,-,,,-,,,(16,,,83,,,3100,,,-,,,19,,,-,,,,,,,,,,,
915,Total Non-Controlled Affiliates,,,7284,,,,271,,,,(129,,,,-,,,,(15,,,,82,,,,7493,,,,-,,,,173,,,,-,
