,0,1,2,3,4,5,6,7,8,9,10,11,12,13,14,15,16,17,18,19,20,21,22,23,24,25,26
0,,,,,Spread,,,,,,,,,,,,,Percentage,,,,,,,,,
1,,,Investment,,Above,,Interest,,Maturity,,"Principal / Par ($),",,,Amortized,,,of,,,Fair,,,,,,,
2,,,Type,,Index  (1),,Rate  (2),,Date,,Shares/Units  (3),,,Cost,,,Net Assets,,,Value,,,,,,,
3,"Tate's Bake Shop, Inc.  #",,Senior loan,,L + 5.00,,,6.00,,08/2019,,,599,,,,594,,,,0.1,,,,599,,
4,Uinta Brewing Company,,One stop,,L + 7.00,,,8.00,,08/2019,,,308,,,,305,,,,-,,,,291,,
5,Uinta Brewing Company^,,One stop,,L + 7.00,,,8.00,,08/2019,,,3734,,,,3711,,,,0.5,,,,3586,,
6,United Craft Brews LLC,,One stop,,L + 6.25,,,7.25,,03/2020,,,813,,,,800,,,,0.1,,,,813,,
7,United Craft Brews LLC,,One stop,,L + 6.25,,,7.25,,03/2020,,,1215,,,,1203,,,,0.1,,,,1215,,
8,United Craft Brews LLC,,One stop,,L + 6.25,,,7.25,,03/2020,,,12066,,,,11867,,,,1.5,,,,12066,,
9,,,,,,,,,,,,,,157386,,,,155629,,,,19.0,,,,156052,
10,Broadcasting and Entertainment,,,,,,,,,,,,,,,,,,,,,,,,,,
11,"TouchTunes Interactive Networks, Inc.^",,Senior loan,,L + 4.75,,,5.75,,05/2021,,,1481,,,,1475,,,,0.2,,,,1490,,
12,Building and Real Estate,,,,,,,,,,,,,,,,,,,,,,,,,,
13,"Brooks Equipment Company, LLC  (4)",,One stop,,L + 5.00,,,N/A  (5),,08/2020,,,-,,,,(14,,,,-,,,,-,,
14,"Brooks Equipment Company, LLC*^",,One stop,,L + 5.00,,,6.00,,08/2020,,,23780,,,,23535,,,,2.9,,,,23780,,
15,"ITEL Laboratories, Inc.",,Senior loan,,L + 4.75,,,N/A  (5),,06/2018,,,-,,,,-,,,,-,,,,-,,
16,"ITEL Laboratories, Inc.*",,Senior loan,,L + 4.75,,,6.00,,06/2018,,,635,,,,632,,,,0.1,,,,635,,
17,,,,,,,,,,,,,,24415,,,,24153,,,,3.0,,,,24415,
18,"Containers, Packaging and Glass",,,,,,,,,,,,,,,,,,,,,,,,,,
19,Fort Dearborn Company*^,,Senior loan,,L + 4.25,,,5.25,,10/2017,,,523,,,,522,,,,0.1,,,,523,,
20,Fort Dearborn Company*^,,Senior loan,,L + 4.75,,,5.95,,10/2018,,,2981,,,,2969,,,,0.4,,,,2981,,
21,"Packaging Coordinators, Inc.",,Second lien,,L + 8.00,,,9.00,,08/2022,,,10000,,,,9923,,,,1.2,,,,10000,,
22,"Packaging Coordinators, Inc.*",,Senior loan,,P + 3.25,,,6.75,,08/2021,,,2828,,,,2808,,,,0.3,,,,2828,,
23,,,,,,,,,,,,,,16332,,,,16222,,,,2.0,,,,16332,
24,Diversified Conglomerate Manufacturing,,,,,,,,,,,,,,,,,,,,,,,,,,
25,"Chase Industries, Inc.  #",,One stop,,L + 5.75,,,6.75,,09/2020,,,3368,,,,3334,,,,0.4,,,,3368,,
26,"Chase Industries, Inc.  (4)",,One stop,,L + 5.75,,,N/A  (5),,09/2020,,,-,,,,(15,,,,-,,,,-,,
27,"Chase Industries, Inc.*  ^#",,One stop,,L + 5.75,,,6.75,,09/2020,,,20723,,,,20577,,,,2.5,,,,20723,,
28,"Harvey Tool Company, LLC",,Senior loan,,L + 5.00,,,N/A  (5),,03/2019,,,-,,,,-,,,,-,,,,-,,
29,"Harvey Tool Company, LLC*",,Senior loan,,L + 5.00,,,6.01,,03/2020,,,3115,,,,3090,,,,0.4,,,,3115,,
30,"Inventus Power, Inc  (4)",,One stop,,L + 5.50,,,N/A  (5),,04/2020,,,-,,,,(3,,,,-,,,,(31,,
31,"Inventus Power, Inc*^",,One stop,,L + 5.50,,,6.50,,04/2020,,,8409,,,,8366,,,,1.0,,,,7904,,
32,Onicon Incorporated  (4),,One stop,,L + 6.00,,,N/A  (5),,04/2020,,,-,,,,(6,,,,-,,,,-,,
33,Onicon Incorporated  *#,,One stop,,L + 6.00,,,7.00,,04/2020,,,10403,,,,10306,,,,1.2,,,,10403,,
34,"Pasternack Enterprises, Inc.  #",,Senior loan,,L + 5.00,,,6.00,,05/2022,,,1644,,,,1628,,,,0.2,,,,1627,,
35,"PetroChoice Holdings, Inc.^",,Senior loan,,L + 5.00,,,6.00,,08/2022,,,1772,,,,1721,,,,0.2,,,,1737,,
36,"Plex Systems, Inc.  (4)",,One stop,,L + 7.50,,,N/A  (5),,06/2018,,,-,,,,(26,,,,-,,,,-,,
37,"Plex Systems, Inc.*^",,One stop,,L + 7.50,,,8.75,,06/2018,,,18797,,,,18447,,,,2.3,,,,18797,,
38,"Sunless Merger Sub, Inc.",,Senior loan,,P + 4.00,,,7.50,,07/2019,,,151,,,,150,,,,-,,,,149,,
39,"Sunless Merger Sub, Inc.",,Senior loan,,L + 5.25,,,6.50,,07/2019,,,1518,,,,1523,,,,0.2,,,,1488,,
40,,,,,,,,,,,,,,69900,,,,69092,,,,8.4,,,,69280,
41,Diversified Conglomerate Service,,,,,,,,,,,,,,,,,,,,,,,,,,
42,"Accellos, Inc.  (4)",,One stop,,L + 5.75,,,N/A  (5),,07/2020,,,-,,,,(14,,,,-,,,,-,,
43,"Accellos, Inc.*  ^#",,One stop,,L + 5.75,,,6.75,,07/2020,,,31051,,,,30790,,,,3.8,,,,31051,,
44,"Actiance, Inc.",,One stop,,L + 9.00,,,N/A  (5),,04/2018,,,-,,,,-,,,,-,,,,-,,
45,"Actiance, Inc.*^",,One stop,,L + 9.00,,,10.00,,04/2018,,,2900,,,,2820,,,,0.3,,,,2900,,
46,Agility Recovery Solutions Inc.  (4),,One stop,,L + 6.50,,,N/A  (5),,03/2020,,,-,,,,(7,,,,-,,,,-,,
47,Agility Recovery Solutions Inc.*^,,One stop,,L + 6.50,,,7.50,,03/2020,,,14128,,,,13975,,,,1.7,,,,14128,,
48,Bomgar Corporation  (4),,One stop,,L + 7.50,,,N/A  (5),,06/2022,,,-,,,,(2,,,,-,,,,(1,,
49,Bomgar Corporation^,,One stop,,L + 7.50,,,8.50,,06/2022,,,4900,,,,4802,,,,0.6,,,,4851,,
50,"CIBT Holdings, Inc^",,Senior loan,,L + 5.25,,,6.25,,06/2022,,,1978,,,,1958,,,,0.2,,,,1958,,
51,"CIBT Holdings, Inc",,Senior loan,,L + 5.25,,,N/A  (5),,06/2022,,,-,,,,-,,,,-,,,,-,,
52,"Daxko, LLC  (4)",,One stop,,L + 5.00,,,N/A  (5),,03/2020,,,-,,,,(21,,,,-,,,,-,,
53,"Daxko, LLC  *^#",,One stop,,L + 5.00,,,6.00,,03/2020,,,28870,,,,28580,,,,3.5,,,,28870,,
54,"DTI Holdco, Inc.  #",,Senior loan,,L + 5.00,,,6.00,,08/2020,,,8281,,,,8219,,,,1.0,,,,8281,,
55,"EGD Security Systems, LLC  (4)",,One stop,,L + 6.25,,,N/A  (5),,06/2022,,,-,,,,(2,,,,-,,,,(2,,
56,"EGD Security Systems, LLC",,One stop,,L + 6.25,,,7.25,,06/2022,,,11114,,,,10866,,,,1.3,,,,11002,,
57,"EGD Security Systems, LLC  (4)",,One stop,,L + 6.25,,,N/A  (5),,06/2022,,,-,,,,(2,,,,-,,,,(2,,
58,"HealthcareSource HR, Inc.  (4)",,One stop,,L + 6.75,,,N/A  (5),,05/2020,,,-,,,,(1,,,,-,,,,-,,
59,"HealthcareSource HR, Inc.  #",,One stop,,L + 6.75,,,7.75,,05/2020,,,17769,,,,17439,,,,2.2,,,,17769,,
<<<<<<< HEAD
60,"Host Analytics, Inc.",,One stop,,No Value,,,8.50 cash/2.25 PIK,,02/2020,,,734,,,,730,,,,0.1,,,,734,,
61,"Host Analytics, Inc.",,One stop,,No Value,,,8.50 cash/2.25 PIK,,02/2020,,,3011,,,,2973,,,,0.4,,,,3011,,
=======
60,"Host Analytics, Inc.",,One stop,,N/A,,,8.50 cash/2.25 PIK,,02/2020,,,734,,,,730,,,,0.1,,,,734,,
61,"Host Analytics, Inc.",,One stop,,N/A,,,8.50 cash/2.25 PIK,,02/2020,,,3011,,,,2973,,,,0.4,,,,3011,,
>>>>>>> GSBD
62,"Integration Appliance, Inc.  (4)",,One stop,,L + 8.25,,,N/A  (5),,09/2018,,,-,,,,(9,,,,-,,,,-,,
63,"Integration Appliance, Inc.",,One stop,,L + 8.25,,,9.50,,09/2020,,,5396,,,,5302,,,,0.7,,,,5396,,
64,"Integration Appliance, Inc.",,One stop,,L + 8.25,,,9.50,,09/2020,,,7914,,,,7762,,,,1.0,,,,7914,,
65,"Integration Appliance, Inc.*",,One stop,,L + 8.25,,,9.50,,09/2020,,,719,,,,709,,,,0.1,,,,719,,
66,"Integration Appliance, Inc.*^",,One stop,,L + 8.25,,,9.50,,09/2020,,,16123,,,,15977,,,,2.0,,,,16123,,
67,"Jensen Hughes, Inc.  #",,Senior loan,,L + 5.00,,,6.00,,12/2021,,,157,,,,155,,,,-,,,,157,,
68,Mediaocean LLC  #,,Senior loan,,L + 4.75,,,5.75,,08/2022,,,167,,,,164,,,,-,,,,167,,
69,"Netsmart Technologies, Inc.  #",,Senior loan,,L + 4.75,,,5.75,,04/2023,,,1777,,,,1759,,,,0.2,,,,1774,,
70,"Netsmart Technologies, Inc.  (4)",,Senior loan,,L + 4.75,,,N/A  (5),,04/2023,,,-,,,,(9,,,,-,,,,(1,,
71,"PT Intermediate Holdings III, LLC",,One stop,,L + 6.50,,,7.50,,06/2022,,,7,,,,3,,,,-,,,,3,,
72,"PT Intermediate Holdings III, LLC",,One stop,,L + 6.50,,,7.50,,06/2022,,,22250,,,,21696,,,,2.7,,,,21916,,
73,"Secure-24, LLC  (4)",,One stop,,L + 6.00,,,N/A  (5),,08/2017,,,-,,,,(2,,,,-,,,,-,,
74,"Secure-24, LLC*",,One stop,,L + 6.00,,,7.25,,08/2017,,,9802,,,,9733,,,,1.2,,,,9802,,
75,"Secure-24, LLC^",,One stop,,L + 6.00,,,7.25,,08/2017,,,1434,,,,1426,,,,0.2,,,,1434,,
76,"Severin Acquisition, LLC^",,Senior loan,,L + 5.00,,,6.00,,07/2021,,,796,,,,789,,,,0.1,,,,796,,
77,"Severin Acquisition, LLC^",,Senior loan,,L + 5.38,,,6.38,,07/2021,,,895,,,,886,,,,0.1,,,,909,,
78,,,,,Spread,,,,,,,,,,,,,Percentage,,,,,,,,,
79,,,Investment,,Above,,Interest,,Maturity,,"Principal / Par ($),",,,Amortized,,,of,,,Fair,,,,,,,
80,,,Type,,Index  (1),,Rate  (2),,Date,,Shares/Units  (3),,,Cost,,,Net Assets,,,Value,,,,,,,
81,"Source Medical Solutions, Inc.",,Second lien,,L + 11.00,,,9.00 cash/3.00 PIK,,03/2018,,,9403,,,,9244,,,,1.1,,,,9026,,
82,"Steelwedge Software, Inc.",,One stop,,L + 10.00,,,N/A  (5),,09/2020,,,-,,,,-,,,,-,,,,-,,
83,"Steelwedge Software, Inc.^",,One stop,,L + 10.00,,,9.00 cash/2.00 PIK,,09/2020,,,2185,,,,2092,,,,0.3,,,,2185,,
84,"TA MHI Buyer, Inc.",,One stop,,L + 6.50,,,N/A  (5),,09/2021,,,-,,,,-,,,,-,,,,-,,
85,"TA MHI Buyer, Inc.^",,One stop,,L + 6.50,,,7.50,,09/2021,,,8253,,,,8190,,,,1.0,,,,8253,,
86,"TA MHI Buyer, Inc.^",,One stop,,L + 6.50,,,7.50,,09/2021,,,238,,,,236,,,,-,,,,238,,
87,"TA MHI Buyer, Inc. ^",,One stop,,L + 6.50,,,7.50,,09/2021,,,667,,,,661,,,,0.1,,,,667,,
88,"Transaction Data Systems, Inc.  #",,Senior loan,,L + 5.25,,,6.25,,06/2021,,,763,,,,755,,,,0.1,,,,763,,
89,"Trintech, Inc.  (4)",,One stop,,L + 6.00,,,N/A  (5),,10/2021,,,-,,,,(1,,,,-,,,,-,,
90,"Trintech, Inc. *^#",,One stop,,L + 6.00,,,7.00,,10/2021,,,10972,,,,10848,,,,1.3,,,,10863,,
91,"Vendavo, Inc.  (4)",,One stop,,L + 8.50,,,N/A  (5),,10/2019,,,-,,,,(10,,,,-,,,,-,,
92,"Vendavo, Inc.",,One stop,,L + 8.50,,,9.50,,10/2019,,,15501,,,,15272,,,,1.9,,,,15501,,
93,Vendor Credentialing Service LLC  (4),,One stop,,L + 6.00,,,N/A  (5),,11/2021,,,-,,,,(1,,,,-,,,,-,,
94,Vendor Credentialing Service LLC,,One stop,,L + 6.00,,,7.00,,11/2021,,,10220,,,,9984,,,,1.2,,,,10220,,
95,"Vitalyst, LLC",,Senior loan,,P + 4.25,,,7.75,,09/2017,,,11,,,,10,,,,-,,,,4,,
96,"Vitalyst, LLC",,Senior loan,,L + 5.25,,,6.50,,09/2017,,,1461,,,,1455,,,,0.2,,,,1417,,
97,"Workforce Software, LLC",,One stop,,L + 10.50,,,N/A  (5),,06/2021,,,-,,,,-,,,,-,,,,-,,
98,"Workforce Software, LLC^",,One stop,,L + 10.50,,,4.50 cash/7.00 PIK,,06/2021,,,4950,,,,4913,,,,0.6,,,,4913,,
99,,,,,,,,,,,,,,256797,,,,253092,,,,31.2,,,,255709,
100,Electronics,,,,,,,,,,,,,,,,,,,,,,,,,,
101,"Appriss Holdings, Inc.",,Senior loan,,L + 4.75,,,5.75,,11/2020,,,1484,,,,1452,,,,0.2,,,,1484,,
102,"Appriss Holdings, Inc.  *#",,Senior loan,,L + 4.75,,,5.75,,11/2020,,,20789,,,,20556,,,,2.5,,,,20789,,
103,"Compusearch Software Holdings, Inc.^",,Senior loan,,L + 4.50,,,5.50,,05/2021,,,1311,,,,1309,,,,0.2,,,,1311,,
104,Diligent Corporation  (4),,One stop,,L + 6.75,,,N/A  (5),,04/2022,,,-,,,,(2,,,,-,,,,(2,,
105,Diligent Corporation*,,One stop,,L + 6.75,,,7.75,,04/2022,,,4900,,,,4794,,,,0.6,,,,4827,,
106,"ECI Acquisition Holdings, Inc.  (4)",,One stop,,L + 6.25,,,N/A  (5),,03/2019,,,-,,,,(10,,,,-,,,,-,,
107,"ECI Acquisition Holdings, Inc.*  ^#",,One stop,,L + 6.25,,,7.25,,03/2019,,,21723,,,,21503,,,,2.6,,,,21723,,
108,"ECI Acquisition Holdings, Inc.*",,One stop,,L + 6.25,,,7.25,,03/2019,,,1406,,,,1392,,,,0.2,,,,1406,,
109,"Gamma Technologies, LLC  (4)",,One stop,,L + 5.50,,,N/A  (5),,06/2021,,,-,,,,(1,,,,-,,,,-,,
110,"Gamma Technologies, LLC  ^#",,One stop,,L + 5.50,,,6.50,,06/2021,,,18047,,,,17897,,,,2.2,,,,18047,,
111,Park Place Technologies LLC  (4),,One stop,,L + 5.25,,,N/A  (5),,06/2022,,,-,,,,(2,,,,-,,,,-,,
112,Park Place Technologies LLC  *#,,One stop,,L + 5.25,,,6.25,,06/2022,,,12497,,,,12325,,,,1.5,,,,12497,,
113,"Sloan Company, Inc., The  (4)",,One stop,,L + 8.50,,,N/A  (5),,04/2020,,,-,,,,(1,,,,-,,,,(4,,
114,"Sloan Company, Inc., The  #",,One stop,,L + 8.50,,,9.25 cash/0.25 PIK,,04/2020,,,7532,,,,7423,,,,0.9,,,,7005,,
115,Sovos Compliance  (4),,One stop,,L + 6.75,,,N/A  (5),,03/2022,,,-,,,,(1,,,,-,,,,-,,
116,Sovos Compliance*,,One stop,,L + 6.75,,,7.75,,03/2022,,,4918,,,,4836,,,,0.6,,,,4918,,
117,Sparta Holding Corporation  (4),,One stop,,L + 5.50,,,N/A  (5),,07/2020,,,-,,,,(26,,,,-,,,,-,,
118,Sparta Holding Corporation*  ^#,,One stop,,L + 5.50,,,6.50,,07/2020,,,22309,,,,22118,,,,2.7,,,,22309,,
119,Syncsort Incorporated  (4),,One stop,,L + 5.50,,,N/A  (5),,11/2021,,,-,,,,(2,,,,-,,,,-,,
120,Syncsort Incorporated  *^#,,One stop,,L + 5.50,,,6.50,,11/2021,,,16651,,,,16351,,,,2.0,,,,16651,,
121,"Systems Maintenance Services Holding, Inc.^",,Senior loan,,L + 4.00,,,5.00,,10/2019,,,2603,,,,2596,,,,0.3,,,,2603,,
122,"Watchfire Enterprises, Inc.",,Second lien,,L + 8.00,,,9.00,,10/2021,,,9435,,,,9266,,,,1.2,,,,9435,,
123,,,,,,,,,,,,,,145605,,,,143773,,,,17.7,,,,144999,
124,Grocery,,,,,,,,,,,,,,,,,,,,,,,,,,
125,AG Kings Holdings Inc.^,,One stop,,L + 6.25,,,7.25,,04/2020,,,689,,,,679,,,,0.1,,,,689,,
126,"MyWebGrocer, Inc.^",,One stop,,L + 8.75,,,10.00,,05/2017,,,14271,,,,14163,,,,1.7,,,,14271,,
127,"Teasdale Quality Foods, Inc.  #",,Senior loan,,L + 4.75,,,5.75,,10/2020,,,545,,,,539,,,,0.1,,,,534,,
128,"Teasdale Quality Foods, Inc.  #",,Senior loan,,P + 3.75,,,7.25,,10/2020,,,735,,,,720,,,,0.1,,,,720,,
129,,,,,,,,,,,,,,16240,,,,16101,,,,2.0,,,,16214,
130,"Healthcare, Education and Childcare",,,,,,,,,,,,,,,,,,,,,,,,,,
131,"Active Day, Inc.  (4)",,One stop,,L + 6.00,,,N/A  (5),,12/2021,,,-,,,,(2,,,,-,,,,-,,
132,"Active Day, Inc.",,One stop,,L + 6.00,,,7.00,,12/2021,,,13572,,,,13234,,,,1.7,,,,13572,,
133,"Active Day, Inc.  (4)",,One stop,,L + 6.00,,,N/A  (5),,12/2021,,,-,,,,(38,,,,-,,,,-,,
134,"ADCS Clinics Intermediate Holdings, LLC  (4)",,One stop,,L + 5.75,,,N/A  (5),,05/2022,,,-,,,,(2,,,,-,,,,(1,,
135,"ADCS Clinics Intermediate Holdings, LLC",,One stop,,L + 5.75,,,6.75,,05/2022,,,21550,,,,20917,,,,2.6,,,,21335,,
136,"ADCS Clinics Intermediate Holdings, LLC  (4)",,One stop,,L + 5.75,,,N/A  (5),,05/2022,,,-,,,,(5,,,,-,,,,(2,,
137,"ADCS Clinics Intermediate Holdings, LLC",,One stop,,L + 5.75,,,6.75,,05/2022,,,110,,,,108,,,,-,,,,109,,
138,"Agilitas USA, Inc.^",,Senior loan,,L + 4.00,,,5.00,,10/2020,,,2125,,,,2110,,,,0.3,,,,2103,,
139,"Aris Teleradiology Company, LLC",,Senior loan,,L + 4.75,,,N/A  (5),,03/2021,,,-,,,,-,,,,-,,,,-,,
140,"Aris Teleradiology Company, LLC*",,Senior loan,,L + 4.75,,,5.75,,03/2021,,,943,,,,934,,,,0.1,,,,943,,
141,"Avalign Technologies, Inc.^",,Senior loan,,L + 4.50,,,5.50,,07/2021,,,1136,,,,1131,,,,0.1,,,,1136,,
142,"BIORECLAMATIONIVT, LLC  (4)",,One stop,,L + 6.25,,,N/A  (5),,01/2021,,,-,,,,(2,,,,-,,,,-,,
143,"BIORECLAMATIONIVT, LLC  *^#",,One stop,,L + 6.25,,,7.25,,01/2021,,,14428,,,,14200,,,,1.8,,,,14428,,
144,"California Cryobank, LLC",,One stop,,P + 4.25,,,7.75,,08/2019,,,22,,,,20,,,,-,,,,22,,
145,"California Cryobank, LLC^",,One stop,,L + 5.50,,,6.50,,08/2019,,,1550,,,,1541,,,,0.2,,,,1550,,
146,"California Cryobank, LLC",,One stop,,L + 5.50,,,6.50,,08/2019,,,43,,,,42,,,,-,,,,43,,
147,Certara L.P.  (4),,One stop,,L + 6.25,,,N/A  (5),,12/2018,,,-,,,,(11,,,,-,,,,-,,
148,Certara L.P.  *^#,,One stop,,L + 6.25,,,7.25,,12/2018,,,29137,,,,28921,,,,3.6,,,,29137,,
149,"CLP Healthcare Services, Inc.^",,Senior loan,,L + 5.25,,,6.25,,12/2020,,,3974,,,,3936,,,,0.5,,,,3974,,
150,"CPI Buyer, LLC (Cole-Parmer)*^",,Senior loan,,L + 4.50,,,5.50,,08/2021,,,7760,,,,7532,,,,0.9,,,,7606,,
151,Curo Health Services LLC  #,,Senior loan,,L + 5.50,,,6.50,,02/2022,,,1975,,,,1959,,,,0.2,,,,1968,,
152,"DCA Investment Holding, LLC",,One stop,,P + 4.25,,,7.75,,07/2021,,,797,,,,782,,,,0.1,,,,797,,
153,"DCA Investment Holding, LLC  *^#",,One stop,,L + 5.25,,,6.25,,07/2021,,,19015,,,,18663,,,,2.3,,,,19015,,
154,"DCA Investment Holding, LLC  *^#",,One stop,,L + 5.25,,,6.25,,07/2021,,,13638,,,,13487,,,,1.7,,,,13638,,
155,Deca Dental Management LLC,,One stop,,L + 6.25,,,7.25,,07/2020,,,37,,,,36,,,,-,,,,37,,
156,Deca Dental Management LLC,,One stop,,L + 6.25,,,7.25,,07/2020,,,506,,,,496,,,,0.1,,,,506,,
157,,,,,Spread,,,,,,,,,,,,,Percentage,,,,,,,,,
158,,,Investment,,Above,,Interest,,Maturity,,"Principal / Par ($),",,,Amortized,,,of,,,Fair,,,,,,,
159,,,Type,,Index  (1),,Rate  (2),,Date,,Shares/Units  (3),,,Cost,,,Net Assets,,,Value,,,,,,,
160,Deca Dental Management LLC*^,,One stop,,L + 6.25,,,7.25,,07/2020,,,4158,,,,4106,,,,0.5,,,,4158,,
161,Delta Educational Systems  *(6),,Senior loan,,P + 4.75,,,8.25,,12/2016,,,1438,,,,1433,,,,-,,,,216,,
162,Delta Educational Systems  (4)(6),,Senior loan,,L + 6.00,,,N/A  (5),,12/2016,,,-,,,,-,,,,-,,,,(60,,
163,Dental Holdings Corporation,,One stop,,P + 4.25,,,7.75,,02/2020,,,213,,,,203,,,,-,,,,213,,
164,Dental Holdings Corporation,,One stop,,L + 5.50,,,6.50,,02/2020,,,7618,,,,7490,,,,0.9,,,,7618,,
165,Dental Holdings Corporation,,One stop,,L + 5.50,,,6.50,,02/2020,,,731,,,,718,,,,0.1,,,,731,,
166,"Encore GC Acquisition, LLC",,Senior loan,,P + 4.25,,,7.75,,01/2020,,,165,,,,158,,,,-,,,,165,,
167,"Encore GC Acquisition, LLC*^",,Senior loan,,L + 5.25,,,6.25,,01/2020,,,4785,,,,4723,,,,0.6,,,,4785,,
168,"eSolutions, Inc.  (4)",,One stop,,L + 6.50,,,N/A  (5),,03/2022,,,-,,,,(1,,,,-,,,,-,,
169,"eSolutions, Inc.",,One stop,,L + 6.50,,,7.50,,03/2022,,,13108,,,,12829,,,,1.6,,,,13108,,
170,"G & H Wire Company, Inc.",,One stop,,P + 4.50,,,8.00,,12/2017,,,375,,,,372,,,,0.1,,,,375,,
171,"G & H Wire Company, Inc.*^",,One stop,,L + 5.75,,,6.75,,12/2017,,,13190,,,,13133,,,,1.6,,,,13190,,
172,"Joerns Healthcare, LLC*^",,One stop,,L + 5.00,,,6.00,,05/2020,,,3849,,,,3809,,,,0.5,,,,3743,,
173,"Katena Holdings, Inc.  (4)",,One stop,,L + 6.25,,,N/A  (5),,06/2021,,,-,,,,(1,,,,-,,,,-,,
174,"Katena Holdings, Inc.^",,One stop,,L + 6.25,,,7.25,,06/2021,,,8721,,,,8645,,,,1.1,,,,8721,,
175,"Katena Holdings, Inc.  (4)",,One stop,,L + 6.25,,,N/A  (5),,06/2021,,,-,,,,(7,,,,-,,,,-,,
176,"Lombart Brothers, Inc.",,One stop,,L + 6.50,,,7.50,,04/2022,,,16,,,,15,,,,-,,,,16,,
177,"Lombart Brothers, Inc.",,One stop,,L + 6.50,,,7.50,,04/2022,,,3517,,,,3420,,,,0.4,,,,3464,,
178,"Maverick Healthcare Group, LLC*",,Senior loan,,L + 9.50,,,9.25 cash/2.00 PIK,,04/2017,,,1921,,,,1912,,,,0.2,,,,1921,,
179,"Oliver Street Dermatology Holdings, LLC  (4)",,One stop,,L + 6.50,,,N/A  (5),,05/2022,,,-,,,,(1,,,,-,,,,(1,,
180,"Oliver Street Dermatology Holdings, LLC",,One stop,,L + 6.50,,,7.50,,05/2022,,,8626,,,,8380,,,,1.0,,,,8497,,
181,"Oliver Street Dermatology Holdings, LLC  (4)",,One stop,,L + 6.50,,,N/A  (5),,05/2022,,,-,,,,(3,,,,-,,,,(2,,
182,"PPT Management, LLC",,One stop,,L + 5.00,,,6.00,,04/2020,,,703,,,,695,,,,0.1,,,,703,,
183,"PPT Management, LLC  #",,One stop,,L + 5.00,,,6.00,,04/2020,,,2451,,,,2429,,,,0.3,,,,2451,,
184,"PPT Management, LLC",,One stop,,L + 5.00,,,6.00,,04/2020,,,933,,,,924,,,,0.1,,,,933,,
185,Premise Health Holding Corp.  (4),,One stop,,L + 4.50,,,N/A  (5),,06/2020,,,-,,,,(17,,,,-,,,,-,,
186,Premise Health Holding Corp.  #,,One stop,,L + 4.50,,,5.50,,06/2020,,,15000,,,,14913,,,,1.8,,,,15000,,
187,"Pyramid Healthcare, Inc.  #",,One stop,,L + 5.75,,,6.75,,08/2019,,,1488,,,,1474,,,,0.2,,,,1488,,
188,"Radiology Partners, Inc.  (4)",,One stop,,L + 5.00,,,N/A  (5),,09/2020,,,-,,,,(3,,,,-,,,,-,,
189,"Radiology Partners, Inc.",,One stop,,L + 5.00,,,6.00,,09/2020,,,9825,,,,9686,,,,1.2,,,,9825,,
190,"Radiology Partners, Inc.",,One stop,,L + 5.00,,,6.00,,09/2020,,,1112,,,,1093,,,,0.1,,,,1112,,
191,"Reliant Pro ReHab, LLC",,Senior loan,,P + 4.00,,,7.50,,12/2017,,,97,,,,91,,,,-,,,,97,,
192,"Reliant Pro ReHab, LLC*",,Senior loan,,L + 5.00,,,6.00,,12/2017,,,2564,,,,2546,,,,0.3,,,,2564,,
193,RXH Buyer Corporation,,One stop,,P + 4.75,,,8.25,,09/2021,,,20,,,,17,,,,-,,,,12,,
194,RXH Buyer Corporation  (4),,One stop,,L + 5.75,,,N/A  (5),,09/2021,,,-,,,,(49,,,,-,,,,(113,,
195,RXH Buyer Corporation*^,,One stop,,L + 5.75,,,6.75,,09/2021,,,17480,,,,17177,,,,2.1,,,,16780,,
196,Southern Anesthesia and Surgical,,One stop,,L + 5.50,,,6.50,,11/2017,,,631,,,,627,,,,0.1,,,,631,,
197,Southern Anesthesia and Surgical,,One stop,,L + 5.50,,,6.50,,11/2017,,,5551,,,,5508,,,,0.7,,,,5551,,
198,Southern Anesthesia and Surgical^,,One stop,,L + 5.50,,,6.50,,11/2017,,,2722,,,,2704,,,,0.3,,,,2722,,
199,"Spear Education, LLC  (4)",,One stop,,L + 6.00,,,N/A  (5),,08/2019,,,-,,,,-,,,,-,,,,(1,,
200,"Spear Education, LLC  #",,One stop,,L + 6.00,,,7.00,,08/2019,,,4744,,,,4706,,,,0.6,,,,4697,,
201,"Spear Education, LLC",,One stop,,L + 6.00,,,7.00,,08/2019,,,76,,,,76,,,,-,,,,75,,
202,"Summit Behavioral Holdings I, LLC  (4)",,One stop,,L + 5.00,,,N/A  (5),,06/2021,,,-,,,,(1,,,,-,,,,-,,
203,"Summit Behavioral Holdings I, LLC*",,One stop,,L + 5.00,,,6.00,,06/2021,,,4393,,,,4338,,,,0.5,,,,4349,,
204,"Summit Behavioral Holdings I, LLC  (4)",,One stop,,L + 5.00,,,N/A  (5),,06/2021,,,-,,,,(2,,,,-,,,,(1,,
205,"Surgical Information Systems, LLC^",,Senior loan,,L + 3.00,,,4.00,,09/2018,,,1728,,,,1726,,,,0.2,,,,1728,,
206,"U.S. Anesthesia Partners, Inc.  #",,One stop,,L + 5.00,,,6.00,,12/2019,,,5897,,,,5878,,,,0.7,,,,5897,,
207,"Young Innovations, Inc.  *#",,Senior loan,,L + 4.25,,,5.25,,01/2019,,,1737,,,,1730,,,,0.2,,,,1737,,
208,"Young Innovations, Inc.",,Senior loan,,P + 3.25,,,6.75,,01/2018,,,75,,,,75,,,,-,,,,74,,
209,,,,,,,,,,,,,,283976,,,,279663,,,,34.3,,,,281085,
210,"Home and Office Furnishings, Housewares, and Durable Consumer",,,,,,,,,,,,,,,,,,,,,,,,,,
211,1A Smart Start LLC*,,Senior loan,,L + 4.75,,,5.75,,02/2022,,,2121,,,,2103,,,,0.3,,,,2116,,
212,"Floor & Decor Outlets of America, Inc.*^",,One stop,,L + 6.50,,,7.75,,05/2019,,,11044,,,,10979,,,,1.3,,,,11044,,
213,"Plano Molding Company, LLC  *^#",,One stop,,L + 6.00,,,7.00,,05/2021,,,17979,,,,17832,,,,2.1,,,,16901,,
214,,,,,,,,,,,,,,31144,,,,30914,,,,3.7,,,,30061,
215,"Hotels, Motels, Inns, and Gaming",,,,,,,,,,,,,,,,,,,,,,,,,,
216,"Aimbridge Hospitality, LLC^",,Senior loan,,L + 4.50,,,5.75,,10/2018,,,820,,,,806,,,,0.1,,,,820,,
217,Insurance,,,,,,,,,,,,,,,,,,,,,,,,,,
218,"Captive Resources Midco, LLC  (4)",,One stop,,L + 5.75,,,N/A  (5),,06/2020,,,-,,,,(19,,,,-,,,,-,,
219,"Captive Resources Midco, LLC  (4)",,One stop,,L + 5.75,,,N/A  (5),,06/2020,,,-,,,,(17,,,,-,,,,-,,
220,"Captive Resources Midco, LLC*  ^#",,One stop,,L + 5.75,,,6.75,,06/2020,,,26193,,,,25928,,,,3.2,,,,26193,,
221,"Higginbotham Insurance Agency, Inc.*",,Senior loan,,L + 5.25,,,6.25,,11/2021,,,1304,,,,1292,,,,0.1,,,,1304,,
222,"Internet Pipeline, Inc.  (4)",,One stop,,L + 7.25,,,N/A  (5),,08/2021,,,-,,,,(1,,,,-,,,,-,,
223,"Internet Pipeline, Inc.",,One stop,,L + 7.25,,,8.25,,08/2022,,,4923,,,,4804,,,,0.6,,,,4923,,
224,"RSC Acquisition, Inc.  #",,Senior loan,,L + 5.25,,,6.25,,11/2022,,,631,,,,625,,,,0.1,,,,631,,
225,,,,,,,,,,,,,,33051,,,,32612,,,,4.0,,,,33051,
226,"Leisure, Amusement, Motion Pictures and Entertainment",,,,,,,,,,,,,,,,,,,,,,,,,,
227,"NFD Operating, LLC",,One stop,,L + 7.00,,,N/A  (5),,06/2021,,,-,,,,-,,,,-,,,,-,,
228,"NFD Operating, LLC*",,One stop,,L + 7.00,,,8.25,,06/2021,,,2349,,,,2314,,,,0.3,,,,2325,,
229,"NFD Operating, LLC  (4)",,One stop,,L + 7.00,,,N/A  (5),,06/2021,,,-,,,,(2,,,,-,,,,(1,,
230,"Self Esteem Brands, LLC  (4)",,Senior loan,,L + 4.00,,,N/A  (5),,02/2020,,,-,,,,(3,,,,-,,,,-,,
231,"Self Esteem Brands, LLC^",,Senior loan,,L + 4.00,,,5.00,,02/2020,,,3287,,,,3275,,,,0.4,,,,3287,,
232,"Teaching Company, The  (4)",,One stop,,L + 6.25,,,N/A  (5),,08/2020,,,-,,,,(1,,,,-,,,,-,,
233,"Teaching Company, The",,One stop,,L + 6.25,,,7.25,,08/2020,,,18974,,,,18738,,,,2.3,,,,18974,,
234,,,,,Spread,,,,,,,,,,,,,Percentage,,,,,,,,,
235,,,Investment,,Above,,Interest,,Maturity,,"Principal / Par ($),",,,Amortized,,,of,,,Fair,,,,,,,
236,,,Type,,Index  (1),,Rate  (2),,Date,,Shares/Units  (3),,,Cost,,,Net Assets,,,Value,,,,,,,
237,"Titan Fitness, LLC",,One stop,,L + 7.00,,,8.25,,09/2019,,,1747,,,,1732,,,,0.2,,,,1747,,
238,"Titan Fitness, LLC",,One stop,,L + 7.00,,,8.25,,09/2019,,,582,,,,543,,,,0.1,,,,582,,
239,"Titan Fitness, LLC",,One stop,,P + 5.75,,,9.25,,09/2019,,,419,,,,405,,,,-,,,,419,,
240,"Titan Fitness, LLC*",,One stop,,L + 7.00,,,8.25,,09/2019,,,13257,,,,13091,,,,1.6,,,,13257,,
241,,,,,,,,,,,,,,40615,,,,40092,,,,4.9,,,,40590,
242,"Mining, Steel, Iron and Non-Precious Metals",,,,,,,,,,,,,,,,,,,,,,,,,,
243,"Benetech, Inc.",,One stop,,P + 7.75,,,11.25,,10/2017,,,152,,,,149,,,,-,,,,20,,
244,"Benetech, Inc.*",,One stop,,L + 9.00,,,10.25,,10/2017,,,4493,,,,4478,,,,0.5,,,,3954,,
245,,,,,,,,,,,,,,4645,,,,4627,,,,0.5,,,,3974,
246,Oil and Gas,,,,,,,,,,,,,,,,,,,,,,,,,,
247,"Drilling Info, Inc.  (9)",,One stop,,L + 5.00,,,N/A  (5),,06/2018,,,-,,,,-,,,,-,,,,-,,
248,"Drilling Info, Inc.  (9)",,One stop,,L + 5.00,,,6.00,,06/2018,,,326,,,,324,,,,-,,,,326,,
249,"Drilling Info, Inc.^",,One stop,,L + 5.00,,,6.00,,06/2018,,,872,,,,867,,,,0.1,,,,872,,
250,"Drilling Info, Inc.  (4)(9)",,One stop,,L + 5.00,,,N/A  (5),,06/2018,,,-,,,,(7,,,,-,,,,-,,
251,,,,,,,,,,,,,,1198,,,,1184,,,,0.1,,,,1198,
252,Personal and Non-Durable Consumer Products,,,,,,,,,,,,,,,,,,,,,,,,,,
253,"Georgica Pine Clothiers, LLC  (4)",,One stop,,L + 5.50,,,N/A  (5),,11/2021,,,-,,,,(1,,,,-,,,,-,,
254,"Georgica Pine Clothiers, LLC",,One stop,,L + 5.50,,,6.50,,11/2021,,,5750,,,,5647,,,,0.7,,,,5750,,
255,The Hygenic Corporation  (4),,Senior loan,,L + 5.00,,,N/A  (5),,10/2019,,,-,,,,(4,,,,-,,,,-,,
256,The Hygenic Corporation*,,Senior loan,,P + 4.00,,,7.50,,10/2020,,,3251,,,,3214,,,,0.4,,,,3251,,
257,"Massage Envy, LLC  (4)",,One stop,,L + 7.25,,,N/A  (5),,09/2018,,,-,,,,(7,,,,-,,,,-,,
258,"Massage Envy, LLC*",,One stop,,L + 7.25,,,8.50,,09/2018,,,15151,,,,15009,,,,1.8,,,,15151,,
259,"Orthotics Holdings, Inc  (4)(7)",,One stop,,L + 5.00,,,N/A  (5),,02/2020,,,-,,,,(1,,,,-,,,,(7,,
260,"Orthotics Holdings, Inc  *#(7)",,One stop,,L + 5.00,,,6.00,,02/2020,,,1377,,,,1364,,,,0.2,,,,1308,,
261,"Orthotics Holdings, Inc  (4)",,One stop,,L + 5.00,,,N/A  (5),,02/2020,,,-,,,,(13,,,,-,,,,(70,,
262,"Orthotics Holdings, Inc",,One stop,,L + 5.00,,,6.00,,02/2020,,,139,,,,128,,,,-,,,,77,,
263,"Orthotics Holdings, Inc  *#",,One stop,,L + 5.00,,,6.00,,02/2020,,,8396,,,,8319,,,,1.0,,,,7976,,
264,Team Technologies Acquisition Company  (4),,Senior loan,,L + 5.00,,,N/A  (5),,12/2017,,,-,,,,(1,,,,-,,,,(3,,
265,Team Technologies Acquisition Company^,,Senior loan,,L + 5.00,,,6.25,,12/2017,,,4745,,,,4727,,,,0.6,,,,4698,,
266,Team Technologies Acquisition Company  #,,Senior loan,,L + 5.50,,,6.75,,12/2017,,,874,,,,868,,,,0.1,,,,872,,
267,,,,,,,,,,,,,,39683,,,,39249,,,,4.8,,,,39003,
268,"Personal, Food and Miscellaneous Services",,,,,,,,,,,,,,,,,,,,,,,,,,
269,Focus Brands Inc.*^,,Second lien,,L + 9.00,,,10.25,,08/2018,,,9000,,,,8961,,,,1.1,,,,9000,,
270,"Ignite Restaurant Group, Inc (Joe's Crab Shack)^",,One stop,,L + 7.00,,,8.00,,02/2019,,,4577,,,,4535,,,,0.6,,,,4577,,
271,PetVet Care Centers LLC  (4),,Senior loan,,L + 4.75,,,N/A  (5),,12/2019,,,-,,,,(9,,,,-,,,,-,,
272,PetVet Care Centers LLC^,,Senior loan,,L + 4.75,,,5.75,,12/2020,,,1222,,,,1205,,,,0.2,,,,1222,,
273,PetVet Care Centers LLC^,,Senior loan,,L + 4.75,,,5.75,,12/2020,,,5851,,,,5763,,,,0.7,,,,5851,,
274,Vetcor Professional Practices LLC,,One stop,,L + 6.25,,,7.25,,04/2021,,,63,,,,58,,,,-,,,,60,,
275,Vetcor Professional Practices LLC*  ^#,,One stop,,L + 6.25,,,7.25,,04/2021,,,29117,,,,28569,,,,3.5,,,,28825,,
276,Vetcor Professional Practices LLC  (4),,One stop,,L + 6.25,,,N/A  (5),,04/2021,,,-,,,,(2,,,,-,,,,(2,,
277,Vetcor Professional Practices LLC  *,,One stop,,L + 6.25,,,7.25,,04/2021,,,969,,,,958,,,,0.1,,,,959,,
278,Vetcor Professional Practices LLC  (4),,One stop,,L + 6.25,,,N/A  (5),,04/2021,,,-,,,,(52,,,,-,,,,(24,,
279,Vetcor Professional Practices LLC  #,,One stop,,L + 6.25,,,7.25,,04/2021,,,289,,,,286,,,,-,,,,286,,
280,Vetcor Professional Practices LLC  (4),,One stop,,L + 6.25,,,N/A  (5),,04/2021,,,-,,,,(17,,,,-,,,,(9,,
281,"Veterinary Specialists of North America, LLC  (4)",,One stop,,L + 5.00,,,N/A  (5),,11/2020,,,-,,,,(1,,,,-,,,,-,,
282,"Veterinary Specialists of North America, LLC",,One stop,,L + 5.00,,,6.00,,11/2020,,,64,,,,55,,,,-,,,,64,,
283,"Veterinary Specialists of North America, LLC*",,One stop,,L + 5.00,,,6.00,,11/2020,,,2702,,,,2685,,,,0.3,,,,2702,,
284,,,,,,,,,,,,,,53854,,,,52994,,,,6.5,,,,53511,
285,Printing and Publishing,,,,,,,,,,,,,,,,,,,,,,,,,,
286,"Market Track, LLC*",,One stop,,L + 7.00,,,8.00,,10/2019,,,2180,,,,2160,,,,0.3,,,,2180,,
287,"Market Track, LLC",,One stop,,L + 7.00,,,8.00,,10/2019,,,1288,,,,1281,,,,0.1,,,,1288,,
288,"Market Track, LLC  #",,One stop,,L + 7.00,,,8.00,,10/2019,,,2146,,,,2131,,,,0.3,,,,2146,,
289,"Market Track, LLC",,One stop,,L + 7.00,,,8.00,,10/2019,,,983,,,,963,,,,0.1,,,,983,,
290,"Market Track, LLC  *^#",,One stop,,L + 7.00,,,8.00,,10/2019,,,28677,,,,28407,,,,3.5,,,,28677,,
291,,,,,,,,,,,,,,35274,,,,34942,,,,4.3,,,,35274,
292,Retail Stores,,,,,,,,,,,,,,,,,,,,,,,,,,
293,"CVS Holdings I, LP",,One stop,,P + 5.25,,,8.75,,08/2020,,,23,,,,19,,,,-,,,,23,,
294,"CVS Holdings I, LP  *^#",,One stop,,L + 6.25,,,7.25,,08/2021,,,20421,,,,20071,,,,2.5,,,,20421,,
295,"CVS Holdings I, LP^",,One stop,,L + 6.25,,,7.25,,08/2021,,,1918,,,,1886,,,,0.2,,,,1918,,
296,"Cycle Gear, Inc.  (4)",,One stop,,L + 6.50,,,N/A  (5),,01/2020,,,-,,,,(19,,,,-,,,,-,,
297,"Cycle Gear, Inc.^",,One stop,,L + 6.50,,,7.50,,01/2020,,,10559,,,,10393,,,,1.3,,,,10559,,
298,"Cycle Gear, Inc.  (4)",,One stop,,L + 6.50,,,N/A  (5),,01/2020,,,-,,,,(9,,,,-,,,,-,,
299,"DTLR, Inc.*^",,One stop,,L + 6.50,,,7.50,,10/2020,,,11423,,,,11325,,,,1.4,,,,11423,,
300,"Elite Sportswear, L.P.",,Senior loan,,P + 3.75,,,7.25,,03/2020,,,176,,,,171,,,,-,,,,165,,
301,"Elite Sportswear, L.P.",,Senior loan,,L + 5.00,,,6.00,,03/2020,,,2828,,,,2786,,,,0.3,,,,2785,,
302,"Elite Sportswear, L.P.",,Senior loan,,L + 5.25,,,6.25,,03/2020,,,1455,,,,1434,,,,0.2,,,,1440,,
303,"Express Oil Change, LLC^",,Senior loan,,L + 5.00,,,6.00,,12/2017,,,480,,,,475,,,,0.1,,,,475,,
304,"Express Oil Change, LLC",,Senior loan,,L + 5.00,,,6.02,,12/2017,,,868,,,,852,,,,0.1,,,,851,,
305,"Feeders Supply Company, LLC  (4)",,One stop,,L + 5.75,,,N/A  (5),,04/2021,,,-,,,,(1,,,,-,,,,-,,
306,"Feeders Supply Company, LLC",,One stop,,L + 5.75,,,6.75,,04/2021,,,4418,,,,4323,,,,0.5,,,,4374,,
<<<<<<< HEAD
307,"Feeders Supply Company, LLC",,Subordinated debt,,No Value,,,12.50 cash/7.00 PIK,,04/2021,,,42,,,,42,,,,-,,,,42,,
=======
307,"Feeders Supply Company, LLC",,Subordinated debt,,N/A,,,12.50 cash/7.00 PIK,,04/2021,,,42,,,,42,,,,-,,,,42,,
>>>>>>> GSBD
308,"Marshall Retail Group, LLC, The",,One stop,,L + 6.00,,,7.00,,08/2019,,,1068,,,,1049,,,,0.1,,,,892,,
309,"Marshall Retail Group, LLC, The  (4)",,One stop,,L + 6.00,,,N/A  (5),,08/2020,,,-,,,,(8,,,,-,,,,(71,,
310,"Marshall Retail Group, LLC, The  ^#",,One stop,,L + 6.00,,,7.00,,08/2020,,,12238,,,,12131,,,,1.4,,,,11259,,
311,Mills Fleet Farm Group LLC*,,One stop,,L + 5.50,,,6.50,,02/2022,,,4776,,,,4635,,,,0.6,,,,4776,,
312,"Paper Source, Inc.",,One stop,,P + 5.00,,,8.50,,09/2018,,,203,,,,195,,,,-,,,,203,,
313,"Paper Source, Inc.  *^#",,One stop,,L + 6.25,,,7.25,,09/2018,,,12789,,,,12702,,,,1.6,,,,12789,,
314,,,,,Spread,,,,,,,,,,,,,Percentage,,,,,,,,,
315,,,Investment,,Above,,Interest,,Maturity,,"Principal / Par ($),",,,Amortized,,,of,,,Fair,,,,,,,
316,,,Type,,Index  (1),,Rate  (2),,Date,,Shares/Units  (3),,,Cost,,,Net Assets,,,Value,,,,,,,
317,"Paper Source, Inc.  (4)",,One stop,,L + 6.25,,,N/A  (5),,09/2018,,,-,,,,(16,,,,-,,,,-,,
318,RCPSI Corporation,,One stop,,L + 5.75,,,7.17,,04/2020,,,30,,,,27,,,,-,,,,30,,
319,RCPSI Corporation*  ^#,,One stop,,L + 5.75,,,6.75,,04/2021,,,21500,,,,21147,,,,2.6,,,,21500,,
320,"Sneaker Villa, Inc.*^",,One stop,,L + 7.75,,,8.75,,12/2020,,,12499,,,,12386,,,,1.5,,,,12499,,
321,Specialty Commerce Corp.  (4),,One stop,,L + 6.00,,,N/A  (5),,07/2017,,,-,,,,(2,,,,-,,,,-,,
322,Specialty Commerce Corp.,,One stop,,L + 6.00,,,7.50,,07/2017,,,3765,,,,3754,,,,0.5,,,,3765,,
323,,,,,,,,,,,,,,123479,,,,121748,,,,14.9,,,,122118,
324,Telecommunications,,,,,,,,,,,,,,,,,,,,,,,,,,
325,"Arise Virtual Solutions, Inc.  (4)",,One stop,,L + 6.00,,,N/A  (5),,12/2018,,,-,,,,(1,,,,-,,,,(5,,
326,"Arise Virtual Solutions, Inc.^",,One stop,,L + 6.00,,,7.25,,12/2018,,,1401,,,,1391,,,,0.1,,,,1317,,
327,Hosting.com Inc.,,Senior loan,,L + 4.50,,,5.75,,12/2017,,,85,,,,84,,,,-,,,,85,,
328,Hosting.com Inc.*,,Senior loan,,L + 4.50,,,5.75,,12/2017,,,737,,,,734,,,,0.1,,,,737,,
329,,,,,,,,,,,,,,2223,,,,2208,,,,0.2,,,,2134,
330,Textile and Leather,,,,,,,,,,,,,,,,,,,,,,,,,,
331,"5.11, Inc.*^",,Senior loan,,L + 5.00,,,6.00,,02/2020,,,984,,,,978,,,,0.1,,,,984,,
332,SHO Holding I Corporation  (4),,Senior loan,,L + 4.00,,,N/A  (5),,10/2021,,,-,,,,(1,,,,-,,,,-,,
333,SHO Holding I Corporation*,,Senior loan,,L + 5.00,,,6.00,,10/2022,,,2068,,,,2019,,,,0.3,,,,2068,,
334,,,,,,,,,,,,,,3052,,,,2996,,,,0.4,,,,3052,
335,Utilities,,,,,,,,,,,,,,,,,,,,,,,,,,
336,"Arcos, LLC",,One stop,,L + 6.50,,,N/A  (5),,02/2021,,,-,,,,-,,,,-,,,,-,,
337,"Arcos, LLC",,One stop,,L + 6.50,,,7.50,,02/2021,,,4025,,,,3950,,,,0.5,,,,4025,,
338,"PowerPlan Consultants, Inc.  (4)",,Senior loan,,L + 5.25,,,N/A  (5),,02/2021,,,-,,,,(6,,,,-,,,,-,,
339,"PowerPlan Consultants, Inc.  *#",,Senior loan,,L + 5.25,,,6.25,,02/2022,,,6791,,,,6697,,,,0.8,,,,6791,,
340,,,,,,,,,,,,,,10816,,,,10641,,,,1.3,,,,10816,
341,Total non-controlled/non-affiliate company debt investments,,,,,,,,,,,,,1456980,,,,1437890,,,,175.6,,,,1440102,
342,Equity Investments  (10)(11),,,,,,,,,,,,,,,,,,,,,,,,,,
343,Aerospace and Defense,,,,,,,,,,,,,,,,,,,,,,,,,,
<<<<<<< HEAD
344,NTS Technical Systems,,Common stock,,No Value,,,No Value,,,No Value,,,2,,,,1506,,,,0.2,,,,1475,
345,"Tresys Technology Holdings, Inc.",,Common stock,,No Value,,,No Value,,,No Value,,,295,,,,295,,,,-,,,,-,
346,Whitcraft LLC,,Preferred stock B,,No Value,,,No Value,,,No Value,,,1,,,,670,,,,0.1,,,,1149,
347,Whitcraft LLC,,Warrant,,No Value,,,No Value,,,No Value,,,-,,,,-,,,,-,,,,224,
348,,,,,,,,,,,,,,,,,,2471,,,,0.3,,,,2848,
349,Automobile,,,,,,,,,,,,,,,,,,,,,,,,,,
350,"K&N Engineering, Inc.",,Preferred stock A,,No Value,,,No Value,,,No Value,,,-,,,,-,,,,-,,,,13,
351,"K&N Engineering, Inc.",,Preferred stock B,,No Value,,,No Value,,,No Value,,,-,,,,-,,,,-,,,,13,
352,"K&N Engineering, Inc.",,Common stock,,No Value,,,No Value,,,No Value,,,-,,,,-,,,,-,,,,104,
353,Polk Acquisition Corp.,,LP interest,,No Value,,,No Value,,,No Value,,,,,,,144,,,,-,,,,144,
354,,,,,,,,,,,,,,,,,,144,,,,-,,,,274,
355,"Beverage, Food and Tobacco",,,,,,,,,,,,,,,,,,,,,,,,,,
356,"Atkins Nutritionals, Inc",,LLC interest,,No Value,,,No Value,,,No Value,,,57,,,,746,,,,0.3,,,,2632,
357,"Benihana, Inc.",,LLC units,,No Value,,,No Value,,,No Value,,,43,,,,699,,,,0.1,,,,541,
358,"C. J. Foods, Inc.",,Preferred stock,,No Value,,,No Value,,,No Value,,,-,,,,157,,,,-,,,,242,
359,"First Watch Restaurants, Inc.",,Common stock,,No Value,,,No Value,,,No Value,,,9,,,,964,,,,0.2,,,,1694,
360,"Hopdoddy Holdings, LLC",,LLC interest,,No Value,,,No Value,,,No Value,,,27,,,,130,,,,-,,,,53,
361,"Hopdoddy Holdings, LLC",,LLC interest,,No Value,,,No Value,,,No Value,,,12,,,,36,,,,-,,,,15,
362,Julio & Sons Company,,LLC interest,,No Value,,,No Value,,,No Value,,,521,,,,521,,,,0.1,,,,739,
363,"Northern Brewer, LLC",,LLC interest,,No Value,,,No Value,,,No Value,,,438,,,,362,,,,-,,,,60,
364,"Purfoods, LLC",,LLC interest,,No Value,,,No Value,,,No Value,,,381,,,,381,,,,-,,,,381,
365,"Richelieu Foods, Inc.",,LP interest,,No Value,,,No Value,,,No Value,,,220,,,,220,,,,0.1,,,,486,
366,"Rubio's Restaurants, Inc.",,Preferred stock A,,No Value,,,No Value,,,No Value,,,2,,,,945,,,,0.3,,,,2626,
367,"Tate's Bake Shop, Inc.",,LP interest,,No Value,,,No Value,,,No Value,,,462,,,,428,,,,0.1,,,,499,
368,Uinta Brewing Company,,LP interest,,No Value,,,No Value,,,No Value,,,462,,,,462,,,,-,,,,14,
369,United Craft Brews LLC,,LP interest,,No Value,,,No Value,,,No Value,,,1,,,,657,,,,0.1,,,,657,
370,,,,,,,,,,,,,,,,,,6708,,,,1.3,,,,10639,
371,Buildings and Real Estate,,,,,,,,,,,,,,,,,,,,,,,,,,
372,"Brooks Equipment Company, LLC",,Common stock,,No Value,,,No Value,,,No Value,,,10,,,,1020,,,,0.1,,,,1229,
373,"Chemicals, Plastics and Rubber",,,,,,,,,,,,,,,,,,,,,,,,,,
374,"Flexan, LLC",,Preferred stock,,No Value,,,No Value,,,No Value,,,-,,,,73,,,,-,,,,80,
375,"Flexan, LLC",,Common stock,,No Value,,,No Value,,,No Value,,,1,,,,-,,,,-,,,,4,
376,,,,,,,,,,,,,,,,,,73,,,,-,,,,84,
377,"Containers, Packaging and Glass",,,,,,,,,,,,,,,,,,,,,,,,,,
378,"Packaging Coordinators, Inc.  (7)",,Common stock,,No Value,,,No Value,,,No Value,,,25,,,,2065,,,,0.4,,,,3198,
379,"Packaging Coordinators, Inc.",,Common stock,,No Value,,,No Value,,,No Value,,,48,,,,1563,,,,0.8,,,,6168,
380,,,,,,,,,,,,,,,,,,3628,,,,1.2,,,,9366,
381,Diversified Conglomerate Manufacturing,,,,,,,,,,,,,,,,,,,,,,,,,,
382,"Chase Industries, Inc.",,LLC units,,No Value,,,No Value,,,No Value,,,1,,,,1186,,,,0.2,,,,1387,
383,"Inventus Power, Inc",,Preferred stock,,No Value,,,No Value,,,No Value,,,-,,,,370,,,,-,,,,153,
384,"Inventus Power, Inc",,Common stock,,No Value,,,No Value,,,No Value,,,-,,,,-,,,,-,,,,-,
385,"Sunless Merger Sub, Inc.",,LP interest,,No Value,,,No Value,,,No Value,,,-,,,,160,,,,-,,,,-,
386,,,,,,,,,,,,,,,,,,1716,,,,0.2,,,,1540,
387,Diversified Conglomerate Service,,,,,,,,,,,,,,,,,,,,,,,,,,
388,"Actiance, Inc.",,Warrant,,No Value,,,No Value,,,No Value,,,398,,,,95,,,,-,,,,98,
389,Agility Recovery Solutions Inc.,,Preferred stock,,No Value,,,No Value,,,No Value,,,67,,,,341,,,,0.1,,,,513,
390,Bomgar Corporation,,Common stock,,No Value,,,No Value,,,No Value,,,-,,,,108,,,,-,,,,108,
391,Bomgar Corporation,,Common stock,,No Value,,,No Value,,,No Value,,,72,,,,1,,,,-,,,,1,
392,"Daxko, LLC",,LLC units,,No Value,,,No Value,,,No Value,,,219,,,,219,,,,0.1,,,,510,
393,DISA Holdings Acquisition Subsidiary Corp.,,Common stock,,No Value,,,No Value,,,No Value,,,-,,,,154,,,,-,,,,41,
394,,,,,Spread,,,,,,,,,,,,,Percentage,,,,,,,,,
395,,,Investment,,Above,,Interest,,,Maturity,,"Principal / Par ($),",,,Amortized,,,of,,,Fair,,,,,,
396,,,Type,,Index  (1),,Rate  (2),,,Date,,Shares/Units  (3),,,Cost,,,Net Assets,,,Value,,,,,,
397,"HealthcareSource HR, Inc.",,LLC interest,,No Value,,,No Value,,,No Value,,,-,,,,348,,,,-,,,,339,
398,"Host Analytics, Inc.",,Warrant,,No Value,,,No Value,,,No Value,,,180,,,,-,,,,-,,,,77,
399,"Marathon Data Operating Co., LLC",,LLC units,,No Value,,,No Value,,,No Value,,,1,,,,264,,,,-,,,,-,
400,"Marathon Data Operating Co., LLC",,LLC units,,No Value,,,No Value,,,No Value,,,1,,,,264,,,,0.1,,,,418,
401,"Secure-24, LLC",,LLC units,,No Value,,,No Value,,,No Value,,,263,,,,263,,,,0.1,,,,432,
402,"Steelwedge Software, Inc.",,Warrant,,No Value,,,No Value,,,No Value,,,36575,,,,76,,,,-,,,,84,
403,"TA MHI Buyer, Inc.",,Preferred stock,,No Value,,,No Value,,,No Value,,,-,,,,202,,,,-,,,,230,
404,"Vendavo, Inc.",,Preferred stock A,,No Value,,,No Value,,,No Value,,,827,,,,827,,,,0.1,,,,951,
405,"Vitalyst, LLC",,Common stock,,No Value,,,No Value,,,No Value,,,1,,,,7,,,,-,,,,-,
406,"Vitalyst, LLC",,Preferred stock A,,No Value,,,No Value,,,No Value,,,-,,,,61,,,,-,,,,45,
407,,,,,,,,,,,,,,,,,,308,,,,-,,,,308,
408,,,,,,,,,,,,,,,,,,3538,,,,0.5,,,,4155,
409,Electronics,,,,,,,,,,,,,,,,,,,,,,,,,,
410,Diligent Corporation,,Preferred stock,,No Value,,,No Value,,,No Value,,,,,,,83,,,,-,,,,83,
411,"ECI Acquisition Holdings, Inc.",,Common stock,,No Value,,,No Value,,,No Value,,,9,,,,872,,,,0.1,,,,1147,
412,"Gamma Technologies, LLC",,LLC units,,No Value,,,No Value,,,No Value,,,1,,,,134,,,,-,,,,130,
413,"SEI, Inc.",,LLC units,,No Value,,,No Value,,,No Value,,,340,,,,340,,,,0.1,,,,381,
414,"Sloan Company, Inc., The",,LLC units,,No Value,,,No Value,,,No Value,,,1,,,,14,,,,-,,,,-,
415,"Sloan Company, Inc., The",,LLC units,,No Value,,,No Value,,,No Value,,,-,,,,122,,,,-,,,,-,
416,Sparta Holding Corporation,,Common stock,,No Value,,,No Value,,,No Value,,,1,,,,567,,,,0.1,,,,673,
417,Sparta Holding Corporation,,Common stock,,No Value,,,No Value,,,No Value,,,235,,,,6,,,,-,,,,115,
418,Syncsort Incorporated,,Preferred stock,,No Value,,,No Value,,,No Value,,,90,,,,226,,,,-,,,,263,
419,,,,,,,,,,,,,,,,,,2364,,,,0.3,,,,2792,
420,Grocery,,,,,,,,,,,,,,,,,,,,,,,,,,
421,"MyWebGrocer, Inc.",,LLC units,,No Value,,,No Value,,,No Value,,,1418,,,,1446,,,,0.3,,,,1957,
422,"MyWebGrocer, Inc.",,Preferred stock,,No Value,,,No Value,,,No Value,,,71,,,,165,,,,-,,,,262,
423,,,,,,,,,,,,,,,,,,1611,,,,0.3,,,,2219,
424,"Healthcare, Education and Childcare",,,,,,,,,,,,,,,,,,,,,,,,,,
425,"Active Day, Inc.",,LLC interest,,No Value,,,No Value,,,No Value,,,1,,,,614,,,,0.1,,,,588,
426,"ADCS Clinics Intermediate Holdings, LLC",,Preferred stock,,No Value,,,No Value,,,No Value,,,1,,,,579,,,,0.1,,,,579,
427,"ADCS Clinics Intermediate Holdings, LLC",,Common stock,,No Value,,,No Value,,,No Value,,,-,,,,6,,,,-,,,,6,
428,"Advanced Pain Management Holdings, Inc.",,Common stock,,No Value,,,No Value,,,No Value,,,67,,,,67,,,,-,,,,-,
429,"Advanced Pain Management Holdings, Inc.",,Preferred stock,,No Value,,,No Value,,,No Value,,,8,,,,829,,,,0.1,,,,590,
430,"Advanced Pain Management Holdings, Inc.",,Preferred stock,,No Value,,,No Value,,,No Value,,,1,,,,64,,,,-,,,,197,
431,"BIORECLAMATIONIVT, LLC",,LLC interest,,No Value,,,No Value,,,No Value,,,-,,,,365,,,,-,,,,365,
432,"California Cryobank, LLC",,LLC units,,No Value,,,No Value,,,No Value,,,-,,,,28,,,,-,,,,31,
433,"California Cryobank, LLC",,LLC units,,No Value,,,No Value,,,No Value,,,-,,,,-,,,,-,,,,-,
434,Certara L.P.,,LP interest,,No Value,,,No Value,,,No Value,,,-,,,,635,,,,0.1,,,,1168,
435,"DCA Investment Holding, LLC",,LLC units,,No Value,,,No Value,,,No Value,,,8637,,,,864,,,,0.1,,,,924,
436,"DCA Investment Holding, LLC",,LLC units,,No Value,,,No Value,,,No Value,,,87,,,,9,,,,-,,,,87,
437,Deca Dental Management LLC,,LLC units,,No Value,,,No Value,,,No Value,,,357,,,,357,,,,-,,,,375,
438,Dental Holdings Corporation,,LLC units,,No Value,,,No Value,,,No Value,,,775,,,,775,,,,0.1,,,,1046,
439,"Encore GC Acquisition, LLC",,LLC units,,No Value,,,No Value,,,No Value,,,18,,,,182,,,,-,,,,200,
440,"Encore GC Acquisition, LLC",,LLC units,,No Value,,,No Value,,,No Value,,,18,,,,-,,,,-,,,,36,
441,"G & H Wire Company, Inc",,LP interest,,No Value,,,No Value,,,No Value,,,102,,,,102,,,,-,,,,112,
442,"Global Healthcare Exchange, LLC",,Common stock,,No Value,,,No Value,,,No Value,,,-,,,,5,,,,0.1,,,,364,
443,"Global Healthcare Exchange, LLC",,Common stock,,No Value,,,No Value,,,No Value,,,-,,,,481,,,,0.1,,,,582,
444,"IntegraMed America, Inc.",,LLC interest,,No Value,,,No Value,,,No Value,,,-,,,,417,,,,0.1,,,,505,
445,"IntegraMed America, Inc.",,LLC interest,,No Value,,,No Value,,,No Value,,,-,,,,458,,,,-,,,,33,
446,"Katena Holdings, Inc.",,LLC units,,No Value,,,No Value,,,No Value,,,-,,,,387,,,,0.1,,,,381,
447,"Lombart Brothers, Inc.",,Common stock,,No Value,,,No Value,,,No Value,,,-,,,,106,,,,-,,,,106,
448,"Northwestern Management Services, LLC",,LLC units,,No Value,,,No Value,,,No Value,,,3,,,,3,,,,-,,,,274,
449,"Northwestern Management Services, LLC",,LLC units,,No Value,,,No Value,,,No Value,,,-,,,,249,,,,0.1,,,,329,
450,"Oliver Street Dermatology Holdings, LLC",,LLC units,,No Value,,,No Value,,,No Value,,,234,,,,234,,,,-,,,,234,
451,"Pentec Acquisition Sub, Inc.",,Preferred stock,,No Value,,,No Value,,,No Value,,,1,,,,116,,,,-,,,,254,
452,"Radiology Partners, Inc.",,LLC units,,No Value,,,No Value,,,No Value,,,43,,,,85,,,,-,,,,129,
453,"Reliant Pro ReHab, LLC",,Preferred stock A,,No Value,,,No Value,,,No Value,,,2,,,,183,,,,0.1,,,,1034,
454,RXH Buyer Corporation,,LP interest,,No Value,,,No Value,,,No Value,,,7,,,,683,,,,0.1,,,,531,
455,Southern Anesthesia and Surgical,,LLC units,,No Value,,,No Value,,,No Value,,,487,,,,487,,,,0.1,,,,570,
456,"Spear Education, LLC",,LLC units,,No Value,,,No Value,,,No Value,,,-,,,,62,,,,-,,,,64,
457,"Spear Education, LLC",,LLC units,,No Value,,,No Value,,,No Value,,,1,,,,1,,,,-,,,,36,
458,SSH Corporation,,Common stock,,No Value,,,No Value,,,No Value,,,-,,,,40,,,,-,,,,141,
459,"Surgical Information Systems, LLC",,Common stock,,No Value,,,No Value,,,No Value,,,4,,,,414,,,,0.1,,,,496,
460,"U.S. Renal Care, Inc.",,LP interest,,No Value,,,No Value,,,No Value,,,1,,,,2665,,,,0.4,,,,3406,
461,"Young Innovations, Inc.",,LLC units,,No Value,,,No Value,,,No Value,,,-,,,,236,,,,0.1,,,,620,
462,,,,,,,,,,,,,,,,,,12788,,,,2.0,,,,16393,
463,Insurance,,,,,,,,,,,,,,,,,,,,,,,,,,
464,"Captive Resources Midco, LLC",,LLC units,,No Value,,,No Value,,,No Value,,,1,,,,-,,,,-,,,,175,
465,"Internet Pipeline, Inc.",,Common stock,,No Value,,,No Value,,,No Value,,,43,,,,1,,,,-,,,,33,
466,"Internet Pipeline, Inc.",,Preferred stock,,No Value,,,No Value,,,No Value,,,-,,,,98,,,,0.1,,,,110,
467,,,,,,,,,,,,,,,,,,99,,,,0.1,,,,318,
468,"Leisure, Amusement, Motion Pictures and Entertainment",,,,,,,,,,,,,,,,,,,,,,,,,,
469,"LMP TR Holdings, LLC",,LLC units,,No Value,,,No Value,,,No Value,,,712,,,,712,,,,0.1,,,,578,
470,"Titan Fitness, LLC",,LLC units,,No Value,,,No Value,,,No Value,,,7,,,,712,,,,0.1,,,,740,
471,,,,,,,,,,,,,,,,,,1424,,,,0.2,,,,1318,
472,Personal and Non-Durable Consumer Products,,,,,,,,,,,,,,,,,,,,,,,,,,
473,"C.B. Fleet Company, Incorporated",,LLC units,,No Value,,,No Value,,,No Value,,,2,,,,134,,,,-,,,,237,
474,"Georgica Pine Clothiers, LLC",,LLC interest,,No Value,,,No Value,,,No Value,,,11,,,,106,,,,-,,,,116,
475,"Hygenic Corporation, The",,LP interest,,No Value,,,No Value,,,No Value,,,1,,,,61,,,,-,,,,166,
476,"Massage Envy, LLC",,LLC interest,,No Value,,,No Value,,,No Value,,,749,,,,749,,,,0.1,,,,1131,
477,Team Technologies Acquisition Company,,Common stock,,No Value,,,No Value,,,No Value,,,-,,,,114,,,,0.1,,,,289,
=======
344,NTS Technical Systems,,Common stock,,N/A,,,N/A,,,N/A,,,2,,,,1506,,,,0.2,,,,1475,
345,"Tresys Technology Holdings, Inc.",,Common stock,,N/A,,,N/A,,,N/A,,,295,,,,295,,,,-,,,,-,
346,Whitcraft LLC,,Preferred stock B,,N/A,,,N/A,,,N/A,,,1,,,,670,,,,0.1,,,,1149,
347,Whitcraft LLC,,Warrant,,N/A,,,N/A,,,N/A,,,-,,,,-,,,,-,,,,224,
348,,,,,,,,,,,,,,,,,,2471,,,,0.3,,,,2848,
349,Automobile,,,,,,,,,,,,,,,,,,,,,,,,,,
350,"K&N Engineering, Inc.",,Preferred stock A,,N/A,,,N/A,,,N/A,,,-,,,,-,,,,-,,,,13,
351,"K&N Engineering, Inc.",,Preferred stock B,,N/A,,,N/A,,,N/A,,,-,,,,-,,,,-,,,,13,
352,"K&N Engineering, Inc.",,Common stock,,N/A,,,N/A,,,N/A,,,-,,,,-,,,,-,,,,104,
353,Polk Acquisition Corp.,,LP interest,,N/A,,,N/A,,,N/A,,,,,,,144,,,,-,,,,144,
354,,,,,,,,,,,,,,,,,,144,,,,-,,,,274,
355,"Beverage, Food and Tobacco",,,,,,,,,,,,,,,,,,,,,,,,,,
356,"Atkins Nutritionals, Inc",,LLC interest,,N/A,,,N/A,,,N/A,,,57,,,,746,,,,0.3,,,,2632,
357,"Benihana, Inc.",,LLC units,,N/A,,,N/A,,,N/A,,,43,,,,699,,,,0.1,,,,541,
358,"C. J. Foods, Inc.",,Preferred stock,,N/A,,,N/A,,,N/A,,,-,,,,157,,,,-,,,,242,
359,"First Watch Restaurants, Inc.",,Common stock,,N/A,,,N/A,,,N/A,,,9,,,,964,,,,0.2,,,,1694,
360,"Hopdoddy Holdings, LLC",,LLC interest,,N/A,,,N/A,,,N/A,,,27,,,,130,,,,-,,,,53,
361,"Hopdoddy Holdings, LLC",,LLC interest,,N/A,,,N/A,,,N/A,,,12,,,,36,,,,-,,,,15,
362,Julio & Sons Company,,LLC interest,,N/A,,,N/A,,,N/A,,,521,,,,521,,,,0.1,,,,739,
363,"Northern Brewer, LLC",,LLC interest,,N/A,,,N/A,,,N/A,,,438,,,,362,,,,-,,,,60,
364,"Purfoods, LLC",,LLC interest,,N/A,,,N/A,,,N/A,,,381,,,,381,,,,-,,,,381,
365,"Richelieu Foods, Inc.",,LP interest,,N/A,,,N/A,,,N/A,,,220,,,,220,,,,0.1,,,,486,
366,"Rubio's Restaurants, Inc.",,Preferred stock A,,N/A,,,N/A,,,N/A,,,2,,,,945,,,,0.3,,,,2626,
367,"Tate's Bake Shop, Inc.",,LP interest,,N/A,,,N/A,,,N/A,,,462,,,,428,,,,0.1,,,,499,
368,Uinta Brewing Company,,LP interest,,N/A,,,N/A,,,N/A,,,462,,,,462,,,,-,,,,14,
369,United Craft Brews LLC,,LP interest,,N/A,,,N/A,,,N/A,,,1,,,,657,,,,0.1,,,,657,
370,,,,,,,,,,,,,,,,,,6708,,,,1.3,,,,10639,
371,Buildings and Real Estate,,,,,,,,,,,,,,,,,,,,,,,,,,
372,"Brooks Equipment Company, LLC",,Common stock,,N/A,,,N/A,,,N/A,,,10,,,,1020,,,,0.1,,,,1229,
373,"Chemicals, Plastics and Rubber",,,,,,,,,,,,,,,,,,,,,,,,,,
374,"Flexan, LLC",,Preferred stock,,N/A,,,N/A,,,N/A,,,-,,,,73,,,,-,,,,80,
375,"Flexan, LLC",,Common stock,,N/A,,,N/A,,,N/A,,,1,,,,-,,,,-,,,,4,
376,,,,,,,,,,,,,,,,,,73,,,,-,,,,84,
377,"Containers, Packaging and Glass",,,,,,,,,,,,,,,,,,,,,,,,,,
378,"Packaging Coordinators, Inc.  (7)",,Common stock,,N/A,,,N/A,,,N/A,,,25,,,,2065,,,,0.4,,,,3198,
379,"Packaging Coordinators, Inc.",,Common stock,,N/A,,,N/A,,,N/A,,,48,,,,1563,,,,0.8,,,,6168,
380,,,,,,,,,,,,,,,,,,3628,,,,1.2,,,,9366,
381,Diversified Conglomerate Manufacturing,,,,,,,,,,,,,,,,,,,,,,,,,,
382,"Chase Industries, Inc.",,LLC units,,N/A,,,N/A,,,N/A,,,1,,,,1186,,,,0.2,,,,1387,
383,"Inventus Power, Inc",,Preferred stock,,N/A,,,N/A,,,N/A,,,-,,,,370,,,,-,,,,153,
384,"Inventus Power, Inc",,Common stock,,N/A,,,N/A,,,N/A,,,-,,,,-,,,,-,,,,-,
385,"Sunless Merger Sub, Inc.",,LP interest,,N/A,,,N/A,,,N/A,,,-,,,,160,,,,-,,,,-,
386,,,,,,,,,,,,,,,,,,1716,,,,0.2,,,,1540,
387,Diversified Conglomerate Service,,,,,,,,,,,,,,,,,,,,,,,,,,
388,"Actiance, Inc.",,Warrant,,N/A,,,N/A,,,N/A,,,398,,,,95,,,,-,,,,98,
389,Agility Recovery Solutions Inc.,,Preferred stock,,N/A,,,N/A,,,N/A,,,67,,,,341,,,,0.1,,,,513,
390,Bomgar Corporation,,Common stock,,N/A,,,N/A,,,N/A,,,-,,,,108,,,,-,,,,108,
391,Bomgar Corporation,,Common stock,,N/A,,,N/A,,,N/A,,,72,,,,1,,,,-,,,,1,
392,"Daxko, LLC",,LLC units,,N/A,,,N/A,,,N/A,,,219,,,,219,,,,0.1,,,,510,
393,DISA Holdings Acquisition Subsidiary Corp.,,Common stock,,N/A,,,N/A,,,N/A,,,-,,,,154,,,,-,,,,41,
394,,,,,Spread,,,,,,,,,,,,,Percentage,,,,,,,,,
395,,,Investment,,Above,,Interest,,,Maturity,,"Principal / Par ($),",,,Amortized,,,of,,,Fair,,,,,,
396,,,Type,,Index  (1),,Rate  (2),,,Date,,Shares/Units  (3),,,Cost,,,Net Assets,,,Value,,,,,,
397,"HealthcareSource HR, Inc.",,LLC interest,,N/A,,,N/A,,,N/A,,,-,,,,348,,,,-,,,,339,
398,"Host Analytics, Inc.",,Warrant,,N/A,,,N/A,,,N/A,,,180,,,,-,,,,-,,,,77,
399,"Marathon Data Operating Co., LLC",,LLC units,,N/A,,,N/A,,,N/A,,,1,,,,264,,,,-,,,,-,
400,"Marathon Data Operating Co., LLC",,LLC units,,N/A,,,N/A,,,N/A,,,1,,,,264,,,,0.1,,,,418,
401,"Secure-24, LLC",,LLC units,,N/A,,,N/A,,,N/A,,,263,,,,263,,,,0.1,,,,432,
402,"Steelwedge Software, Inc.",,Warrant,,N/A,,,N/A,,,N/A,,,36575,,,,76,,,,-,,,,84,
403,"TA MHI Buyer, Inc.",,Preferred stock,,N/A,,,N/A,,,N/A,,,-,,,,202,,,,-,,,,230,
404,"Vendavo, Inc.",,Preferred stock A,,N/A,,,N/A,,,N/A,,,827,,,,827,,,,0.1,,,,951,
405,"Vitalyst, LLC",,Common stock,,N/A,,,N/A,,,N/A,,,1,,,,7,,,,-,,,,-,
406,"Vitalyst, LLC",,Preferred stock A,,N/A,,,N/A,,,N/A,,,-,,,,61,,,,-,,,,45,
407,,,,,,,,,,,,,,,,,,308,,,,-,,,,308,
408,,,,,,,,,,,,,,,,,,3538,,,,0.5,,,,4155,
409,Electronics,,,,,,,,,,,,,,,,,,,,,,,,,,
410,Diligent Corporation,,Preferred stock,,N/A,,,N/A,,,N/A,,,,,,,83,,,,-,,,,83,
411,"ECI Acquisition Holdings, Inc.",,Common stock,,N/A,,,N/A,,,N/A,,,9,,,,872,,,,0.1,,,,1147,
412,"Gamma Technologies, LLC",,LLC units,,N/A,,,N/A,,,N/A,,,1,,,,134,,,,-,,,,130,
413,"SEI, Inc.",,LLC units,,N/A,,,N/A,,,N/A,,,340,,,,340,,,,0.1,,,,381,
414,"Sloan Company, Inc., The",,LLC units,,N/A,,,N/A,,,N/A,,,1,,,,14,,,,-,,,,-,
415,"Sloan Company, Inc., The",,LLC units,,N/A,,,N/A,,,N/A,,,-,,,,122,,,,-,,,,-,
416,Sparta Holding Corporation,,Common stock,,N/A,,,N/A,,,N/A,,,1,,,,567,,,,0.1,,,,673,
417,Sparta Holding Corporation,,Common stock,,N/A,,,N/A,,,N/A,,,235,,,,6,,,,-,,,,115,
418,Syncsort Incorporated,,Preferred stock,,N/A,,,N/A,,,N/A,,,90,,,,226,,,,-,,,,263,
419,,,,,,,,,,,,,,,,,,2364,,,,0.3,,,,2792,
420,Grocery,,,,,,,,,,,,,,,,,,,,,,,,,,
421,"MyWebGrocer, Inc.",,LLC units,,N/A,,,N/A,,,N/A,,,1418,,,,1446,,,,0.3,,,,1957,
422,"MyWebGrocer, Inc.",,Preferred stock,,N/A,,,N/A,,,N/A,,,71,,,,165,,,,-,,,,262,
423,,,,,,,,,,,,,,,,,,1611,,,,0.3,,,,2219,
424,"Healthcare, Education and Childcare",,,,,,,,,,,,,,,,,,,,,,,,,,
425,"Active Day, Inc.",,LLC interest,,N/A,,,N/A,,,N/A,,,1,,,,614,,,,0.1,,,,588,
426,"ADCS Clinics Intermediate Holdings, LLC",,Preferred stock,,N/A,,,N/A,,,N/A,,,1,,,,579,,,,0.1,,,,579,
427,"ADCS Clinics Intermediate Holdings, LLC",,Common stock,,N/A,,,N/A,,,N/A,,,-,,,,6,,,,-,,,,6,
428,"Advanced Pain Management Holdings, Inc.",,Common stock,,N/A,,,N/A,,,N/A,,,67,,,,67,,,,-,,,,-,
429,"Advanced Pain Management Holdings, Inc.",,Preferred stock,,N/A,,,N/A,,,N/A,,,8,,,,829,,,,0.1,,,,590,
430,"Advanced Pain Management Holdings, Inc.",,Preferred stock,,N/A,,,N/A,,,N/A,,,1,,,,64,,,,-,,,,197,
431,"BIORECLAMATIONIVT, LLC",,LLC interest,,N/A,,,N/A,,,N/A,,,-,,,,365,,,,-,,,,365,
432,"California Cryobank, LLC",,LLC units,,N/A,,,N/A,,,N/A,,,-,,,,28,,,,-,,,,31,
433,"California Cryobank, LLC",,LLC units,,N/A,,,N/A,,,N/A,,,-,,,,-,,,,-,,,,-,
434,Certara L.P.,,LP interest,,N/A,,,N/A,,,N/A,,,-,,,,635,,,,0.1,,,,1168,
435,"DCA Investment Holding, LLC",,LLC units,,N/A,,,N/A,,,N/A,,,8637,,,,864,,,,0.1,,,,924,
436,"DCA Investment Holding, LLC",,LLC units,,N/A,,,N/A,,,N/A,,,87,,,,9,,,,-,,,,87,
437,Deca Dental Management LLC,,LLC units,,N/A,,,N/A,,,N/A,,,357,,,,357,,,,-,,,,375,
438,Dental Holdings Corporation,,LLC units,,N/A,,,N/A,,,N/A,,,775,,,,775,,,,0.1,,,,1046,
439,"Encore GC Acquisition, LLC",,LLC units,,N/A,,,N/A,,,N/A,,,18,,,,182,,,,-,,,,200,
440,"Encore GC Acquisition, LLC",,LLC units,,N/A,,,N/A,,,N/A,,,18,,,,-,,,,-,,,,36,
441,"G & H Wire Company, Inc",,LP interest,,N/A,,,N/A,,,N/A,,,102,,,,102,,,,-,,,,112,
442,"Global Healthcare Exchange, LLC",,Common stock,,N/A,,,N/A,,,N/A,,,-,,,,5,,,,0.1,,,,364,
443,"Global Healthcare Exchange, LLC",,Common stock,,N/A,,,N/A,,,N/A,,,-,,,,481,,,,0.1,,,,582,
444,"IntegraMed America, Inc.",,LLC interest,,N/A,,,N/A,,,N/A,,,-,,,,417,,,,0.1,,,,505,
445,"IntegraMed America, Inc.",,LLC interest,,N/A,,,N/A,,,N/A,,,-,,,,458,,,,-,,,,33,
446,"Katena Holdings, Inc.",,LLC units,,N/A,,,N/A,,,N/A,,,-,,,,387,,,,0.1,,,,381,
447,"Lombart Brothers, Inc.",,Common stock,,N/A,,,N/A,,,N/A,,,-,,,,106,,,,-,,,,106,
448,"Northwestern Management Services, LLC",,LLC units,,N/A,,,N/A,,,N/A,,,3,,,,3,,,,-,,,,274,
449,"Northwestern Management Services, LLC",,LLC units,,N/A,,,N/A,,,N/A,,,-,,,,249,,,,0.1,,,,329,
450,"Oliver Street Dermatology Holdings, LLC",,LLC units,,N/A,,,N/A,,,N/A,,,234,,,,234,,,,-,,,,234,
451,"Pentec Acquisition Sub, Inc.",,Preferred stock,,N/A,,,N/A,,,N/A,,,1,,,,116,,,,-,,,,254,
452,"Radiology Partners, Inc.",,LLC units,,N/A,,,N/A,,,N/A,,,43,,,,85,,,,-,,,,129,
453,"Reliant Pro ReHab, LLC",,Preferred stock A,,N/A,,,N/A,,,N/A,,,2,,,,183,,,,0.1,,,,1034,
454,RXH Buyer Corporation,,LP interest,,N/A,,,N/A,,,N/A,,,7,,,,683,,,,0.1,,,,531,
455,Southern Anesthesia and Surgical,,LLC units,,N/A,,,N/A,,,N/A,,,487,,,,487,,,,0.1,,,,570,
456,"Spear Education, LLC",,LLC units,,N/A,,,N/A,,,N/A,,,-,,,,62,,,,-,,,,64,
457,"Spear Education, LLC",,LLC units,,N/A,,,N/A,,,N/A,,,1,,,,1,,,,-,,,,36,
458,SSH Corporation,,Common stock,,N/A,,,N/A,,,N/A,,,-,,,,40,,,,-,,,,141,
459,"Surgical Information Systems, LLC",,Common stock,,N/A,,,N/A,,,N/A,,,4,,,,414,,,,0.1,,,,496,
460,"U.S. Renal Care, Inc.",,LP interest,,N/A,,,N/A,,,N/A,,,1,,,,2665,,,,0.4,,,,3406,
461,"Young Innovations, Inc.",,LLC units,,N/A,,,N/A,,,N/A,,,-,,,,236,,,,0.1,,,,620,
462,,,,,,,,,,,,,,,,,,12788,,,,2.0,,,,16393,
463,Insurance,,,,,,,,,,,,,,,,,,,,,,,,,,
464,"Captive Resources Midco, LLC",,LLC units,,N/A,,,N/A,,,N/A,,,1,,,,-,,,,-,,,,175,
465,"Internet Pipeline, Inc.",,Common stock,,N/A,,,N/A,,,N/A,,,43,,,,1,,,,-,,,,33,
466,"Internet Pipeline, Inc.",,Preferred stock,,N/A,,,N/A,,,N/A,,,-,,,,98,,,,0.1,,,,110,
467,,,,,,,,,,,,,,,,,,99,,,,0.1,,,,318,
468,"Leisure, Amusement, Motion Pictures and Entertainment",,,,,,,,,,,,,,,,,,,,,,,,,,
469,"LMP TR Holdings, LLC",,LLC units,,N/A,,,N/A,,,N/A,,,712,,,,712,,,,0.1,,,,578,
470,"Titan Fitness, LLC",,LLC units,,N/A,,,N/A,,,N/A,,,7,,,,712,,,,0.1,,,,740,
471,,,,,,,,,,,,,,,,,,1424,,,,0.2,,,,1318,
472,Personal and Non-Durable Consumer Products,,,,,,,,,,,,,,,,,,,,,,,,,,
473,"C.B. Fleet Company, Incorporated",,LLC units,,N/A,,,N/A,,,N/A,,,2,,,,134,,,,-,,,,237,
474,"Georgica Pine Clothiers, LLC",,LLC interest,,N/A,,,N/A,,,N/A,,,11,,,,106,,,,-,,,,116,
475,"Hygenic Corporation, The",,LP interest,,N/A,,,N/A,,,N/A,,,1,,,,61,,,,-,,,,166,
476,"Massage Envy, LLC",,LLC interest,,N/A,,,N/A,,,N/A,,,749,,,,749,,,,0.1,,,,1131,
477,Team Technologies Acquisition Company,,Common stock,,N/A,,,N/A,,,N/A,,,-,,,,114,,,,0.1,,,,289,
>>>>>>> GSBD
478,,,,,,,,,,,,,,,,,,1164,,,,0.2,,,,1939,
479,,,,,Spread,,,,,,,,,,,,,Percentage,,,,,,,,,
480,,,Investment,,Above,,Interest,,,Maturity,,"Principal / Par ($),",,,Amortized,,,of,,,Fair,,,,,,
481,,,Type,,Index  (1),,Rate  (2),,,Date,,Shares/Units  (3),,,Cost,,,Net Assets,,,Value,,,,,,
482,"Personal, Food and Miscellaneous Services",,,,,,,,,,,,,,,,,,,,,,,,,,
<<<<<<< HEAD
483,"Community Veterinary Partners, LLC",,Common stock,,No Value,,,No Value,,,No Value,,,1,,,,114,,,,-,,,,135,
484,R.G. Barry Corporation,,Preferred stock,,No Value,,,No Value,,,No Value,,,-,,,,161,,,,-,,,,181,
485,Vetcor Professional Practices LLC,,LLC units,,No Value,,,No Value,,,No Value,,,85,,,,85,,,,0.1,,,,452,
486,Vetcor Professional Practices LLC,,LLC units,,No Value,,,No Value,,,No Value,,,766,,,,525,,,,0.1,,,,526,
487,,,,,,,,,,,,,,,,,,885,,,,0.2,,,,1294,
488,Printing and Publishing,,,,,,,,,,,,,,,,,,,,,,,,,,
489,"Brandmuscle, Inc.",,LLC interest,,No Value,,,No Value,,,No Value,,,-,,,,240,,,,0.1,,,,257,
490,"Market Track, LLC",,Preferred stock,,No Value,,,No Value,,,No Value,,,-,,,,145,,,,-,,,,210,
491,"Market Track, LLC",,Common stock,,No Value,,,No Value,,,No Value,,,1,,,,145,,,,-,,,,266,
492,,,,,,,,,,,,,,,,,,530,,,,0.1,,,,733,
493,Retail Stores,,,,,,,,,,,,,,,,,,,,,,,,,,
494,"Barcelona Restaurants, LLC",,LP interest,,No Value,,,No Value,,,No Value,,,1996,,,,-,,,,0.6,,,,5228,
495,"Cycle Gear, Inc.",,LLC interest,,No Value,,,No Value,,,No Value,,,19,,,,248,,,,-,,,,346,
496,"DentMall MSO, LLC",,LLC units,,No Value,,,No Value,,,No Value,,,2,,,,-,,,,-,,,,-,
497,"DentMall MSO, LLC",,LLC units,,No Value,,,No Value,,,No Value,,,2,,,,97,,,,-,,,,-,
498,"Elite Sportswear, L.P.",,LLC interest,,No Value,,,No Value,,,No Value,,,-,,,,83,,,,-,,,,103,
499,"Express Oil Change, LLC",,LLC interest,,No Value,,,No Value,,,No Value,,,81,,,,81,,,,-,,,,232,
500,"Feeders Supply Company, LLC",,Preferred stock,,No Value,,,No Value,,,No Value,,,2,,,,155,,,,-,,,,155,
501,"Feeders Supply Company, LLC",,Common stock,,No Value,,,No Value,,,No Value,,,-,,,,-,,,,-,,,,-,
502,"Marshall Retail Group LLC, The",,LLC units,,No Value,,,No Value,,,No Value,,,15,,,,154,,,,-,,,,39,
503,"Paper Source, Inc.",,Common stock,,No Value,,,No Value,,,No Value,,,8,,,,1387,,,,0.2,,,,1514,
504,RCP PetPeople LP,,LP interest,,No Value,,,No Value,,,No Value,,,889,,,,889,,,,0.2,,,,1556,
505,RCPSI Corporation,,LLC interest,,No Value,,,No Value,,,No Value,,,455,,,,455,,,,0.1,,,,419,
506,"Sneaker Villa, Inc.",,LLC interest,,No Value,,,No Value,,,No Value,,,4,,,,411,,,,0.1,,,,581,
507,,,,,,,,,,,,,,,,,,3960,,,,1.2,,,,10173,
508,Utilities,,,,,,,,,,,,,,,,,,,,,,,,,,
509,"PowerPlan Holdings, Inc.",,Common stock,,No Value,,,No Value,,,No Value,,,-,,,,303,,,,0.1,,,,342,
510,"PowerPlan Holdings, Inc.",,Common stock,,No Value,,,No Value,,,No Value,,,151,,,,3,,,,-,,,,140,
=======
483,"Community Veterinary Partners, LLC",,Common stock,,N/A,,,N/A,,,N/A,,,1,,,,114,,,,-,,,,135,
484,R.G. Barry Corporation,,Preferred stock,,N/A,,,N/A,,,N/A,,,-,,,,161,,,,-,,,,181,
485,Vetcor Professional Practices LLC,,LLC units,,N/A,,,N/A,,,N/A,,,85,,,,85,,,,0.1,,,,452,
486,Vetcor Professional Practices LLC,,LLC units,,N/A,,,N/A,,,N/A,,,766,,,,525,,,,0.1,,,,526,
487,,,,,,,,,,,,,,,,,,885,,,,0.2,,,,1294,
488,Printing and Publishing,,,,,,,,,,,,,,,,,,,,,,,,,,
489,"Brandmuscle, Inc.",,LLC interest,,N/A,,,N/A,,,N/A,,,-,,,,240,,,,0.1,,,,257,
490,"Market Track, LLC",,Preferred stock,,N/A,,,N/A,,,N/A,,,-,,,,145,,,,-,,,,210,
491,"Market Track, LLC",,Common stock,,N/A,,,N/A,,,N/A,,,1,,,,145,,,,-,,,,266,
492,,,,,,,,,,,,,,,,,,530,,,,0.1,,,,733,
493,Retail Stores,,,,,,,,,,,,,,,,,,,,,,,,,,
494,"Barcelona Restaurants, LLC",,LP interest,,N/A,,,N/A,,,N/A,,,1996,,,,-,,,,0.6,,,,5228,
495,"Cycle Gear, Inc.",,LLC interest,,N/A,,,N/A,,,N/A,,,19,,,,248,,,,-,,,,346,
496,"DentMall MSO, LLC",,LLC units,,N/A,,,N/A,,,N/A,,,2,,,,-,,,,-,,,,-,
497,"DentMall MSO, LLC",,LLC units,,N/A,,,N/A,,,N/A,,,2,,,,97,,,,-,,,,-,
498,"Elite Sportswear, L.P.",,LLC interest,,N/A,,,N/A,,,N/A,,,-,,,,83,,,,-,,,,103,
499,"Express Oil Change, LLC",,LLC interest,,N/A,,,N/A,,,N/A,,,81,,,,81,,,,-,,,,232,
500,"Feeders Supply Company, LLC",,Preferred stock,,N/A,,,N/A,,,N/A,,,2,,,,155,,,,-,,,,155,
501,"Feeders Supply Company, LLC",,Common stock,,N/A,,,N/A,,,N/A,,,-,,,,-,,,,-,,,,-,
502,"Marshall Retail Group LLC, The",,LLC units,,N/A,,,N/A,,,N/A,,,15,,,,154,,,,-,,,,39,
503,"Paper Source, Inc.",,Common stock,,N/A,,,N/A,,,N/A,,,8,,,,1387,,,,0.2,,,,1514,
504,RCP PetPeople LP,,LP interest,,N/A,,,N/A,,,N/A,,,889,,,,889,,,,0.2,,,,1556,
505,RCPSI Corporation,,LLC interest,,N/A,,,N/A,,,N/A,,,455,,,,455,,,,0.1,,,,419,
506,"Sneaker Villa, Inc.",,LLC interest,,N/A,,,N/A,,,N/A,,,4,,,,411,,,,0.1,,,,581,
507,,,,,,,,,,,,,,,,,,3960,,,,1.2,,,,10173,
508,Utilities,,,,,,,,,,,,,,,,,,,,,,,,,,
509,"PowerPlan Holdings, Inc.",,Common stock,,N/A,,,N/A,,,N/A,,,-,,,,303,,,,0.1,,,,342,
510,"PowerPlan Holdings, Inc.",,Common stock,,N/A,,,N/A,,,N/A,,,151,,,,3,,,,-,,,,140,
>>>>>>> GSBD
511,,,,,,,,,,,,,,,,,,306,,,,0.1,,,,482,
512,Total non-controlled/non-affiliate company equity investments,,,,,,,,,,,,,,,,,44429,,,,8.3,,,,67796,
513,Total non-controlled/non-affiliate company investments,,,,,,,,,,,,,1456980,,,,1482319,,,,183.9,,,,1507898,
514,Non-controlled affiliate company investments  (12),,,,,,,,,,,,,,,,,,,,,,,,,,
515,Debt investments,,,,,,,,,,,,,,,,,,,,,,,,,,
516,"Leisure, Amusement, Motion Pictures and Entertainment",,,,,,,,,,,,,,,,,,,,,,,,,,
517,"Competitor Group, Inc.  (7)",,One stop,,L + 9.25,,,5.00 cash/5.50 PIK,,,11/2018,,,1080,,,,1044,,,,0.1,,,,999,
518,"Competitor Group, Inc.  *#(7)",,One stop,,L + 9.25,,,5.00 cash/5.50 PIK,,,11/2018,,,9113,,,,8671,,,,1.1,,,,8430,
519,,,,,,,,,,,,,,10193,,,,9715,,,,1.2,,,,9429,
520,Total non-controlled affiliate company debt investments,,,,,,,,,,,,,10193,,,,9715,,,,1.2,,,,9429,
521,Equity Investments  (10)(11),,,,,,,,,,,,,,,,,,,,,,,,,,
522,"Leisure, Amusement, Motion Pictures and Entertainment",,,,,,,,,,,,,,,,,,,,,,,,,,
<<<<<<< HEAD
523,"Competitor Group, Inc.  (7)",,LLC interest,,No Value,,,No Value,,,No Value,,,1,,,,714,,,,-,,,,-,
524,"Competitor Group, Inc.  *#(7)",,Preferred stock,,No Value,,,No Value,,,No Value,,,4,,,,4226,,,,-,,,,118,
525,"Competitor Group, Inc.  *#(7)",,Common stock,,No Value,,,No Value,,,No Value,,,27,,,,-,,,,-,,,,-,
=======
523,"Competitor Group, Inc.  (7)",,LLC interest,,N/A,,,N/A,,,N/A,,,1,,,,714,,,,-,,,,-,
524,"Competitor Group, Inc.  *#(7)",,Preferred stock,,N/A,,,N/A,,,N/A,,,4,,,,4226,,,,-,,,,118,
525,"Competitor Group, Inc.  *#(7)",,Common stock,,N/A,,,N/A,,,N/A,,,27,,,,-,,,,-,,,,-,
>>>>>>> GSBD
526,,,,,,,,,,,,,,,,,,4940,,,,-,,,,118,
527,Total non-controlled affiliate company equity investments,,,,,,,,,,,,,,,,,4940,,,,-,,,,118,
528,Total non-controlled affiliate company investments,,,,,,,,,,,,,10193,,,,14655,,,,1.2,,,,9547,
529,Controlled affiliate company investments  (13),,,,,,,,,,,,,,,,,,,,,,,,,,
530,Debt investments,,,,,,,,,,,,,,,,,,,,,,,,,,
531,Investment Funds and Vehicles,,,,,,,,,,,,,,,,,,,,,,,,,,
532,Senior Loan Fund LLC  (7),,Subordinated debt,,L + 8.00,,,8.44,,,05/2020,,,82114,,,,82114,,,,9.9,,,,81292,
533,Total controlled affiliate company debt investments,,,,,,,,,,,,,82114,,,,82114,,,,9.9,,,,81292,
534,Equity investments,,,,,,,,,,,,,,,,,,,,,,,,,,
535,Investment Funds and Vehicles,,,,,,,,,,,,,,,,,,,,,,,,,,
<<<<<<< HEAD
536,Senior Loan Fund LLC  (7),,LLC interest,,No Value,,,No Value,,,No Value,,,31339,,,,31339,,,,3.6,,,,29772,
=======
536,Senior Loan Fund LLC  (7),,LLC interest,,N/A,,,N/A,,,N/A,,,31339,,,,31339,,,,3.6,,,,29772,
>>>>>>> GSBD
537,Total controlled affiliate company equity investments,,,,,,,,,,,,,,,,,31339,,,,3.6,,,,29772,
538,Total controlled affiliate company investments,,,,,,,,,,,,,82114,,,,113453,,,,13.5,,,,111064,
539,Total investments,,,,,,,,,,,,,1549287,,,,1610427,,,,198.6,,,,1628509,
540,"Cash, Restricted Cash and Cash Equivalents",,,,,,,,,,,,,,,,,,,,,,,,,,
541,Cash and Restricted Cash,,,,,,,,,,,,,,,,,12793,,,,1.6,,,,12793,
542,BlackRock Liquidity Funds T-Fund Institutional Shares (CUSIP 09248U718),,,,,,,,,,,,,,,,,2698,,,,0.3,,,,2698,
543,BNY Mellon US Dollar Liquidity Fund Institutional Shares (CUSIP G1206E235),,,,,,,,,,,,,,,,,21935,,,,2.7,,,,21935,
544,US Bank Money Market Account (CUSIP 8AMMF0176),,,,,,,,,,,,,,,,,3027,,,,0.4,,,,3027,
545,US Bank Money Market Account (CUSIP 9AMMF05B2),,,,,,,,,,,,,,,,,21441,,,,2.6,,,,21441,
546,"Total Cash, Restricted Cash and Cash Equivalents",,,,,,,,,,,,,,,,,61894,,,,7.6,,,,61894,
547,"Total Investments and Cash, Restricted Cash and Cash Equivalents",,,,,,,,,,,,,,,,,1672321,,,,206.2,,,,1690403,
548,*,,Denotes that all or a portion of the loan secures the notes offered in the 2010 Debt Securitization (as defined in Note 7).,,,,,,,,,,,,,,,,,,,,,,,,
549,^,,Denotes that all or a portion of the loan secures the notes offered in the 2014 Debt Securitization (as defined in Note 7).,,,,,,,,,,,,,,,,,,,,,,,,
550,#,,Denotes that all or a portion of the loan collateralizes the Credit Facility (as defined in Note 7).,,,,,,,,,,,,,,,,,,,,,,,,
551,(1),,"The majority of the investments bear interest at a rate that may be determined by reference to London Interbank Offered Rate (""LIBOR"" or ""L"") or Prime (""P"") and which reset daily, quarterly or semiannually. For each, the Company has provided the spread over LIBOR or Prime and the weighted average current interest rate in effect at June 30, 2016. Certain investments are subject to a LIBOR or Prime interest rate floor. For fixed rate loans, a spread above a reference rate is not applicable.",,,,,,,,,,,,,,,,,,,,,,,,
552,(2),,"For portfolio companies with multiple interest rate contracts, the interest rate shown is a weighted average current interest rate in effect at June 30, 2016.",,,,,,,,,,,,,,,,,,,,,,,,
553,(3),,The total principal amount is presented for debt investments while the number of shares or units owned is presented for equity investments.,,,,,,,,,,,,,,,,,,,,,,,,
554,(4),,The negative fair value is the result of the capitalized discount on the loan or the unfunded commitment being valued below par. The negative amortized cost is the result of the capitalized discount being greater than the principal amount outstanding on the loan.,,,,,,,,,,,,,,,,,,,,,,,,
555,(5),,"The entire commitment was unfunded at June 30, 2016. As such, no interest is being earned on this investment.",,,,,,,,,,,,,,,,,,,,,,,,
556,(6),,"Loan was on non-accrual status as of June 30, 2016, meaning that the Company has ceased recognizing interest income on the loan.",,,,,,,,,,,,,,,,,,,,,,,,
557,(7),,"The investment is treated as a non-qualifying asset under Section 55(a) of the Investment Company Act of 1940, as amended (the 1940 Act). Under the 1940 Act, the Company may not acquire any non-qualifying asset unless, at the time the acquisition is made, qualifying assets represent at least 70 of the Company's total assets.",,,,,,,,,,,,,,,,,,,,,,,,
558,(8),,The headquarters of this portfolio company is located in Canada.,,,,,,,,,,,,,,,,,,,,,,,,
559,(9),,"The sale of a portion of this loan does not qualify for sale accounting under ASC Topic 860 - Transfers and Servicing, and therefore, the entire one stop loan asset remains in the Consolidated Schedule of Investments. (See Note 7 in the accompanying notes to the consolidated financial statements.)",,,,,,,,,,,,,,,,,,,,,,,,
560,(10),,Non-income producing securities.,,,,,,,,,,,,,,,,,,,,,,,,
561,(11),,Ownership of certain equity investments may occur through a holding company or partnership.,,,,,,,,,,,,,,,,,,,,,,,,
562,(12),,"As defined in the 1940 Act, the Company is deemed to be an ""Affiliated Person"" of the company as the Company along with affiliated entities owns five percent or more of the portfolio company's securities.",,,,,,,,,,,,,,,,,,,,,,,,
563,(13),,"As defined in the 1940 Act, the Company is deemed to be both an ""Affiliated Person"" of and ""Control"" this portfolio company as the Company owns more than 25 of the portfolio company's outstanding voting securities or has the power to exercise control over management or policies of such portfolio company (including through a management agreement). See Note 5 in the accompanying notes to the consolidated financial statements for transactions during the three months ended June 30, 2016 in which the issuer was both an Affiliated Person and a portfolio company that the Company is deemed to Control.",,,,,,,,,,,,,,,,,,,,,,,,
