,0,1,2,3,4,5,6,7,8,9,10,11,12,13,14,15
0,Investment  (1)(4),Industry,Interest  Rate  (2),Reference Rate  and Spread  (2),Maturity,,Par  (3),,Cost,,Fair  Value,,Footnotes,,,
1,1st Lien/Senior Secured Debt -  198.65  %,,,,,,,,,,,,,,,
2,1272775 B.C. LTD. (dba Everest Clinical Research),Professional Services,11.05  %,S +  6.00  %,11/06/26,$,,9218.0,,$,9128,,$,9103,,(5) (6) (7)
3,1272775 B.C. LTD. (dba Everest Clinical Research),Professional Services,12.61  %,P +  6.00  %,11/06/26,,,919.0,,,873,,,871,,(5) (6) (7) (8)
4,1272775 B.C. LTD. (dba Everest Clinical Research),Professional Services,11.45  %,CDN P +  4.75  %,11/06/26,CAD,,454.0,,,339,,,331,,(5) (6) (7)
5,"3SI Security Systems, Inc.",Commercial Services & Supplies,11.50  %,L +  6.50  %,12/16/24,,,13250.0,,,13134,,,11925,,(7)
6,"3SI Security Systems, Inc.",Commercial Services & Supplies,11.50  %,L +  6.50  %,12/16/24,,,2018.0,,,1962,,,1816,,(7)
7,"A Place For Mom, Inc.",Diversified Consumer Services,9.34  %,L +  4.50  %,02/10/26,,,7301.0,,,7284,,,6571,,
8,"Abacus Data Holdings, Inc. (dba Clutch Intermediate Holdings)",Software,10.95  %,L +  6.25  %,03/10/27,,,16182.0,,,15895,,,15858,,(6) (7)
9,"Abacus Data Holdings, Inc. (dba Clutch Intermediate Holdings)",Software,10.95  %,L +  6.25  %,03/10/27,,,1693.0,,,1679,,,1659,,(6) (7)
10,"Abacus Data Holdings, Inc. (dba Clutch Intermediate Holdings)",Software,10.95  %,L +  6.25  %,03/10/27,,,1220.0,,,589,,,586,,(6) (7) (8)
11,"Acquia, Inc.",Software,11.79  %,L +  7.00  %,10/31/25,,,42164.0,,,41023,,,41216,,(6) (7)
12,"Acquia, Inc.",Software,12.16  %,L +  7.00  %,10/31/25,,,3268.0,,,3220,,,3195,,(6) (7)
13,"Admiral Buyer, Inc. (dba Fidelity Payment Services)",Diversified Financial Services,10.40  %,S +  5.50  %,05/08/28,,,26328.0,,,25864,,,25801,,(6) (7)
14,"Admiral Buyer, Inc. (dba Fidelity Payment Services)",Diversified Financial Services,,S +  5.50  %,05/08/28,,,2530.0,,,(  43,),,(  51,),(6) (7) (8)
15,"Admiral Buyer, Inc. (dba Fidelity Payment Services)",Diversified Financial Services,,S +  5.50  %,05/08/28,,,7120.0,,,(  61,),,(  142,),(6) (7) (8)
16,"Ansira Partners, Inc.",Professional Services,,L +  6.50  % PIK,12/20/24,,,5712.0,,,5276,,,1628,,(7) (9)
17,"Ansira Partners, Inc.",Professional Services,,L +  6.50  % PIK,12/20/24,,,347.0,,,325,,,99,,(7) (9)
18,"Ansira Partners, Inc.",Professional Services,14.91  %,S +  10.00  % (incl.  8.00  %PIK),12/20/24,,,158.0,,,34,,,32,,(6) (7) (8) (10)
19,"Apptio, Inc.",IT Services,9.81  %,S +  5.00  %,01/10/25,,,79154.0,,,77532,,,78362,,(6) (7)
20,"Apptio, Inc.",IT Services,9.80  %,S +  5.00  %,01/10/25,,,5385.0,,,4811,,,4792,,(6) (7) (8)
21,"AQ Helios Buyer, Inc. (dba SurePoint)",Software,11.96  %,S +  7.00  %,07/01/26,,,39210.0,,,38644,,,38034,,(6) (7)
22,"AQ Helios Buyer, Inc. (dba SurePoint)",Software,13.02  %,S +  8.00  %,07/01/26,,,6600.0,,,3664,,,3648,,(6) (7) (8)
23,"AQ Helios Buyer, Inc. (dba SurePoint)",Software,12.71  %,S +  8.00  %,07/01/26,,,2339.0,,,2339,,,2333,,(6) (7)
24,"AQ Helios Buyer, Inc. (dba SurePoint)",Software,,S +  7.00  %,07/01/26,,,4570.0,,,(  60,),,(  137,),(6) (7) (8)
25,"Argos Health Holdings, Inc",Health Care Providers & Services,10.33  %,S +  5.50  %,12/03/27,,,21725.0,,,21371,,,21073,,(6) (7)
26,"Aria Systems, Inc.",Diversified Financial Services,11.92  %,S +  7.00  %,06/30/26,,,27033.0,,,26697,,,26154,,(6) (7)
27,Assembly Intermediate LLC,Diversified Consumer Services,11.66  %,L +  6.50  %,10/19/27,,,43991.0,,,43284,,,43331,,(6) (7)
28,Assembly Intermediate LLC,Diversified Consumer Services,11.66  %,L +  6.50  %,10/19/27,,,10998.0,,,6020,,,5994,,(6) (7) (8)
29,Assembly Intermediate LLC,Diversified Consumer Services,11.66  %,L +  6.50  %,10/19/27,,,4399.0,,,1692,,,1694,,(6) (7) (8)
30,ATX Networks Corp.,Communications Equipment,12.64  %,L +  7.50  %,09/01/26,,,3811.0,,,3811,,,3697,,(5) (7) (11)
31,"Badger Sportswear, Inc.","Textiles, Apparel & Luxury Goods",9.38  %,L +  4.50  %,12/24/23,,,7004.0,,,6981,,,6829,,
32,Bigchange Group Limited,Software,10.05  %,SN +  6.00  %,12/23/26,GBP,,11990.0,,,15834,,,14458,,(5) (6) (7)
33,Bigchange Group Limited,Software,9.93  %,SN +  6.00  %,12/23/26,GBP,,1740.0,,,1477,,,1446,,(5) (6) (7) (8)
34,Bigchange Group Limited,Software,,SN +  6.00  %,12/23/26,GBP,,2400.0,,,(  50,),,(  67,),(5) (6) (7) (8)
35,"Broadway Technology, LLC",Diversified Financial Services,11.66  %,S +  6.50  %,01/08/26,,,25578.0,,,25242,,,25322,,(6) (7)
36,"Broadway Technology, LLC",Diversified Financial Services,,S +  6.50  %,01/08/26,,,1090.0,,,(  16,),,(  11,),(6) (7) (8)
37,"BSI3 Menu Buyer, Inc (dba Kydia)",Diversified Financial Services,10.92  %,S +  6.00  %,01/25/28,,,962.0,,,948,,,914,,(6) (7)
38,"BSI3 Menu Buyer, Inc (dba Kydia)",Diversified Financial Services,,S +  6.00  %,01/25/28,,,38.0,,,(  1,),,(  2,),(6) (7) (8)
39,"Bullhorn, Inc.",Professional Services,10.91  %,L +  5.75  %,09/30/26,,,26223.0,,,25458,,,25830,,(6) (7)
40,"Bullhorn, Inc.",Professional Services,10.91  %,L +  5.75  %,09/30/26,,,4669.0,,,4652,,,4599,,(6) (7)
41,"Bullhorn, Inc.",Professional Services,10.91  %,L +  5.75  %,09/30/26,,,1214.0,,,1201,,,1195,,(6) (7)
42,"Bullhorn, Inc.",Professional Services,10.91  %,L +  5.75  %,09/30/26,,,544.0,,,528,,,536,,(6) (7)
43,"Bullhorn, Inc.",Professional Services,10.91  %,L +  5.75  %,09/30/26,,,433.0,,,421,,,427,,(6) (7)
44,"Bullhorn, Inc.",Professional Services,,L +  5.75  %,09/30/26,,,1344.0,,,(  13,),,(  20,),(6) (7) (8)
45,"Businessolver.com, Inc.",Health Care Technology,10.66  %,L +  5.50  %,12/01/27,,,18482.0,,,18331,,,18298,,(6) (7)
46,"Businessolver.com, Inc.",Health Care Technology,9.88  %,L +  5.50  %,12/01/27,,,5024.0,,,407,,,378,,(6) (7) (8)
47,Capitol Imaging Acquisition Corp.,Health Care Providers & Services,11.38  %,S +  6.50  %,10/01/26,,,17791.0,,,17530,,,17257,,(6)
48,Capitol Imaging Acquisition Corp.,Health Care Providers & Services,11.38  %,S +  6.50  %,10/01/26,,,796.0,,,773,,,772,,(6)
49,Capitol Imaging Acquisition Corp.,Health Care Providers & Services,,P +  5.50  %,10/01/25,,,180.0,,,(  2,),,(  5,),(6) (8)
50,"CFS Management, LLC (dba Center for Sight Management)",Health Care Providers & Services,12.16  %,S +  7.00  % (incl.  0.75  % PIK),07/01/24,,,19334.0,,,19056,,,17884,,(6) (7)
51,"CFS Management, LLC (dba Center for Sight Management)",Health Care Providers & Services,12.16  %,S +  7.00  % (incl.  0.75  % PIK),07/01/24,,,3355.0,,,3287,,,3104,,(6) (7)
52,Investment  (1)(4),Industry,Interest  Rate  (2),Reference Rate  and Spread  (2),Maturity,,Par  (3),,Cost,,Fair  Value,,Footnotes,,,
53,"CFS Management, LLC (dba Center for Sight Management)",Health Care Providers & Services,12.16  %,S +  7.00  % (incl.  0.75  % PIK),07/01/24,$,,1976.0,,$,1965,,$,1828,,(6) (7)
54,"Checkmate Finance Merger Sub, LLC",Entertainment,11.66  %,L +  6.50  %,12/31/27,,,31101.0,,,30583,,,30168,,(6) (7)
55,"Checkmate Finance Merger Sub, LLC",Entertainment,,L +  6.50  %,12/31/27,,,3140.0,,,(  50,),,(  94,),(6) (7) (8)
56,Chronicle Bidco Inc. (dba Lexitas),Professional Services,11.61  %,S +  6.75  %,05/18/29,,,45852.0,,,44226,,,44477,,(6) (7)
57,Chronicle Bidco Inc. (dba Lexitas),Professional Services,11.61  %,S +  6.75  %,05/18/29,,,4753.0,,,379,,,333,,(6) (7) (8)
58,CivicPlus LLC,Software,11.70  %,L +  6.75  % (incl.  2.50  % PIK),08/24/27,,,6366.0,,,6255,,,6207,,(6) (7)
59,CivicPlus LLC,Software,11.70  %,L +  6.75  % (incl.  2.50  % PIK),08/24/27,,,6313.0,,,6204,,,6155,,(6) (7)
60,CivicPlus LLC,Software,11.70  %,L +  6.75  % (incl.  2.50  % PIK),08/24/27,,,2991.0,,,2936,,,2916,,(6) (7)
61,CivicPlus LLC,Software,,L +  6.75  % (incl.  2.50  % PIK),08/24/27,,,1217.0,,,(  21,),,(  30,),(6) (7) (8)
62,Clearcourse Partnership Acquireco Finance Limited,IT Services,12.18  %,SN +  8.25  % (incl.  0.75  % PIK),07/25/28,GBP,,13268.0,,,15633,,,15958,,(5) (6) (7)
63,Clearcourse Partnership Acquireco Finance Limited,IT Services,11.43  %,SN +  7.50  %,07/25/28,GBP,,11550.0,,,6095,,,6135,,(5) (6) (7) (8)
64,"CloudBees, Inc.",Software,11.84  %,L +  7.00  % (incl.  2.50  % PIK),11/24/26,,,28920.0,,,27523,,,28414,,(6) (7)
65,"CloudBees, Inc.",Software,11.84  %,L +  7.00  % (incl.  2.50  % PIK),11/24/26,,,13096.0,,,11707,,,12129,,(6) (7) (8)
66,"Coding Solutions Acquisition, Inc.",Health Care Providers & Services,10.31  %,S +  5.50  %,05/11/28,,,14792.0,,,14526,,,14422,,(6) (7)
67,"Coding Solutions Acquisition, Inc.",Health Care Providers & Services,10.29  %,S +  5.50  %,05/11/28,,,2120.0,,,601,,,583,,(6) (7) (8)
68,"Coding Solutions Acquisition, Inc.",Health Care Providers & Services,,S +  5.50  %,05/11/28,,,4460.0,,,(  39,),,(  112,),(6) (7) (8)
69,"Computer Services, Inc.",Diversified Financial Services,11.66  %,S +  6.75  %,11/15/29,,,1000.0,,,971,,,970,,(6) (7)
70,CORA Health Holdings Corp,Health Care Providers & Services,10.70  %,L +  5.75  %,06/15/27,,,22378.0,,,22128,,,18798,,(6) (7)
71,CORA Health Holdings Corp,Health Care Providers & Services,10.72  %,L +  5.75  %,06/15/27,,,379.0,,,375,,,319,,(6) (7)
72,CorePower Yoga LLC,Diversified Consumer Services,12.16  %,L +  7.00  % (incl.  5.00  % PIK),05/14/25,,,26599.0,,,25041,,,21745,,(6) (7)
73,CorePower Yoga LLC,Diversified Consumer Services,,L +  7.00  % (incl.  5.00  % PIK),05/14/25,,,1687.0,,,(  90,),,(  308,),(6) (7) (8)
74,Coretrust Purchasing Group LLC,Diversified Financial Services,11.56  %,S +  6.75  %,10/01/29,,,773.0,,,750,,,749,,(6) (7)
75,Coretrust Purchasing Group LLC,Diversified Financial Services,,S +  6.75  %,10/01/29,,,113.0,,,(  3,),,(  3,),(6) (7) (8)
76,Coretrust Purchasing Group LLC,Diversified Financial Services,,S +  6.75  %,10/01/29,,,113.0,,,(  2,),,(  3,),(6) (7) (8)
77,CST Buyer Company (dba Intoxalock),Diversified Consumer Services,11.66  %,S +  6.75  %,11/01/28,,,912.0,,,886,,,884,,(6) (7)
78,CST Buyer Company (dba Intoxalock),Diversified Consumer Services,11.66  %,S +  6.75  %,11/01/28,,,86.0,,,6,,,6,,(6) (7) (8)
79,DECA Dental Holdings LLC,Health Care Providers & Services,10.91  %,L +  5.75  %,08/28/28,,,21344.0,,,20996,,,20277,,(6) (7)
80,DECA Dental Holdings LLC,Health Care Providers & Services,10.91  %,L +  5.75  %,08/28/28,,,7379.0,,,2170,,,1878,,(6) (7) (8)
81,DECA Dental Holdings LLC,Health Care Providers & Services,10.91  %,L +  5.75  %,08/26/27,,,1711.0,,,1571,,,1511,,(6) (7) (8)
82,Diligent Corporation,Professional Services,9.15  %,E +  6.25  %,08/04/25,€,,37579.0,,,42818,,,40652,,(6) (7)
83,Diligent Corporation,Professional Services,11.09  %,L +  6.25  %,08/04/25,,,24289.0,,,23648,,,24229,,(6) (7)
84,Diligent Corporation,Professional Services,11.08  %,L +  6.25  %,08/04/25,,,3100.0,,,895,,,922,,(6) (7) (8)
85,"Elemica Parent, Inc.",Chemicals,11.00  %,L +  6.00  %,09/18/25,,,6930.0,,,6630,,,6652,,(6) (7)
86,"Elemica Parent, Inc.",Chemicals,11.08  %,S +  6.00  %,09/18/25,,,1478.0,,,1452,,,1419,,(6) (7)
87,"Elemica Parent, Inc.",Chemicals,11.18  %,S +  6.00  %,09/18/25,,,1359.0,,,1315,,,1304,,(6) (7)
88,"Elemica Parent, Inc.",Chemicals,10.86  %,S +  6.00  %,09/18/25,,,930.0,,,742,,,730,,(6) (7) (8)
89,"Elemica Parent, Inc.",Chemicals,11.18  %,S +  6.00  %,09/18/25,,,553.0,,,544,,,531,,(6) (7)
90,"Eptam Plastics, Ltd.",Health Care Equipment & Supplies,10.16  %,S +  5.25  %,12/06/25,,,10343.0,,,10039,,,10006,,(6) (7)
91,"Eptam Plastics, Ltd.",Health Care Equipment & Supplies,10.64  %,S +  5.75  %,12/06/25,,,5668.0,,,5572,,,5555,,(6) (7)
92,"Eptam Plastics, Ltd.",Health Care Equipment & Supplies,10.16  %,S +  5.25  %,12/06/25,,,4866.0,,,4812,,,4708,,(6) (7)
93,"Eptam Plastics, Ltd.",Health Care Equipment & Supplies,10.16  %,S +  5.25  %,12/06/25,,,4458.0,,,4390,,,4313,,(6) (7)
94,"Eptam Plastics, Ltd.",Health Care Equipment & Supplies,10.12  %,S +  5.25  %,12/06/25,,,2269.0,,,1071,,,1061,,(6) (7) (8)
95,"ESO Solutions, Inc",Health Care Technology,11.90  %,S +  7.00  %,05/03/27,,,39908.0,,,39316,,,39309,,(6) (7)
96,"ESO Solutions, Inc",Health Care Technology,,S +  7.00  %,05/03/27,,,3620.0,,,(  50,),,(  54,),(6) (7) (8)
97,Everest Clinical Research Corporation,Professional Services,11.05  %,S +  6.00  %,11/06/26,,,5786.0,,,5678,,,5713,,(5) (6) (7)
98,"Experity, Inc.",Health Care Technology,10.75  %,S +  5.75  %,02/24/28,,,907.0,,,904,,,885,,(6) (7)
99,"Experity, Inc.",Health Care Technology,,S +  5.75  %,02/24/28,,,81.0,,,—,,,(  2,),(6) (7) (8)
100,Frontgrade Technologies Holdings Inc.,Aerospace & Defense,11.65  %,S +  6.75  %,01/09/30,,,979.0,,,951,,,950,,(6)
101,Frontgrade Technologies Holdings Inc.,Aerospace & Defense,,S +  6.75  %,01/09/28,,,101.0,,,(  3,),,(  3,),(6) (8)
102,Fullsteam Operations LLC,Diversified Financial Services,12.69  %,L +  7.50  % (Incl.  3.00  % PIK),10/04/27,,,60689.0,,,59464,,,59172,,(6) (7)
103,Investment  (1)(4),Industry,Interest  Rate  (2),Reference Rate  and Spread  (2),Maturity,,Par  (3),,Cost,,Fair  Value,,Footnotes,,,
104,Fullsteam Operations LLC,Diversified Financial Services,12.69  %,L +  7.50  % (Incl.  3.00  % PIK),10/04/27,$,,23495.0,,$,23000,,$,22908,,(6) (7)
105,Fullsteam Operations LLC,Diversified Financial Services,12.66  %,L +  7.50  % (Incl.  3.00  % PIK),10/04/27,,,3380.0,,,1106,,,1094,,(6) (7) (8)
106,Fullsteam Operations LLC,Diversified Financial Services,12.66  %,L +  7.50  % (Incl.  3.00  % PIK),10/04/27,,,440.0,,,24,,,21,,(6) (7) (8)
107,"Gainsight, Inc.",Software,11.58  %,L +  6.75  % PIK,07/30/27,,,45952.0,,,45395,,,44229,,(6) (7)
108,"Gainsight, Inc.",Software,,L +  5.75  %,07/30/27,,,5320.0,,,(  68,),,(  200,),(6) (7) (8)
109,GHA Buyer Inc. (dba Cedar Gate),Health Care Technology,13.30  %,S +  8.25  % (incl.  3.75  % PIK),06/24/26,,,14937.0,,,14750,,,14041,,(6) (7)
110,GHA Buyer Inc. (dba Cedar Gate),Health Care Technology,13.30  %,S +  8.25  % (incl.  3.75  % PIK),06/24/26,,,2621.0,,,2593,,,2464,,(6) (7)
111,GHA Buyer Inc. (dba Cedar Gate),Health Care Technology,13.30  %,S +  8.25  % (incl.  3.75  % PIK),06/24/26,,,977.0,,,963,,,918,,(6) (7)
112,GHA Buyer Inc. (dba Cedar Gate),Health Care Technology,,S +  8.25  % (incl.  3.75  % PIK),06/24/26,,,1880.0,,,(  23,),,(  113,),(6) (7) (8)
113,"GovDelivery Holdings, LLC (dba Granicus, Inc.)",Software,11.84  %,L +  7.00  % (incl.  1.50  % PIK),01/29/27,,,29142.0,,,28633,,,27685,,(6)
114,"GovDelivery Holdings, LLC (dba Granicus, Inc.)",Software,10.84  %,L +  6.00  %,01/29/27,,,3771.0,,,3714,,,3583,,(6)
115,"GovDelivery Holdings, LLC (dba Granicus, Inc.)",Software,11.27  %,L +  6.50  %,01/29/27,,,2583.0,,,1332,,,1228,,(6) (8)
116,"Governmentjobs.com, Inc. (dba NeoGov)",Software,10.41  %,S +  5.50  %,12/01/28,,,41963.0,,,41874,,,41229,,(6) (7)
117,"Governmentjobs.com, Inc. (dba NeoGov)",Software,,S +  5.50  %,12/02/27,,,4710.0,,,(  9,),,(  82,),(6) (7) (8)
118,"Governmentjobs.com, Inc. (dba NeoGov)",Software,,S +  5.50  %,12/01/28,,,14718.0,,,(  15,),,(  258,),(6) (7) (8)
119,"GS AcquisitionCo, Inc. (dba Insightsoftware)",Diversified Financial Services,10.80  %,S +  5.75  %,05/22/26,,,24503.0,,,24293,,,23584,,(6)
120,"GS AcquisitionCo, Inc. (dba Insightsoftware)",Diversified Financial Services,,S +  5.75  %,05/22/26,,,982.0,,,(  9,),,(  37,),(6) (8)
121,"Halo Branded Solutions, Inc.",Commercial Services & Supplies,9.41  %,L +  4.50  %,06/30/25,,,6274.0,,,6250,,,5580,,
122,"HealthEdge Software, Inc.",Health Care Technology,11.94  %,L +  7.00  %,04/09/26,,,35400.0,,,34876,,,34603,,(6) (7)
123,"HealthEdge Software, Inc.",Health Care Technology,11.94  %,L +  7.00  %,04/09/26,,,3299.0,,,3299,,,3224,,(6) (7)
124,"HealthEdge Software, Inc.",Health Care Technology,14.00  %,P +  6.00  %,04/09/26,,,3800.0,,,1213,,,1181,,(6) (7) (8)
125,"HealthEdge Software, Inc.",Health Care Technology,,L +  7.00  %,04/09/26,,,9500.0,,,(  67,),,(  214,),(6) (7) (8)
126,"Helios Buyer, Inc. (dba Heartland)",Diversified Consumer Services,10.83  %,L +  6.00  %,12/15/26,,,18939.0,,,18713,,,18560,,(6) (7)
127,"Helios Buyer, Inc. (dba Heartland)",Diversified Consumer Services,10.83  %,L +  6.00  %,12/15/26,,,14811.0,,,14700,,,14515,,(6) (7)
128,"Helios Buyer, Inc. (dba Heartland)",Diversified Consumer Services,10.83  %,L +  6.00  %,12/15/26,,,7804.0,,,7690,,,7648,,(6) (7)
129,"Helios Buyer, Inc. (dba Heartland)",Diversified Consumer Services,,L +  6.00  %,12/15/26,,,2363.0,,,(  30,),,(  47,),(6) (7) (8)
130,"Hollander Intermediate LLC (dba Bedding Acquisition, LLC",Household Products,13.67  %,S +  8.75  %,09/21/26,,,39302.0,,,38352,,,35863,,(6) (7)
131,"Honor HN Buyer, Inc",Health Care Providers & Services,10.80  %,S +  5.75  %,10/15/27,,,24052.0,,,23667,,,23511,,(6) (7)
132,"Honor HN Buyer, Inc",Health Care Providers & Services,10.80  %,S +  5.75  %,10/15/27,,,15208.0,,,6833,,,6668,,(6) (7) (8)
133,"Honor HN Buyer, Inc",Health Care Providers & Services,,S +  5.75  %,10/15/27,,,2802.0,,,(  43,),,(  63,),(6) (7) (8)
134,"Honor HN Buyer, Inc",Health Care Providers & Services,,S +  5.75  %,10/15/27,,,10000.0,,,(  89,),,(  225,),(6) (7) (8)
135,HowlCO LLC (dba Lone Wolf),Real Estate Mgmt. & Development,10.87  %,L +  6.00  %,10/23/26,,,34868.0,,,34476,,,33125,,(5) (6) (7)
136,HowlCO LLC (dba Lone Wolf),Real Estate Mgmt. & Development,10.92  %,L +  6.00  %,10/23/26,,,11284.0,,,11202,,,10720,,(5) (6) (7)
137,HowlCO LLC (dba Lone Wolf),Real Estate Mgmt. & Development,10.99  %,L +  6.00  %,10/23/26,,,10696.0,,,10620,,,10161,,(5) (6) (7)
138,"HS4 AcquisitionCo, Inc. (dba HotSchedules & Fourth)","Hotels, Restaurants & Leisure",11.59  %,L +  6.75  %,07/09/25,,,56649.0,,,54315,,,54950,,(6) (7)
139,"HS4 AcquisitionCo, Inc. (dba HotSchedules & Fourth)","Hotels, Restaurants & Leisure",11.59  %,L +  6.75  %,07/09/25,,,4688.0,,,2572,,,2543,,(6) (7) (8)
140,HumanState Limited (dba PayProp),Diversified Consumer Services,10.08  %,SN +  6.00  %,11/23/28,GBP,,17000.0,,,20217,,,20657,,(5) (6) (7)
141,HumanState Limited (dba PayProp),Diversified Consumer Services,,SN +  6.00  %,11/23/28,GBP,,2600.0,,,(  14,),,(  48,),(5) (6) (7) (8)
142,HumanState Limited (dba PayProp),Diversified Consumer Services,,SN +  6.00  %,11/23/28,GBP,,7270.0,,,1,,,(  135,),(5) (6) (7) (8)
143,"iCIMS, Inc.",Professional Services,12.06  %,S +  7.25  % (incl.  3.88  %PIK),08/18/28,,,44541.0,,,43832,,,42871,,(6) (7)
144,"iCIMS, Inc.",Professional Services,,S +  7.25  % (incl.  3.88  %PIK),08/18/28,,,4199.0,,,(  66,),,(  157,),(6) (7) (8)
145,"iCIMS, Inc.",Professional Services,,S +  7.25  % (incl.  3.88  %PIK),08/18/28,,,11260.0,,,—,,,(  422,),(6) (7) (8)
146,"Intelligent Medical Objects, Inc.",Health Care Technology,10.62  %,S +  6.00  %,05/11/29,,,12462.0,,,12237,,,12213,,(6) (7)
147,"Intelligent Medical Objects, Inc.",Health Care Technology,10.74  %,S +  6.00  %,05/11/28,,,1490.0,,,555,,,551,,(6) (7) (8)
148,"Intelligent Medical Objects, Inc.",Health Care Technology,,S +  6.00  %,05/11/29,,,2985.0,,,(  26,),,(  60,),(6) (7) (8)
149,"Internet Truckstop Group, LLC (dba Truckstop)",Transportation Infrastructure,10.16  %,L +  5.00  %,04/02/25,,,50650.0,,,49361,,,50017,,(6) (7)
150,"Internet Truckstop Group, LLC (dba Truckstop)",Transportation Infrastructure,,L +  5.00  %,04/02/25,,,4400.0,,,(  44,),,(  55,),(6) (7) (8)
151,"Iracore International Holdings, Inc.",Energy Equipment & Services,14.25  %,L +  9.00  %,04/12/24,,,2361.0,,,2361,,,2337,,(7) (11)
152,"iWave Information Systems, Inc.",Software,11.80  %,S +  6.75  %,11/23/28,,,889.0,,,868,,,867,,(5) (6) (7)
153,"iWave Information Systems, Inc.",Software,,S +  6.75  %,11/23/28,,,109.0,,,(  3,),,(  3,),(5) (6) (7) (8)
154,Investment  (1)(4),Industry,Interest  Rate  (2),Reference Rate  and Spread  (2),Maturity,Par  (3),,Cost,,Fair  Value,,Footnotes,,,,
155,Jill Acquisition LLC (dba J. Jill),Specialty Retail,9.83  %,L +  5.00  %,05/08/24,$,5766.0,,$,5647,,$,5477,,,
156,Kaseya Inc.,IT Services,10.65  %,S +  5.75  %,06/25/29,,18500.0,,,18245,,,18222,,(6) (7),
157,Kaseya Inc.,IT Services,,S +  5.75  %,06/25/29,,1100.0,,,(  7,),,(  17,),(6) (7) (8),
158,Kaseya Inc.,IT Services,,S +  5.75  %,06/25/29,,1100.0,,,(  15,),,(  17,),(6) (7) (8),
159,Kawa Solar Holdings Limited,Construction & Engineering,,,12/31/23,,3917.0,,,3603,,,1283,,(5) (7) (11) (12),
160,Kawa Solar Holdings Limited,Construction & Engineering,,,12/31/23,,3318.0,,,800,,,—,,(5) (7) (11) (12),
161,"LCG Vardiman Black, LLC (dba Specialty Dental Brands)",Health Care Providers & Services,11.77  %,S +  7.00  %,03/18/27,,996.0,,,934,,,933,,(6) (7) (8),
162,"Lithium Technologies, Inc.",Interactive Media & Services,12.67  %,S +  8.00  %,01/03/24,,89013.0,,,88597,,,86343,,(6) (7),
163,"Lithium Technologies, Inc.",Interactive Media & Services,12.67  %,S +  8.00  %,01/03/24,,5110.0,,,2029,,,1891,,(6) (7) (8),
164,"LS Clinical Services Holdings, Inc (dba CATO)",Pharmaceuticals,11.70  %,L +  6.75  %,12/16/27,,15204.0,,,14890,,,14786,,(6) (7),
165,"LS Clinical Services Holdings, Inc (dba CATO)",Pharmaceuticals,11.64  %,L +  6.75  %,12/16/26,,2200.0,,,2158,,,2139,,(6) (7),
166,"MedeAnalytics, Inc.",Health Care Technology,,S +  8.00  % (incl.  1.50  % PIK),10/09/26,,1020.0,,,953,,,142,,(6) (7) (9),
167,"MerchantWise Solutions, LLC (dba HungerRush)",Diversified Financial Services,11.16  %,S +  6.00  %,06/01/28,,21582.0,,,21198,,,20503,,(6) (7),
168,"MerchantWise Solutions, LLC (dba HungerRush)",Diversified Financial Services,10.71  %,S +  6.00  %,06/01/28,,5426.0,,,3532,,,3357,,(6) (7) (8),
169,"MerchantWise Solutions, LLC (dba HungerRush)",Diversified Financial Services,,S +  6.00  %,06/01/28,,2718.0,,,(  47,),,(  136,),(6) (7) (8),
170,"Millstone Medical Outsourcing, LLC",Health Care Providers & Services,10.62  %,S +  5.75  %,12/15/27,,10219.0,,,10051,,,10014,,(6) (7),
171,"Millstone Medical Outsourcing, LLC",Health Care Providers & Services,13.00  %,P +  5.00  %,12/15/27,,2217.0,,,408,,,399,,(6) (7) (8),
172,MRI Software LLC,Real Estate Mgmt. & Development,10.66  %,L +  5.50  %,02/10/26,,23159.0,,,22418,,,22103,,,
173,MRI Software LLC,Real Estate Mgmt. & Development,10.66  %,L +  5.50  %,02/10/26,,6519.0,,,6497,,,6222,,,
174,MRI Software LLC,Real Estate Mgmt. & Development,,L +  5.50  %,02/10/26,,1612.0,,,(  22,),,(  74,),(8),
175,"NFM & J, L.P. (dba the Facilities Group)",Professional Services,10.70  %,L +  5.75  %,11/30/27,,17037.0,,,16760,,,16526,,(6) (7),
176,"NFM & J, L.P. (dba the Facilities Group)",Professional Services,10.61  %,L +  5.75  %,11/30/27,,17304.0,,,14899,,,14650,,(6) (7) (8),
177,"NFM & J, L.P. (dba the Facilities Group)",Professional Services,,P +  4.75  %,11/30/27,,2992.0,,,(  47,),,(  90,),(6) (7) (8),
178,One GI LLC,Health Care Providers & Services,11.66  %,L +  6.75  %,12/22/25,,22587.0,,,22313,,,21231,,(6) (7),
179,One GI LLC,Health Care Providers & Services,11.66  %,L +  6.75  %,12/22/25,,12056.0,,,11883,,,11332,,(6) (7),
180,One GI LLC,Health Care Providers & Services,11.66  %,L +  6.75  %,12/22/25,,9286.0,,,9175,,,8729,,(6) (7),
181,One GI LLC,Health Care Providers & Services,11.59  %,L +  6.75  %,12/22/25,,6659.0,,,6508,,,6215,,(6) (7) (8),
182,One GI LLC,Health Care Providers & Services,11.63  %,S +  6.75  %,12/22/25,,3610.0,,,3567,,,3393,,(6) (7),
183,"Output Services Group, Inc.",Diversified Consumer Services,11.79  %,S +  6.75  % (incl.  1.50  % PIK),06/29/26,,3860.0,,,3852,,,1969,,,
184,"PDDS Holdco, Inc. (dba Planet DDS)",Health Care Technology,12.54  %,S +  7.50  %,07/18/28,,24090.0,,,23650,,,23608,,(6) (7),
185,"PDDS Holdco, Inc. (dba Planet DDS)",Health Care Technology,12.54  %,S +  7.50  %,07/18/28,,2255.0,,,2234,,,2210,,(6) (7),
186,"PDDS Holdco, Inc. (dba Planet DDS)",Health Care Technology,12.53  %,S +  7.50  %,07/18/28,,2805.0,,,1297,,,1241,,(6) (7) (8),
187,"PDDS Holdco, Inc. (dba Planet DDS)",Health Care Technology,,S +  7.50  %,07/18/28,,1815.0,,,(  32,),,(  36,),(6) (7) (8),
188,"PDDS Holdco, Inc. (dba Planet DDS)",Health Care Technology,,S +  7.50  %,07/18/28,,2805.0,,,(  25,),,(  56,),(6) (7) (8),
189,Picture Head Midco LLC,Entertainment,11.69  %,S +  6.75  %,08/31/23,,45192.0,,,44542,,,44401,,(6) (7),
190,"Pioneer Buyer I, LLC",Software,11.90  %,S +  7.00  % PIK,11/01/28,,27036.0,,,26644,,,26495,,(6) (7),
191,"Pioneer Buyer I, LLC",Software,,L +  7.00  %,11/01/27,,4300.0,,,(  66,),,(  86,),(6) (7) (8),
192,"PlanSource Holdings, Inc.",Health Care Technology,11.36  %,L +  6.25  %,04/22/25,,56720.0,,,55027,,,56011,,(6) (7),
193,"PlanSource Holdings, Inc.",Health Care Technology,11.36  %,L +  6.25  %,04/22/25,,905.0,,,896,,,893,,(6) (7),
194,"PlanSource Holdings, Inc.",Health Care Technology,11.36  %,L +  6.25  %,04/22/25,,905.0,,,896,,,893,,(6) (7),
195,"PlanSource Holdings, Inc.",Health Care Technology,,L +  6.25  %,04/22/25,,7824.0,,,(  110,),,(  98,),(6) (7) (8),
196,"Pluralsight, Inc",Professional Services,12.78  %,L +  8.00  %,04/06/27,,75915.0,,,74796,,,74207,,(6) (7),
197,"Pluralsight, Inc",Professional Services,12.78  %,L +  8.00  %,04/06/27,,5100.0,,,2479,,,2435,,(6) (7) (8),
198,"PPT Management Holdings, LLC.",Health Care Providers & Services,,L +  8.50  % (incl.  2.50  % PIK),05/01/23,,6588.0,,,5908,,,3837,,(7) (9),
199,"PPT Management Holdings, LLC.",Health Care Providers & Services,15.34  %,L +  10.50  % (incl.  4.50  % PIK),05/01/23,,124.0,,,27,,,27,,(7) (8),
200,"Premier Care Dental Management, LLC",Health Care Providers & Services,10.56  %,S +  5.75  %,08/05/28,,18588.0,,,18287,,,18031,,(6) (7),
201,"Premier Care Dental Management, LLC",Health Care Providers & Services,10.56  %,S +  5.75  %,08/05/28,,10085.0,,,9908,,,9782,,(6) (7),
202,"Premier Care Dental Management, LLC",Health Care Providers & Services,10.59  %,S +  5.75  %,08/05/27,,3052.0,,,1278,,,1231,,(6) (7) (8),
203,"Premier Imaging, LLC (dba Lucid Health)",Health Care Providers & Services,10.84  %,L +  6.00  %,01/02/25,,27277.0,,,26483,,,26596,,(6) (7),
204,"Premier Imaging, LLC (dba Lucid Health)",Health Care Providers & Services,10.84  %,L +  6.00  %,01/02/25,,7607.0,,,7539,,,7417,,(6) (7),
205,Investment  (1)(4),Industry,Interest  Rate  (2),Reference Rate  and Spread  (2),Maturity,Par  (3),,Cost,,Fair  Value,,Footnotes,,,,
206,"Premier Imaging, LLC (dba Lucid Health)",Health Care Providers & Services,10.84  %,L +  6.00  %,01/02/25,$,6078.0,,$,6022,,$,5926,,(6) (7),
207,"Premier Imaging, LLC (dba Lucid Health)",Health Care Providers & Services,10.84  %,L +  6.00  %,01/02/25,,5758.0,,,1596,,,1504,,(6) (7) (8),
208,"Project Eagle Holdings, LLC (dba Exostar)",Aerospace & Defense,11.10  %,L +  6.25  %,07/06/26,,35269.0,,,34753,,,34564,,(6) (7),
209,"Project Eagle Holdings, LLC (dba Exostar)",Aerospace & Defense,,L +  6.25  %,07/06/26,,75.0,,,(  1,),,(  2,),(6) (7) (8),
210,Prophix Software Inc. (dba Pound Bidco),Diversified Financial Services,11.20  %,L +  6.50  %,01/30/26,,18901.0,,,18668,,,18664,,(5) (6) (7),
211,Prophix Software Inc. (dba Pound Bidco),Diversified Financial Services,11.20  %,L +  6.50  %,01/30/26,,7752.0,,,7644,,,7655,,(5) (6) (7),
212,Prophix Software Inc. (dba Pound Bidco),Diversified Financial Services,,L +  6.50  %,01/30/26,,3445.0,,,(  39,),,(  43,),(5) (6) (7) (8),
213,"PT Intermediate Holdings III, LLC (dba Parts Town)",Trading Companies & Distributors,11.02  %,S +  5.98  %,11/01/28,,22732.0,,,22541,,,21823,,(6),
214,"PT Intermediate Holdings III, LLC (dba Parts Town)",Trading Companies & Distributors,11.02  %,S +  5.98  %,11/01/28,,2020.0,,,2002,,,1939,,(6),
215,"PT Intermediate Holdings III, LLC (dba Parts Town)",Trading Companies & Distributors,11.02  %,S +  5.98  %,11/01/28,,1955.0,,,1938,,,1877,,(6),
216,"PT Intermediate Holdings III, LLC (dba Parts Town)",Trading Companies & Distributors,11.02  %,S +  5.98  %,11/01/28,,1397.0,,,1385,,,1341,,(6),
217,"Purfoods, LLC",Health Care Providers & Services,11.11  %,L +  6.25  %,08/12/26,,585.0,,,568,,,572,,(6) (7),
218,"Purfoods, LLC",Health Care Providers & Services,11.17  %,L +  6.25  %,08/12/26,,395.0,,,389,,,386,,(6) (7),
219,"Qualawash Holdings, LLC",Commercial Services & Supplies,10.32  %,L +  5.50  %,08/31/26,,11287.0,,,11143,,,11287,,(6) (7),
220,"Qualawash Holdings, LLC",Commercial Services & Supplies,12.50  %,P +  4.50  %,08/31/26,,2846.0,,,2574,,,2603,,(6) (7) (8),
221,"Qualawash Holdings, LLC",Commercial Services & Supplies,10.26  %,L +  5.50  %,08/31/26,,2859.0,,,931,,,965,,(6) (7) (8),
222,"Riverpoint Medical, LLC",Health Care Equipment & Supplies,9.86  %,S +  4.75  %,06/21/25,,21643.0,,,21018,,,21156,,(6) (7),
223,"Riverpoint Medical, LLC",Health Care Equipment & Supplies,9.86  %,S +  4.75  %,06/21/25,,1639.0,,,1627,,,1602,,(6) (7),
224,"Riverpoint Medical, LLC",Health Care Equipment & Supplies,,S +  4.75  %,06/21/25,,4094.0,,,(  47,),,(  92,),(6) (7) (8),
225,Rodeo Buyer Company (dba Absorb Software),Professional Services,11.09  %,L +  6.25  %,05/25/27,,21167.0,,,20853,,,20796,,(5) (6) (7),
226,Rodeo Buyer Company (dba Absorb Software),Professional Services,11.09  %,L +  6.25  %,05/25/27,,3387.0,,,969,,,957,,(5) (6) (7) (8),
227,"Rubrik,Inc.",Software,12.64  %,S +  7.00  %,06/10/27,,35173.0,,,34561,,,34470,,(6) (7),
228,"Rubrik,Inc.",Software,12.26  %,S +  7.00  %,06/10/27,,4020.0,,,1709,,,1629,,(6) (7) (8),
229,"Smarsh, Inc.",Software,11.29  %,S +  6.50  %,02/16/29,,26667.0,,,26433,,,26400,,(7),
230,"Smarsh, Inc.",Software,11.29  %,S +  6.50  %,02/16/29,,6667.0,,,3289,,,3267,,(7) (8),
231,"Smarsh, Inc.",Software,11.40  %,S +  6.50  %,02/16/29,,1667.0,,,319,,,317,,(7) (8),
232,"Southeast Mechanical, LLC (dba. SEM Holdings, LLC)",Diversified Consumer Services,10.92  %,S +  6.00  %,07/06/27,,10719.0,,,10530,,,10505,,(6) (7) (11),
233,"Southeast Mechanical, LLC (dba. SEM Holdings, LLC)",Diversified Consumer Services,,S +  6.00  %,07/06/27,,1900.0,,,(  33,),,(  38,),(6) (7) (8) (11),
234,"Southeast Mechanical, LLC (dba. SEM Holdings, LLC)",Diversified Consumer Services,,S +  6.00  %,07/06/27,,7400.0,,,(  63,),,(  148,),(6) (7) (8) (11),
235,"SPay, Inc. (dba Stack Sports)",Interactive Media & Services,14.08  %,S +  9.25  % (incl.  3.50  % PIK),03/15/25,,30530.0,,,29245,,,29003,,(6) (7) (10),
236,"SPay, Inc. (dba Stack Sports)",Interactive Media & Services,14.12  %,S +  9.25  % (incl.  3.50  % PIK),03/15/25,,2211.0,,,2104,,,2100,,(6) (7),
237,"SPay, Inc. (dba Stack Sports)",Interactive Media & Services,14.15  %,S +  9.25  % (incl.  3.50  % PIK),03/15/25,,1110.0,,,1065,,,1055,,(6) (7) (10),
238,"SpendMend, LLC",Health Care Providers & Services,10.61  %,S +  5.50  %,03/01/28,,633.0,,,623,,,617,,(6) (7),
239,"SpendMend, LLC",Health Care Providers & Services,10.61  %,S +  5.50  %,03/01/28,,277.0,,,109,,,104,,(6) (7) (8),
240,"SpendMend, LLC",Health Care Providers & Services,10.60  %,S +  5.50  %,03/01/28,,83.0,,,32,,,31,,(6) (7) (8),
241,"Spotless Brands, LLC",Diversified Consumer Services,11.50  %,S +  6.75  %,07/25/28,,216.0,,,209,,,209,,(6) (7),
242,"Spotless Brands, LLC",Diversified Consumer Services,,S +  6.75  %,07/25/28,,33.0,,,—,,,(  1,),(6) (7) (8),
243,"StarCompliance Intermediate, LLC",Diversified Financial Services,11.91  %,L +  6.75  %,01/12/27,,15600.0,,,15385,,,15366,,(6) (7),
244,"StarCompliance Intermediate, LLC",Diversified Financial Services,11.91  %,L +  6.75  %,01/12/27,,2514.0,,,2475,,,2476,,(6) (7),
245,"StarCompliance Intermediate, LLC",Diversified Financial Services,11.59  %,L +  6.75  %,01/12/27,,2500.0,,,693,,,687,,(6) (7) (8),
246,"Sundance Group Holdings, Inc. (dba NetDocuments)",Software,10.95  %,S +  6.25  %,07/02/27,,41043.0,,,40560,,,40017,,(6) (7),
247,"Sundance Group Holdings, Inc. (dba NetDocuments)",Software,11.09  %,S +  6.25  %,07/02/27,,12313.0,,,12129,,,12005,,(6) (7),
248,"Sundance Group Holdings, Inc. (dba NetDocuments)",Software,11.18  %,S +  6.25  %,07/02/27,,4925.0,,,437,,,369,,(6) (7) (8),
249,"Sunstar Insurance Group, LLC",Insurance,11.05  %,S +  6.00  %,10/09/26,,20491.0,,,20333,,,20081,,(6) (7),
250,"Sunstar Insurance Group, LLC",Insurance,11.05  %,S +  6.00  %,10/09/26,,4025.0,,,3981,,,3944,,(6) (7),
251,"Sunstar Insurance Group, LLC",Insurance,11.05  %,S +  6.00  %,10/09/26,,4737.0,,,659,,,644,,(6) (7) (8),
252,"Sunstar Insurance Group, LLC",Insurance,11.05  %,S +  6.00  %,10/09/26,,338.0,,,333,,,331,,(6) (7),
253,Investment  (1)(4),Industry,Interest  Rate  (2),Reference Rate  and Spread  (2),Maturity,,Par  (3),,Cost,,Fair  Value,,Footnotes,,,
254,"Sunstar Insurance Group, LLC",Insurance,,S +  6.00  %,10/09/26,$,,374.0,,$,(  6,),$,(  7,),(6) (7) (8)
255,"Superman Holdings, LLC (dba Foundation Software)",Construction & Engineering,11.28  %,L +  6.13  %,08/31/27,,,31396.0,,,30882,,,30768,,(6) (7)
256,"Superman Holdings, LLC (dba Foundation Software)",Construction & Engineering,11.28  %,L +  6.13  %,08/31/27,,,950.0,,,919,,,931,,(6) (7)
257,"Superman Holdings, LLC (dba Foundation Software)",Construction & Engineering,,L +  6.13  %,08/31/26,,,122.0,,,(  2,),,(  2,),(6) (7) (8)
258,Sweep Purchaser LLC,Commercial Services & Supplies,10.91  %,L +  5.75  %,11/30/26,,,28036.0,,,27664,,,27545,,(6) (7)
259,Sweep Purchaser LLC,Commercial Services & Supplies,10.58  %,L +  5.75  %,11/30/26,,,8900.0,,,8781,,,8744,,(6) (7)
260,Sweep Purchaser LLC,Commercial Services & Supplies,10.57  %,L +  5.75  %,11/30/26,,,7137.0,,,7036,,,7012,,(6) (7)
261,Sweep Purchaser LLC,Commercial Services & Supplies,10.58  %,L +  5.75  %,11/30/26,,,4957.0,,,4879,,,4871,,(6) (7)
262,Sweep Purchaser LLC,Commercial Services & Supplies,10.87  %,L +  5.75  %,11/30/26,,,4541.0,,,2395,,,2373,,(6) (7) (8)
263,"Syntellis Performance Solutions, LLC (dba Axiom)",Health Care Technology,11.31  %,S +  6.50  %,08/02/27,,,16326.0,,,16035,,,16000,,(6) (7)
264,"Syntellis Performance Solutions, LLC (dba Axiom)",Health Care Technology,11.31  %,S +  6.50  %,08/02/27,,,818.0,,,787,,,802,,(6) (7)
265,"The Center for Orthopedic and Research Excellence, Inc. (dba HOPCo)",Health Care Providers & Services,10.33  %,S +  5.50  %,08/15/25,,,25990.0,,,25117,,,25536,,(6) (7)
266,"The Center for Orthopedic and Research Excellence, Inc. (dba HOPCo)",Health Care Providers & Services,10.44  %,S +  5.50  %,08/15/25,,,7877.0,,,7764,,,7739,,(6) (7)
267,"The Center for Orthopedic and Research Excellence, Inc. (dba HOPCo)",Health Care Providers & Services,10.41  %,S +  5.50  %,08/15/25,,,4677.0,,,4615,,,4595,,(6) (7)
268,"The Center for Orthopedic and Research Excellence, Inc. (dba HOPCo)",Health Care Providers & Services,10.41  %,S +  5.50  %,08/15/25,,,4565.0,,,3572,,,3572,,(6) (7) (8)
269,"The Center for Orthopedic and Research Excellence, Inc. (dba HOPCo)",Health Care Providers & Services,10.63  %,S +  5.50  %,08/15/25,,,2118.0,,,547,,,527,,(6) (7) (8)
270,"Thrasio, LLC",Internet & Direct Marketing Retail,12.16  %,L +  7.00  %,12/18/26,,,39032.0,,,38552,,,35714,,(6) (7)
271,Total Vision LLC,Health Care Providers & Services,10.92  %,S +  6.00  %,07/15/26,,,16972.0,,,16697,,,16632,,(6) (7)
272,Total Vision LLC,Health Care Providers & Services,10.95  %,S +  6.00  %,07/15/26,,,4994.0,,,4923,,,4894,,(6) (7)
273,Total Vision LLC,Health Care Providers & Services,10.89  %,S +  6.00  %,07/15/26,,,2486.0,,,2451,,,2436,,(6) (7)
274,Total Vision LLC,Health Care Providers & Services,11.01  %,S +  6.00  %,07/15/26,,,10391.0,,,1107,,,990,,(6) (7) (8)
275,Total Vision LLC,Health Care Providers & Services,,S +  6.00  %,07/15/26,,,1270.0,,,(  17,),,(  25,),(6) (7) (8)
276,Trader Corporation,Automobiles,11.68  %,C +  6.75  %,12/21/29,CAD,,317.0,,,229,,,229,,(5) (6) (7)
277,Trader Corporation,Automobiles,,C +  6.75  %,12/22/28,CAD,,24.0,,,—,,,—,,(5) (6) (7) (8)
278,USN Opco LLC (dba Global Nephrology Solutions),Health Care Providers & Services,10.80  %,S +  5.75  %,12/21/26,,,21597.0,,,21308,,,20949,,(6) (7)
279,USN Opco LLC (dba Global Nephrology Solutions),Health Care Providers & Services,10.80  %,S +  5.75  %,12/21/26,,,7507.0,,,7400,,,7282,,(6) (7)
280,USN Opco LLC (dba Global Nephrology Solutions),Health Care Providers & Services,10.80  %,S +  5.75  %,12/21/26,,,9655.0,,,4765,,,4567,,(6) (7) (8)
281,USN Opco LLC (dba Global Nephrology Solutions),Health Care Providers & Services,10.80  %,S +  5.75  %,12/21/26,,,3023.0,,,1902,,,1850,,(6) (7) (8)
282,"Viant Medical Holdings, Inc.",Health Care Equipment & Supplies,11.09  %,L +  6.25  %,07/02/25,,,31060.0,,,29988,,,30206,,(6)
283,"Volt Bidco, Inc. (dba Power Factors)",Independent Power and Renewable Electricity Producers,11.90  %,S +  7.00  %,08/11/27,,,34826.0,,,34261,,,34217,,(6) (7)
284,"Volt Bidco, Inc. (dba Power Factors)",Independent Power and Renewable Electricity Producers,11.80  %,S +  6.50  %,08/11/27,,,6304.0,,,4434,,,4324,,(6) (7) (8)
285,"Volt Bidco, Inc. (dba Power Factors)",Independent Power and Renewable Electricity Producers,,S +  7.00  %,08/11/27,,,3685.0,,,(  58,),,(  64,),(6) (7) (8)
286,"VRC Companies, LLC (dba Vital Records Control)",Commercial Services & Supplies,10.65  %,L +  5.50  %,06/29/27,,,32499.0,,,32132,,,31443,,(6) (7)
287,"VRC Companies, LLC (dba Vital Records Control)",Commercial Services & Supplies,,P +  4.50  %,06/29/27,,,944.0,,,(  10,),,(  31,),(6) (7) (8)
288,"WebPT, Inc.",Health Care Technology,11.74  %,S +  6.75  %,01/18/28,,,25126.0,,,23677,,,24372,,(6) (7)
289,"WebPT, Inc.",Health Care Technology,11.65  %,S +  6.75  %,01/18/28,,,5534.0,,,5464,,,5368,,(6) (7)
290,"WebPT, Inc.",Health Care Technology,11.77  %,S +  6.75  %,01/18/28,,,2617.0,,,1664,,,1641,,(6) (7) (8)
291,"WebPT, Inc.",Health Care Technology,,S +  6.75  %,01/18/28,,,2617.0,,,(  16,),,(  79,),(6) (7) (8)
292,"Wellness AcquisitionCo, Inc. (dba SPINS)",IT Services,10.49  %,S +  5.50  %,01/20/27,,,21723.0,,,21422,,,21397,,(6) (7)
293,"Wellness AcquisitionCo, Inc. (dba SPINS)",IT Services,,S +  5.50  %,01/20/27,,,2600.0,,,(  33,),,(  39,),(6) (7) (8)
294,"Wellness AcquisitionCo, Inc. (dba SPINS)",IT Services,,S +  5.50  %,01/20/27,,,4000.0,,,(  31,),,(  60,),(6) (7) (8)
295,Whitewater Holding Company LLC,Diversified Consumer Services,10.80  %,L +  5.75  %,12/21/27,,,17300.0,,,17015,,,16824,,(6) (7)
296,Whitewater Holding Company LLC,Diversified Consumer Services,10.73  %,L +  5.75  %,12/21/27,,,5807.0,,,5708,,,5647,,(6) (7)
297,Whitewater Holding Company LLC,Diversified Consumer Services,10.80  %,L +  5.75  %,12/21/27,,,5771.0,,,5675,,,5612,,(6) (7)
298,Whitewater Holding Company LLC,Diversified Consumer Services,10.72  %,L +  5.75  %,12/21/27,,,2340.0,,,1542,,,1515,,(6) (7) (8)
299,Whitewater Holding Company LLC,Diversified Consumer Services,10.82  %,L +  6.00  %,12/21/27,,,2699.0,,,704,,,681,,(6) (7) (8)
300,"Wine.com, LLC",Beverages,12.04  %,S +  7.00  %,11/14/24,,,15400.0,,,15405,,,15400,,(6) (7)
301,Investment  (1)(4),Industry,Interest  Rate  (2),Reference Rate  and Spread  (2),Maturity,Par  (3),,Cost,,Fair  Value,,Footnotes,,,,
302,"Wine.com, LLC",Beverages,12.00  %,12.00  % PIK,11/14/24,$,5538.0,,$,7672,,$,9173,,(6) (7) (10),
303,"Wine.com, LLC",Beverages,12.04  %,S +  7.00  %,11/14/24,,3700.0,,,3703,,,3700,,(6) (7),
304,"Wine.com, LLC",Beverages,12.00  %,12.00  % PIK,11/14/24,,1541.0,,,673,,,1012,,(6) (7) (8) (10),
305,"WorkForce Software, LLC",Software,12.46  %,L +  7.25  % (incl.  3.00  % PIK),07/31/25,,22693.0,,,22110,,,22126,,(6) (7),
306,"WorkForce Software, LLC",Software,12.46  %,L +  7.25  % (incl.  3.00  % PIK),07/31/25,,3200.0,,,3158,,,3120,,(6) (7),
307,"WorkForce Software, LLC",Software,12.46  %,L +  7.25  % (incl.  3.00  % PIK),07/31/25,,2352.0,,,2316,,,2294,,(6) (7),
308,"WorkForce Software, LLC",Software,,L +  4.25  %,07/31/25,,1894.0,,,(  21,),,(  47,),(6) (7) (8),
309,"WSO2, Inc.",IT Services,12.21  %,L +  7.50  % (incl.  3.00  % PIK),11/04/26,,32378.0,,,31911,,,31731,,(6) (7),
310,Xactly Corporation,IT Services,12.14  %,S +  7.25  %,07/31/25,,62025.0,,,61242,,,61095,,(6) (7),
311,Xactly Corporation,IT Services,,S +  7.25  %,07/31/25,,3874.0,,,(  37,),,(  58,),(6) (7) (8),
312,"Zarya Intermediate, LLC (dba iOFFICE)",Real Estate Mgmt. & Development,11.31  %,S +  6.50  %,07/01/27,,76666.0,,,76666,,,75899,,(6) (7),
313,"Zarya Intermediate, LLC (dba iOFFICE)",Real Estate Mgmt. & Development,,S +  6.50  %,07/01/27,,7987.0,,,—,,,(  80,),(6) (7) (8),
314,"Zodiac Intermediate, LLC (dba Zipari)",Health Care Technology,13.16  %,L +  8.00  %,12/21/26,,50230.0,,,49214,,,44328,,(6) (7),
315,"Zodiac Intermediate, LLC (dba Zipari)",Health Care Technology,12.71  %,L +  8.00  %,12/22/25,,7500.0,,,7374,,,6619,,(6) (7),
316,Total 1st Lien/Senior Secured Debt,,,,,,,,3198575,,,3139505,,,,
317,1st Lien/Last-Out Unitranche (13) -  7.32  %,,,,,,,,,,,,,,,
318,"Doxim, Inc.",Diversified Financial Services,11.24  %,S +  6.40  %,08/31/24,$,38967.0,,$,38152,,$,36239,,(6) (7),
319,"Doxim, Inc.",Diversified Financial Services,11.59  %,S +  6.75  %,08/31/24,,24688.0,,,24423,,,22959,,(6) (7),
320,"Doxim, Inc.",Diversified Financial Services,11.24  %,S +  6.40  %,08/31/24,,22863.0,,,22274,,,21263,,(6) (7),
321,"Doxim, Inc.",Diversified Financial Services,11.84  %,S +  7.00  %,08/31/24,,6649.0,,,6574,,,6200,,(6) (7),
322,"Doxim, Inc.",Diversified Financial Services,12.84  %,S +  8.00  %,08/31/24,,5163.0,,,5101,,,4879,,(6) (7),
323,"Doxim, Inc.",Diversified Financial Services,12.84  %,S +  8.00  %,08/31/24,,3868.0,,,3827,,,3656,,(6) (7),
324,"EDB Parent, LLC (dba Enterprise DB)",Software,11.90  %,S +  7.00  % PIK,07/07/28,,19504.0,,,19030,,,19016,,(6) (7),
325,"EDB Parent, LLC (dba Enterprise DB)",Software,11.90  %,S +  7.00  % PIK,07/07/28,,7591.0,,,1662,,,1472,,(6) (7) (8),
326,Total 1st Lien/Last-Out Unitranche,,,,,,,,121043,,,115684,,,,
327,2nd Lien/Senior Secured Debt -  10.75  %,,,,,,,,,,,,,,,
328,"Animal Supply Intermediate, LLC",Distributors,,7.00  % PIK,11/14/25,$,9930.0,,$,9031,,$,—,,(7) (9) (11),
329,"Chase Industries, Inc. (dba Senneca Holdings)",Building Products,,10.00  % PIK,11/11/25,,12150.0,,,9714,,,1701,,(6) (7) (9),
330,"Chase Industries, Inc. (dba Senneca Holdings)",Building Products,,,05/11/26,,15511.0,,,—,,,—,,(6) (7) (12),
331,Genesis Acquisition Co. (dba ProCare Software),Diversified Financial Services,12.25  %,L +  7.50  %,07/31/25,,17000.0,,,16150,,,16448,,(6) (7),
332,Genesis Acquisition Co. (dba ProCare Software),Diversified Financial Services,12.25  %,L +  7.50  %,07/31/25,,13890.0,,,13704,,,13439,,(6) (7),
333,Genesis Acquisition Co. (dba ProCare Software),Diversified Financial Services,12.25  %,L +  7.50  %,07/31/25,,4939.0,,,4834,,,4778,,(6) (7),
334,Genesis Acquisition Co. (dba ProCare Software),Diversified Financial Services,12.25  %,L +  7.50  %,07/31/25,,4300.0,,,4086,,,4160,,(6) (7),
335,IHS Intermediate Inc. (dba Interactive Health Solutions),Health Care Providers & Services,,L +  8.25  %,07/20/22,,10000.0,,,9902,,,—,,(7) (9) (14),
336,"MPI Engineered Technologies, LLC",Auto Components,,12.00  % PIK,07/15/25,,16741.0,,,16741,,,12054,,(7) (9),
337,MPI Products LLC,Auto Components,,,07/15/25,,7412.0,,,—,,,—,,(7) (12),
338,Odyssey Logistics & Technology Corporation,Road & Rail,12.84  %,L +  8.00  %,10/12/25,,45348.0,,,41717,,,41947,,(6),
339,"Spectrum Plastics Group, Inc.",Containers & Packaging,11.84  %,L +  7.00  %,01/31/26,,12525.0,,,11633,,,11260,,(6),
340,"YI, LLC (dba Young Innovations)",Health Care Equipment & Supplies,12.59  %,L +  7.75  %,11/07/25,,36844.0,,,34769,,,34909,,(6) (7),
341,Zep Inc.,Chemicals,13.41  %,L +  8.25  %,08/11/25,,53049.0,,,48996,,,29177,,(6),
342,Total 2nd Lien/Senior Secured Debt,,,,,,,,221277,,,169873,,,,
343,Unsecured Debt -  0.52  %,,,,,,,,,,,,,,,
344,ATX Networks Corp.,Communications Equipment,10.00  %,10.00  % PIK,09/01/28,$,2027.0,,$,1767,,$,1641,,(5) (7) (11),
345,CivicPlus LLC,Software,16.54  %,S +  11.75  % PIK,06/09/34,,6748.0,,,6566,,,6512,,(6) (7),
346,Conergy Asia & ME Pte. LTD.,Construction & Engineering,,,06/30/23,,1266.0,,,1055,,,—,,(5) (7) (11) (12),
347,Total Unsecured Debt,,,,,,,,9388,,,8153,,,,
348,Investment  (1)(4),Industry,Interest  Rate,Initial  Acquisition  Date  (15),Par/Shares  (3),,Cost,,Fair  Value,,Footnotes,,,,,
349,Preferred Stock -  2.84  %,,,,,,,,,,,,,,,
350,"Broadway Parent, LLC",Diversified Financial Services,,01/25/21,,4000000.0,,$,4019,,$,6514,,(6) (7) (12),,
351,"CloudBees, Inc.",Software,,11/24/21,,1152957.0,,,12899,,,13743,,(6) (7) (12),,
352,Foundation Software,Construction & Engineering,,08/31/20,,22.0,,,21,,,28,,(6) (7) (12),,
353,"Governmentjobs.com, Inc. (dba NeoGov)",Software,,12/02/21,,10597.0,,,10332,,,11858,,(6) (7) (12),,
354,Kawa Solar Holdings Limited,Construction & Engineering,8.00  % PIK,10/25/16,,81923.0,,,778,,,—,,(5) (7) (9) (11),,
355,"MedeAnalytics, Inc.",Health Care Technology,,10/09/20,,42600.0,,,41,,,—,,(6) (7) (12),,
356,"Wine.com, LLC",Beverages,,11/14/18,,535226.0,,,8225,,,343,,(6) (7) (12),,
357,"Wine.com, LLC",Beverages,,03/03/21,,124040.0,,,3067,,,3680,,(6) (7) (12),,
358,"WSO2, Inc.",IT Services,,11/04/21,,561918.0,,,8876,,,8721,,(6) (7) (12),,
359,Total Preferred Stock,,,,,,,48258,,,44887,,,,,
360,Common Stock -  2.31  %,,,,,,,,,,,,,,,
361,"Abacus Data Holdings, Inc. (dba Clutch Intermediate Holdings)",Software,,03/10/21,,29326.0,,$,2933,,$,2383,,(6) (7) (12),,
362,"Animal Supply Holdings, LLC",Distributors,,08/14/20,,37500.0,,,126,,,—,,(7) (11) (12),,
363,"Animal Supply Holdings, LLC",Distributors,,08/14/20,,83333.0,,,13745,,,—,,(7) (11) (12),,
364,"ATX Parent Holdings, LLC - Class A Units",Communications Equipment,,09/01/21,,332.0,,,167,,,3496,,(5) (7) (11) (12),,
365,"Bolttech Mannings, Inc.",Commercial Services & Supplies,,12/22/17,,4145602.0,,,22366,,,—,,(7) (12) (16),,
366,"Collaborative Imaging Holdco, LLC (dba Texas Radiology Associates) - Class B",Health Care Providers & Services,,03/30/18,,20183.0,,,2916,,,3371,,(6) (7) (11),,
367,"Collaborative Imaging Holdco, LLC (dba Texas Radiology Associates) - Performance Units",Health Care Providers & Services,,03/30/18,,19048.0,,,514,,,871,,(5) (6) (7) (11),,
368,Conergy Asia & ME Pte. LTD.,Construction & Engineering,,01/11/21,,3126780.0,,,5300,,,—,,(5) (7) (11) (12),,
369,Country Fresh Holding Company Inc.,Food Products,,04/29/19,,1514.0,,,888,,,—,,(6) (7) (12),,
370,"Elah Holdings, Inc.",Capital Markets,,05/09/18,,111650.0,,,5238,,,5396,,(6) (7) (11) (12),,
371,Exostar LLC - Class B,Aerospace & Defense,,07/06/20,,31407.0,,,—,,,29,,(6) (7) (12),,
372,Foundation Software - Class B,Construction & Engineering,,08/31/20,,11826.0,,,—,,,10,,(6) (7) (12),,
373,"Iracore International Holdings, Inc.",Energy Equipment & Services,,04/13/17,,28898.0,,,7003,,,6926,,(7) (11) (12),,
374,Jill Acquisition LLC (dba J. Jill),Specialty Retail,,09/30/20,,26687.0,,,206,,,695,,(12),,
375,Kawa Solar Holdings Limited,Construction & Engineering,,08/17/16,,1399556.0,,,—,,,—,,(5) (7) (11) (12),,
376,"Prairie Provident Resources, Inc.","Oil, Gas & Consumable Fuels",,,,3579988.0,,,9237,,,212,,(5) (12),,
377,"Southeast Mechanical, LLC (dba. SEM Holdings, LLC)",Diversified Consumer Services,,07/06/22,,1100.0,,,1100,,,1396,,(6) (7) (11) (12),,
378,Total Vision LLC,Health Care Providers & Services,,07/15/21,,122571.0,,,2270,,,2035,,(6) (7) (12),,
379,"Volt Bidco, Inc. (dba Power Factors)",Independent Power and Renewable Electricity Producers,,08/11/21,,3355.0,,,3406,,,3818,,(6) (7) (12),,
380,Whitewater Holding Company LLC,Diversified Consumer Services,,12/21/21,,23400.0,,,2340,,,2424,,(6) (7) (12),,
381,"Yasso, Inc.",Food Products,,03/23/17,,1640.0,,,1368,,,3502,,(6) (7) (12),,
382,Total Common Stock,,,,,,,81123,,,36564,,,,,
383,Warrants -  0.01  %,,,,,,,,,,,,,,,
384,"CloudBees, Inc.",Software,,11/24/21,,333980.0,,$,1849,,$,237,,(6) (7) (12),,
385,KDOR Holdings Inc. (dba Senneca Holdings),Building Products,,06/22/20,,59.0,,,—,,,—,,(6) (7) (12),,
386,KDOR Holdings Inc. (dba Senneca Holdings),Building Products,,05/29/20,,2812.0,,,—,,,—,,(6) (7) (12),,
387,KDOR Holdings Inc. (dba Senneca Holdings),Building Products,,05/29/20,,294.0,,,—,,,—,,(6) (7) (12),,
388,Total Warrants,,,,,,,1849,,,237,,,,,
389,Total Investments -  222.40  %,,,$,3681513,,$,3514903,,,,,,,,
390,Counterparty,Currency Purchased,Currency Sold,Settlement,Unrealized  Appreciation  (Depreciation),,,,,,,,,,,
391,"Bank of America, N.A.","U.S. Dollar  1,440","GBP  1,322",10/04/24,$,(  191,),,,,,,,,,
392,"Bank of America, N.A.","U.S. Dollar  3,648","Euro  3,606",10/04/24,,(  338,),,,,,,,,,
393,"Bank of America, N.A.","U.S. Dollar  2,661","GBP  2,161",01/15/26,,4,,,,,,,,,,
394,,,,,$,(  525,),,,,,,,,,
