,0,1,2,3,4,5,6,7,8,9,10,11,12,13,14,15,16
0,Portfolio Company,Locale / Industry,Investments(1)(44)(45),Principal Value,Amortized Cost,Fair  Value(2),% of Net Assets,,,,,,,,,,
1,LEVEL 3 PORTFOLIO INVESTMENTS,,,,,,,,,,,,,,,,
2,Control Investments (greater than 25.00% voting control)(47),,,,,,,,,,,,,,,,
3,"Arctic Energy Services, LLC(37)",Wyoming / Energy Equipment & Services,"Class D Units (12.00%, 32,915 units)(16)",-,,,31640,,,24158,,0.7%,,,,,
4,"Class E Units (14.00%, 21,080 units)(16)",-,,20230,,-,,-%,,,,,,,,,
5,"Class A Units (14.00%, 700 units)(16)",-,,9006,,-,,-%,,,,,,,,,
6,Class C Units (10 units)(16),-,,-,,-,,-%,,,,,,,,,
7,,,,,,60876,,24158,,0.7%,,,,,,,
8,CCPI Inc.(19),"Ohio / Electronic Equipment, Instruments & Components","Senior Secured Term Loan A (10.00%, due 12/31/2020)(3)",2909,,2909,,2909,,0.1%,,,,,,,
9,"Senior Secured Term Loan B (12.00% plus 7.00% PIK, due 12/31/2020)(3)(46)",17904,,17904,,17904,,0.5%,,,,,,,,,
10,"Common Stock (14,857 shares)",-,,6759,,17824,,0.5%,,,,,,,,,
11,,,,,,27572,,38637,,1.1%,,,,,,,
12,CP Energy Services Inc.(20),Oklahoma / Energy Equipment & Services,"Senior Secured Term Loan (12.34% (LIBOR + 11.00% with 1.00% LIBOR floor), due 12/29/2022)(10)(11)",35048,,35048,,35048,,1.0%,,,,,,,
13,"Series B Convertible Preferred Stock (16.00%, 790 shares)(16)",-,,63225,,51509,,1.5%,,,,,,,,,
14,"Common Stock (2,924 shares)(16)",-,,15227,,-,,-%,,,,,,,,,
15,,,,,,113500,,86557,,2.5%,,,,,,,
16,"Credit Central Loan Company, LLC(21)",South Carolina / Consumer Finance,"Subordinated Term Loan (10.00% plus 10.00% PIK, due 6/26/2019)(14)(46)",51855,,46195,,51855,,1.4%,,,,,,,
17,"Class A Units (10,640,642 units)(14)(16)",-,,13731,,20190,,0.6%,,,,,,,,,
18,Net Revenues Interest (25% of Net Revenues)(14),-,,-,,2667,,0.1%,,,,,,,,,
19,,,,,,59926,,74712,,2.1%,,,,,,,
20,Echelon Aviation LLC,New York / Aerospace & Defense,"Senior Secured Term Loan (11.75% (LIBOR + 9.75% with 2.00% LIBOR floor) plus 2.25% PIK, due 3/31/2022)(10)(13)(46)",31055,,31055,,31055,,0.9%,,,,,,,
21,"Senior Secured Term Loan (11.00% (LIBOR + 9.00% with 2.00% LIBOR floor) plus 1.00% PIK, due 12/7/2024)(10)(13)(46)",16044,,16044,,16044,,0.5%,,,,,,,,,
22,Membership Interest (100%)(16),-,,22738,,29478,,0.9%,,,,,,,,,
23,,,,,,69837,,76577,,2.3%,,,,,,,
24,"Edmentum Ultimate Holdings, LLC(22)",Minnesota / Diversified Consumer Services,"Second Lien Revolving Credit Facility to Edmentum, Inc. – $7,834 Commitment (5.00%, due 6/9/2020)(15)",5092,,5092,,5092,,0.2%,,,,,,,
25,"Unsecured Senior PIK Note (8.50% PIK, due 6/9/2020)(46)",7208,,7208,,7208,,0.2%,,,,,,,,,
26,"Unsecured Junior PIK Note (10.00% PIK, in non-accrual status effective 1/1/2017, due 6/9/2020)",33520,,23828,,19062,,0.6%,,,,,,,,,
27,"Class A Units (370,964 units)(16)",-,,6577,,-,,-%,,,,,,,,,
28,,,,,,42705,,31362,,1.0%,,,,,,,
29,First Tower Finance Company LLC(23),Mississippi / Consumer Finance,"Subordinated Term Loan to First Tower, LLC (10.00% plus 7.00% PIK, due 6/24/2019)(14)(46)",258772,,258772,,258772,,7.7%,,,,,,,
30,"Class A Units (93,997,533 units)(14)(16)",-,,78481,,146258,,4.4%,,,,,,,,,
31,,,,,,337253,,405030,,12.1%,,,,,,,
32,"Freedom Marine Solutions, LLC(24)",Louisiana / Energy Equipment & Services,Membership Interest (100%)(16),-,,42812,,25266,,0.8%,,,,,,,
33,,,,,,42812,,25266,,0.8%,,,,,,,
34,Portfolio Company,Locale / Industry,Investments(1)(44)(45),Principal Value,Amortized Cost,Fair  Value(2),% of Net Assets,,,,,,,,,,
35,LEVEL 3 PORTFOLIO INVESTMENTS,,,,,,,,,,,,,,,,
36,Control Investments (greater than 25.00% voting control)(47),,,,,,,,,,,,,,,,
37,"MITY, Inc.(25)",Utah / Commercial Services & Supplies,"Senior Secured Note A (10.00% (LIBOR + 7.00% with 3.00% LIBOR floor), due 1/30/2020)(3)(10)(11)",,26250,,,26250,,,26250.0,,0.8%,,,,
38,"Senior Secured Note B (10.00% (LIBOR + 7.00% with 3.00% LIBOR floor) plus 10.00% PIK, due 1/30/2020)(3)(10)(11)(46)",24442,,24442,,24442,,0.7%,,,,,,,,,
39,"Subordinated Unsecured Note to Broda Enterprises ULC (10.00%, due on demand)(3)(14)",5782,,7200,,5782,,0.2%,,,,,,,,,
40,"Common Stock (42,053 shares)(16)",-,,6849,,13008,,0.5%,,,,,,,,,
41,,,,,,64741,,69482,,2.2%,,,,,,,
42,National Property REIT Corp.(26),Various / Equity Real Estate Investment Trusts (REITs) / Online Lending,"Senior Secured Term Loan A (6.00% (LIBOR + 4.00% with 2.00% LIBOR floor) plus 10.50% PIK, due 4/1/2019)(10)(11)(46)",293203,,293203,,293203,,8.8%,,,,,,,
43,"Senior Secured Term Loan E (11.00% (LIBOR + 9.00% with 2.00% LIBOR floor) plus 5.00% PIK, due 4/1/2019)(10)(11)(46)",113240,,113240,,113240,,3.4%,,,,,,,,,
44,"Senior Secured Term Loan C to ACL Loan Holdings, Inc. (11.00% (LIBOR + 9.00% with 2.00% LIBOR floor) plus 5.00% PIK, due 4/1/2019)(10)(11)(14)(46)",14274,,14274,,14274,,0.4%,,,,,,,,,
45,"Senior Secured Term Loan C to American Consumer Lending Limited (11.00% (LIBOR + 9.00% with 2.00% LIBOR floor) plus 5.00% PIK, due 12/15/2020)(10)(11)(14)(46)",132578,,132578,,132578,,4.0%,,,,,,,,,
46,"Common Stock (2,351,247 shares)(16)",-,,290564,,400362,,12.0%,,,,,,,,,
47,Net Operating Income Interest (5% of Net Operating Income),-,,-,,94718,,2.8%,,,,,,,,,
48,,,,,,843859,,1048375,,31.4%,,,,,,,
49,Nationwide Loan Company LLC(27),Illinois / Consumer Finance,"Senior Subordinated Term Loan to Nationwide Acceptance LLC (10.00% plus 10.00% PIK, due 6/18/2019)(14)(46)",17114,,17114,,17114,,0.5%,,,,,,,
50,"Class A Units (32,456,159 units)(14)(16)",-,,21962,,13141,,0.4%,,,,,,,,,
51,,,,,,39076,,30255,,0.9%,,,,,,,
52,"NMMB, Inc.(28)",New York / Media,"Senior Secured Note (14.00%, due 5/6/2021)(3)",3714,,3714,,3714,,0.1%,,,,,,,
53,"Senior Secured Note to Armed Forces Communications, Inc. (14.00%, due 5/6/2021)(3)",6900,,6900,,6900,,0.2%,,,,,,,,,
54,"Series A Preferred Stock (7,200 shares)(3)(16)",-,,12869,,10614,,0.3%,,,,,,,,,
55,,,,,,23483,,21228,,0.6%,,,,,,,
56,"R-V Industries, Inc.",Pennsylvania / Machinery,"Senior Subordinated Note (10.69% (LIBOR + 9.00% with 1.00% LIBOR floor), due 3/31/2022)(3)(10)(11)",28622,,28622,,28622,,0.9%,,,,,,,
57,"Common Stock (745,107 shares)(16)",-,,6866,,2786,,0.1%,,,,,,,,,
58,,,,,,35488,,31408,,1.0%,,,,,,,
59,"SB Forging Company II, Inc. (f/k/a Gulf Coast Machine & Supply Company)(29)",Texas / Energy Equipment & Services,"Series A Convertible Preferred Stock (6.50%, 99,000 shares)(16)",-,,-,,996,,-%,,,,,,,
60,Common Stock (100 shares)(16),-,,-,,-,,-%,,,,,,,,,
61,,,,,,-,,996,,-%,,,,,,,
62,Portfolio Company,Locale / Industry,Investments(1)(44)(45),Principal Value,Amortized Cost,Fair  Value(2),% of Net Assets,,,,,,,,,,
63,LEVEL 3 PORTFOLIO INVESTMENTS,,,,,,,,,,,,,,,,
64,Control Investments (greater than 25.00% voting control)(47),,,,,,,,,,,,,,,,
65,USES Corp.(30),Texas / Commercial Services & Supplies,"Senior Secured Term Loan A (9.00% PIK, in non-accrual status effective 4/1/2016, due 7/22/2020)",,35326,,,31602,,,6655.0,,0.2%,,,,
66,"Senior Secured Term Loan B (15.50% PIK, in non-accrual status effective 4/1/2016, due 7/22/2020)",44281,,35568,,-,,-%,,,,,,,,,
67,"Common Stock (268,962 shares)(16)",-,,-,,-,,-%,,,,,,,,,
68,,,,,,67170,,6655,,0.2%,,,,,,,
69,"Valley Electric Company, Inc.(31)",Washington / Construction & Engineering,"Senior Secured Note to Valley Electric Co. of Mt. Vernon, Inc. (8.00% (LIBOR + 5.00% with 3.00% LIBOR floor) plus 2.50% PIK, due 12/31/2024)(3)(10)(11)(46)",10430,,10430,,10430,,0.3%,,,,,,,
70,"Senior Secured Note (10.00% plus 8.50% PIK, due 6/23/2024)(46)",26724,,26724,,26724,,0.8%,,,,,,,,,
71,"Common Stock (50,000 shares)(16)",-,,26204,,3777,,0.1%,,,,,,,,,
72,,,,,,63358,,40931,,1.2%,,,,,,,
73,"Wolf Energy, LLC(32)",Kansas / Energy Equipment & Services,Membership Interest (100%)(16),-,,-,,-,,-%,,,,,,,
74,"Membership Interest in Wolf Energy Services Company, LLC (100%)(16)",-,,3704,,283,,-%,,,,,,,,,
75,Net Profits Interest (8% of Equity Distributions)(4)(16),-,,-,,10,,-%,,,,,,,,,
76,,,,,,3704,,293,,-%,,,,,,,
77,Total Control Investments (Level 3),,,1895360,,,2011922,,60.1%,,,,,,,,
78,Portfolio Company,Locale / Industry,Investments(1)(44)(45),Principal Value,Amortized Cost,Fair  Value(2),% of Net Assets,,,,,,,,,,
79,LEVEL 3 PORTFOLIO INVESTMENTS,,,,,,,,,,,,,,,,
80,Non-Control/Non-Affiliate Investments (less than 5.00% voting control),,,,,,,,,,,,,,,,
81,Ability Network Inc.,Minnesota / Health Care Technology,"Second Lien Term Loan (9.21% (LIBOR + 7.75% with 1.00% LIBOR floor), due 12/13/2025)(8)(10)(11)",,15000,,,14926,,,14926.0,,0.4%,,,,
82,,,,,14926,,14926,,0.4%,,,,,,,,
83,"ACE Cash Express, Inc.",Texas / Consumer Finance,"Senior Secured Note (12.00%, due 12/15/2022)(8)(14)",20000,,19702,,20000,,0.6%,,,,,,,
84,,,,,19702,,20000,,0.6%,,,,,,,,
85,"AgaMatrix, Inc.",New Hampshire / Healthcare Equipment and Supplies,"Senior Secured Term Loan (10.44% (LIBOR + 8.75% with 1.25% LIBOR floor), due 9/29/2022)(3)(10)(11)",31625,,31625,,31625,,0.9%,,,,,,,
86,,,,,31625,,31625,,0.9%,,,,,,,,
87,Apidos CLO IX,Cayman Islands / Structured Finance,"Subordinated Notes (Residual Interest, current yield 0.00%, due 7/15/2023)(5)(14)(17)",23525,,66,,66,,-%,,,,,,,
88,,,,,66,,66,,-%,,,,,,,,
89,Apidos CLO XI,Cayman Islands / Structured Finance,"Subordinated Notes (Residual Interest, current yield 8.89%, due 10/17/28)(5)(14)",40500,,31379,,25091,,0.7%,,,,,,,
90,,,,,31379,,25091,,0.7%,,,,,,,,
91,Apidos CLO XII,Cayman Islands / Structured Finance,"Subordinated Notes (Residual Interest, current yield 0.00%, due 4/15/2025)(5)(14)(17)",44063,,29043,,17865,,0.5%,,,,,,,
92,,,,,29043,,17865,,0.5%,,,,,,,,
93,Apidos CLO XV,Cayman Islands / Structured Finance,"Subordinated Notes (Residual Interest, current yield 1.39%, due 10/20/2025)(5)(14)",36515,,28041,,20984,,0.6%,,,,,,,
94,,,,,28041,,20984,,0.6%,,,,,,,,
95,Apidos CLO XXII,Cayman Islands / Structured Finance,"Subordinated Notes (Residual Interest, current yield 13.57%, due 10/20/2027)(5)(6)(14)",31350,,27293,,24907,,0.7%,,,,,,,
96,,,,,27293,,24907,,0.7%,,,,,,,,
97,"Ark-La-Tex Wireline Services, LLC",Louisiana / Energy Equipment & Services,"Senior Secured Term Loan B (13.19% (LIBOR + 11.50% with 1.00% LIBOR floor), in non-accrual status effective 4/1/2016, due 4/8/2019)(10)(13)",25595,,1145,,743,,-%,,,,,,,
98,,,,,1145,,743,,-%,,,,,,,,
99,Armor Holding II LLC,New York / Commercial Services & Supplies,"Second Lien Term Loan (10.70% (LIBOR + 9.00% with 1.25% LIBOR floor), due 12/26/2020)(3)(8)(10)(11)",7000,,6938,,7000,,0.2%,,,,,,,
100,,,,,6938,,7000,,0.2%,,,,,,,,
101,"Atlantis Health Care Group (Puerto Rico), Inc.",Puerto Rico / Health Care Providers & Services,"Revolving Line of Credit – $7,000 Commitment (9.69% (LIBOR + 8.00% with 1.50% LIBOR floor), due 8/21/2018)(10)(11)(15)",7000,,7000,,6779,,0.2%,,,,,,,
102,"Senior Term Loan (9.69% (LIBOR + 8.00% with 1.50% LIBOR floor), due 2/21/2020)(10)(11)",79153,,79153,,76649,,2.3%,,,,,,,,,
103,,,,,86153,,83428,,2.5%,,,,,,,,
104,"Autodata, Inc./ Autodata Solutions, Inc.",Canada / Software,"Second Lien Term Loan (8.82% (LIBOR + 7.25% with 1.00% LIBOR floor), due 12/14/2025)(8)(10)(11)",6000,,5970,,5970,,0.2%,,,,,,,
105,,,,,5970,,5970,,-%,,,,,,,,
106,Babson CLO Ltd. 2014-III,Cayman Islands / Structured Finance,"Subordinated Notes (Residual Interest, current yield 12.87%, due 1/15/2026)(5)(6)(14)",52250,,40909,,36185,,1.1%,,,,,,,
107,,,,,40909,,36185,,1.1%,,,,,,,,
108,"Broder Bros., Co.","Pennsylvania / Textiles, Apparel & Luxury Goods","Senior Secured Note (9.69% (LIBOR + 8.00% with 1.25% LIBOR floor), due 12/02/2022)(10)(11)",459425,,459425,,459425,,13.7%,,,,,,,
109,,,,,459425,,459425,,13.7%,,,,,,,,
110,Portfolio Company,Locale / Industry,Investments(1)(44)(45),Principal Value,Amortized Cost,Fair  Value(2),% of Net Assets,,,,,,,,,,
111,LEVEL 3 PORTFOLIO INVESTMENTS,,,,,,,,,,,,,,,,
112,Non-Control/Non-Affiliate Investments (less than 5.00% voting control),,,,,,,,,,,,,,,,
113,Brookside Mill CLO Ltd.,Cayman Islands / Structured Finance,"Subordinated Notes (Residual Interest, current yield 0.00%, due 4/17/2025)(5)(14)(17)",,26000,,,15673,,,12635.0,,0.4%,,,,
114,,,,,15673,,12635,,0.4%,,,,,,,,
115,California Street CLO IX Ltd. (f/k/a Symphony CLO IX Ltd.),Cayman Islands / Structured Finance,"Preference Shares (Residual Interest, current yield 14.34%, due 10/16/2028)(5)(14)",58915,,41046,,36239,,1.1%,,,,,,,
116,,,,,41046,,36239,,1.1%,,,,,,,,
117,"Capstone Logistics Acquisition, Inc.",Georgia / Commercial Services & Supplies,"Second Lien Term Loan (9.82% (LIBOR + 8.25% with 1.00% LIBOR floor), due 10/7/2022)(3)(8)(10)(13)",101517,,101113,,97457,,2.9%,,,,,,,
118,,,,,101113,,97457,,2.9%,,,,,,,,
119,"Carlyle Global Market Strategies CLO 2014-4, Ltd.",Cayman Islands / Structured Finance,"Subordinated Notes (Residual Interest, current yield 20.85%, due 10/15/2026)(5)(6)(14)",25534,,19701,,19766,,0.6%,,,,,,,
120,,,,,19701,,19766,,0.6%,,,,,,,,
121,"Carlyle Global Market Strategies CLO 2016-3, Ltd.",Cayman Islands / Structured Finance,"Subordinated Notes (Residual Interest, current yield 16.32%, due 10/20/2029)(5)(6)(14)",32200,,31624,,28476,,0.9%,,,,,,,
122,,,,,31624,,28476,,0.9%,,,,,,,,
123,Cent CLO 17 Limited,Cayman Islands / Structured Finance,"Subordinated Notes (Residual Interest, current yield 9.20%, due 1/30/2025)(5)(14)",24870,,17813,,17264,,0.5%,,,,,,,
124,,,,,17813,,17264,,0.5%,,,,,,,,
125,Cent CLO 20 Limited,Cayman Islands / Structured Finance,"Subordinated Notes (Residual Interest, current yield 16.79%, due 1/25/2026)(5)(14)",40275,,31793,,31008,,0.9%,,,,,,,
126,,,,,31793,,31008,,0.9%,,,,,,,,
127,Cent CLO 21 Limited,Cayman Islands / Structured Finance,"Subordinated Notes (Residual Interest, current yield 17.21%, due 7/27/2026)(5)(6)(14)",48528,,36174,,34667,,1.0%,,,,,,,
128,,,,,36174,,34667,,1.0%,,,,,,,,
129,Centerfield Media Holding Company(35),California / Internet Software and Services,"Senior Secured Term Loan A (8.34% (LIBOR + 7.00% with 1.00% LIBOR floor), due 1/17/2022)(3)(8)(10)(11)",66640,,66640,,66640,,2.0%,,,,,,,
130,"Senior Secured Term Loan B (13.84% (LIBOR + 12.50% with 1.00% LIBOR floor), due 1/17/2022)(8)(10)(11)",68000,,68000,,68000,,2.0%,,,,,,,,,
131,,,,,134640,,134640,,4.0%,,,,,,,,
132,"CIFC Funding 2013-III, Ltd.",Cayman Islands / Structured Finance,"Subordinated Notes (Residual Interest, current yield 7.16%, due 10/24/2025)(5)(14)",44100,,29970,,26242,,0.8%,,,,,,,
133,,,,,29970,,26242,,0.8%,,,,,,,,
134,"CIFC Funding 2013-IV, Ltd.",Cayman Islands / Structured Finance,"Subordinated Notes (Residual Interest, current yield 9.67%, due 11/27/2024)(5)(14)",45500,,31970,,29428,,0.9%,,,,,,,
135,,,,,31970,,29428,,0.9%,,,,,,,,
136,"CIFC Funding 2014-IV Investor, Ltd.",Cayman Islands / Structured Finance,"Income Notes (Residual Interest, current yield 7.43%, due 10/17/2026)(5)(6)(14)",41500,,29064,,24456,,0.7%,,,,,,,
137,,,,,29064,,24456,,0.7%,,,,,,,,
138,"CIFC Funding 2016-I, Ltd.",Cayman Islands / Structured Finance,"Income Notes (Residual Interest, current yield 13.43%, due 10/21/2028)(5)(6)(14)",34000,,31172,,27636,,0.8%,,,,,,,
139,,,,,31172,,27636,,0.8%,,,,,,,,
140,"Cinedigm DC Holdings, LLC",New York / Media,"Senior Secured Term Loan (11.00% (LIBOR + 9.00% with 2.00% LIBOR floor) plus 2.50% PIK, due 3/31/2021)(10)(11)(46)",40210,,40160,,40210,,1.2%,,,,,,,
141,,,,,40160,,40210,,1.2%,,,,,,,,
142,Portfolio Company,Locale / Industry,Investments(1)(44)(45),Principal Value,Amortized Cost,Fair  Value(2),% of Net Assets,,,,,,,,,,
143,LEVEL 3 PORTFOLIO INVESTMENTS,,,,,,,,,,,,,,,,
144,Non-Control/Non-Affiliate Investments (less than 5.00% voting control),,,,,,,,,,,,,,,,
145,"Coverall North America, Inc.",Florida / Commercial Services & Supplies,"Senior Secured Term Loan A (7.34% (LIBOR + 6.00% with 1.00% LIBOR floor), due 11/02/2020)(3)(10)(11)",,21720,,,21720,,,21720.0,,0.7%,,,,
146,"Senior Secured Term Loan B (12.34% (LIBOR + 11.00% with 1.00% LIBOR floor), due 11/02/2020)(3)(10)(11)",24875,,24875,,24875,,0.7%,,,,,,,,,
147,,,,,46595,,46595,,1.4%,,,,,,,,
148,CURO Financial Technologies Corp.,Canada / Consumer Finance,"Senior Secured Notes (12.00%, due 3/1/2022)(8)(14)",12500,,12433,,12500,,0.4%,,,,,,,
149,,,,,12433,,12500,,0.4%,,,,,,,,
150,"Dunn Paper, Inc.",Georgia / Paper & Forest Products,"Second Lien Term Loan (10.32% (LIBOR + 8.75% with 1.00% LIBOR floor), due 8/26/2023)(8)(10)(13)",11500,,11312,,11500,,0.3%,,,,,,,
151,,,,,11312,,11500,,0.3%,,,,,,,,
152,"Easy Gardener Products, Inc.",Texas / Household Durables,"Senior Secured Term Loan (11.34% (LIBOR + 10.00% with .25% LIBOR floor), due 09/30/2020)(3)(10)(11)",17106,,17106,,16643,,0.5%,,,,,,,
153,,,,,17106,,16643,,0.5%,,,,,,,,
154,"Engine Group, Inc.(7)",California / Media,"Senior Secured Term Loan (6.44% (LIBOR + 4.75% with 1.00% LIBOR floor), due 9/15/2022)(8)(9)(10)(11)",4938,,4938,,4938,,0.1%,,,,,,,
155,"Second Lien Term Loan (10.44% (LIBOR + 8.75% with 1.00% LIBOR floor), due 9/15/2023)(3)(8)(10)(11)",35000,,35000,,35000,,0.1%,,,,,,,,,
156,,,,,39938,,39938,,1.1%,,,,,,,,
157,EXC Holdings III Corp,"Massachusetts / Technology Hardware, Storage & Peripherals","Second Lien Term Loan (9.16% (LIBOR + 7.50% with 1.00% LIBOR floor), due 12/01/2025)(8)(10)(11)",12500,,12376,,12376,,0.4%,,,,,,,
158,,,,,12376,,12376,,-%,,,,,,,,
159,"Fleetwash, Inc.",New Jersey / Commercial Services & Supplies,"Senior Secured Term Loan B (10.34% (LIBOR + 9.00% with 1.00% LIBOR floor), due 4/30/2022)(3)(10)(11)",21544,,21544,,21544,,0.6%,,,,,,,
160,"Delayed Draw Term Loan – $15,000 Commitment (9.84% (LIBOR + 8.50% with 1.00% LIBOR floor) expires 4/30/2022)(10)(11)(15)",-,,-,,-,,-%,,,,,,,,,
161,,,,,21544,,21544,,0.6%,,,,,,,,
162,"Galaxy XV CLO, Ltd.",Cayman Islands / Structured Finance,"Subordinated Notes (Residual Interest, current yield 11.89%, due 10/15/2030)(5)(14)",50525,,33831,,30827,,0.9%,,,,,,,
163,,,,,33831,,30827,,0.9%,,,,,,,,
164,"Galaxy XVI CLO, Ltd.",Cayman Islands / Structured Finance,"Subordinated Notes (Residual Interest, current yield 6.26%, due 11/16/2025)(5)(14)",24575,,17077,,14609,,0.4%,,,,,,,
165,,,,,17077,,14609,,0.4%,,,,,,,,
166,"Galaxy XVII CLO, Ltd.",Cayman Islands / Structured Finance,"Subordinated Notes (Residual Interest, current yield 6.66%, due 7/15/2026)(5)(6)(14)",39905,,28497,,24072,,0.7%,,,,,,,
167,,,,,28497,,24072,,0.7%,,,,,,,,
168,Halcyon Loan Advisors Funding 2012-1 Ltd.,Cayman Islands / Structured Finance,"Subordinated Notes (Residual Interest, current yield 0.00%, due 8/15/2023)(5)(14)(17)",23188,,3987,,5510,,0.2%,,,,,,,
169,,,,,3987,,5510,,0.2%,,,,,,,,
170,Halcyon Loan Advisors Funding 2013-1 Ltd.,Cayman Islands / Structured Finance,"Subordinated Notes (Residual Interest, current yield 2.23%, due 4/15/2025)(5)(14)",40400,,24295,,19914,,0.6%,,,,,,,
171,,,,,24295,,19914,,0.6%,,,,,,,,
172,Halcyon Loan Advisors Funding 2014-1 Ltd.,Cayman Islands / Structured Finance,"Subordinated Notes (Residual Interest, current yield 5.88%, due 4/18/2026)(5)(14)",24500,,15129,,13325,,0.4%,,,,,,,
173,,,,,15129,,13325,,0.4%,,,,,,,,
174,Portfolio Company,Locale / Industry,Investments(1)(44)(45),Principal Value,Amortized Cost,Fair  Value(2),% of Net Assets,,,,,,,,,,
175,LEVEL 3 PORTFOLIO INVESTMENTS,,,,,,,,,,,,,,,,
176,Non-Control/Non-Affiliate Investments (less than 5.00% voting control),,,,,,,,,,,,,,,,
177,Halcyon Loan Advisors Funding 2014-2 Ltd.,Cayman Islands / Structured Finance,"Subordinated Notes (Residual Interest, current yield 11.61%, due 4/28/2025)(5)(6)(14)",,41164,,,26102,,,23051.0,,0.7%,,,,
178,,,,,26102,,23051,,0.7%,,,,,,,,
179,Halcyon Loan Advisors Funding 2015-3 Ltd.,Cayman Islands / Structured Finance,"Subordinated Notes (Residual Interest, current yield 19.67%, due 10/18/2027)(5)(6)(14)",39598,,34191,,33690,,1.0%,,,,,,,
180,,,,,34191,,33690,,1.0%,,,,,,,,
181,"Harbortouch Payments, LLC",Pennsylvania / Commercial Services & Supplies,Escrow Receivable,-,,-,,856,,-%,,,,,,,
182,,,,,-,,856,,-%,,,,,,,,
183,"HarbourView CLO VII, Ltd.",Cayman Islands / Structured Finance,"Subordinated Notes (Residual Interest, current yield 18.00%, due 11/18/2026)(5)(6)(14)",19025,,15187,,13988,,0.4%,,,,,,,
184,,,,,15187,,13988,,0.4%,,,,,,,,
185,"Harley Marine Services, Inc.",Washington / Marine,"Second Lien Term Loan (10.63% (LIBOR + 9.25% with 1.25% LIBOR floor), due 12/20/2019)(3)(8)(10)(11)",9000,,8935,,8935,,0.3%,,,,,,,
186,,,,,8935,,8935,,0.3%,,,,,,,,
187,"Ingenio, LLC",California / Internet Software and Services,"Senior Secured Term Loan (8.88% (LIBOR + 7.50% with 1.25% LIBOR floor), due 9/26/2022)(3)(8)(10)(11)",10000,,10000,,10000,,0.3%,,,,,,,
188,,,,,10000,,10000,,0.3%,,,,,,,,
189,"Inpatient Care Management Company, LLC",Florida / Health Care Providers & Services,"Senior Secured Term Loan (9.34% (LIBOR + 8.00% with 1.00% LIBOR floor), due 6/8/2021)(3)(10)(11)",24927,,24927,,24927,,0.7%,,,,,,,
190,,,,,24927,,24927,,0.7%,,,,,,,,
191,"InterDent, Inc.",California / Health Care Providers & Services,"Senior Secured Term Loan A (7.07% (LIBOR + 5.50% with 0.75% LIBOR floor), due 12/31/2017)(10)(13)",78215,,78215,,78215,,2.3%,,,,,,,
192,"Senior Secured Term Loan B (12.07% (LIBOR + 10.50% with 0.75% LIBOR floor), due 12/31/2017)(3)(10)(13)",131125,,131125,,131125,,3.9%,,,,,,,,,
193,,,,,209340,,209340,,6.2%,,,,,,,,
194,JD Power and Associates,California / Capital Markets,"Second Lien Term Loan (10.19% (LIBOR + 8.50% with 1.00% LIBOR floor), due 9/7/2024)(3)(8)(10)(11)",20000,,19785,,20000,,0.6%,,,,,,,
195,,,,,19785,,20000,,0.6%,,,,,,,,
196,Jefferson Mill CLO Ltd.,Cayman Islands / Structured Finance,"Subordinated Notes (Residual Interest, current yield 7.72%, due 7/20/2027)(5)(6)(14)",19500,,16244,,12518,,0.4%,,,,,,,
197,,,,,16244,,12518,,0.4%,,,,,,,,
198,"K&N Parent, Inc.",California / Auto Components,"Second Lien Term Loan (10.32% (LIBOR + 8.75% with 1.00% LIBOR floor), due 10/21/2024)(3)(8)(10)(13)",13000,,12778,,12834,,0.4%,,,,,,,
199,,,,,12778,,12834,,0.4%,,,,,,,,
200,Keystone Acquisition Corp.(36),Pennsylvania / Health Care Providers & Services,"Second Lien Term Loan (10.94% (LIBOR + 9.25% with 1.00% LIBOR floor), due 5/1/2025)(3)(8)(10)(11)",50000,,50000,,50000,,1.5%,,,,,,,
201,,,,,50000,,50000,,1.5%,,,,,,,,
202,"LaserShip, Inc.",Virginia / Air Freight & Logistics,"Senior Secured Term Loan A (9.07% (LIBOR + 7.50% with 1.25% LIBOR floor), due 11/22/2022)(3)(10)(13)",22990,,22990,,22990,,0.7%,,,,,,,
203,"Senior Secured Term Loan B (9.07% (LIBOR + 7.50% with 1.25% LIBOR floor), due 11/22/2022)(3)(10)(13)",14124,,14124,,14124,,0.4%,,,,,,,,,
204,,,,,37114,,37114,,1.1%,,,,,,,,
205,Portfolio Company,Locale / Industry,Investments(1)(44)(45),Principal Value,Amortized Cost,Fair  Value(2),% of Net Assets,,,,,,,,,,
206,LEVEL 3 PORTFOLIO INVESTMENTS,,,,,,,,,,,,,,,,
207,Non-Control/Non-Affiliate Investments (less than 5.00% voting control),,,,,,,,,,,,,,,,
208,LCM XIV Ltd.,Cayman Islands / Structured Finance,"Income Notes (Residual Interest, current yield 5.86%, due 7/15/2025)(5)(14)",,30500,,,20157,,,17876.0,,0.5%,,,,
209,,,,,20157,,17876,,0.5%,,,,,,,,
210,"Madison Park Funding IX, Ltd.",Cayman Islands / Structured Finance,"Subordinated Notes (Residual Interest, current yield 16.67%, due 8/15/2022)(5)(14)",43110,,2285,,2329,,0.1%,,,,,,,
211,,,,,2285,,2329,,0.1%,,,,,,,,
212,"Maverick Healthcare Equity, LLC",Arizona / Health Care Providers & Services,"Preferred Units (10.00%,1,250,000 units)(16)",,1252,,555,,-%,,,,,,,,
213,"Class A Common Units (1,250,000 units)(16)",,-,,-,,-%,,,,,,,,,,
214,,,,,1252,,555,,-%,,,,,,,,
215,"Memorial MRI & Diagnostic, LLC",Texas / Health Care Providers & Services,"Senior Secured Term Loan (10.19% (LIBOR + 8.50% with 1.00% LIBOR floor), due 3/16/2022)(10)(11)",37430,,37430,,37430,,1.1%,,,,,,,
216,,,,,37430,,37430,,1.1%,,,,,,,,
217,Mountain View CLO 2013-I Ltd.,Cayman Islands / Structured Finance,"Subordinated Notes (Residual Interest, current yield 16.23%, due 10/12/2030)(5)(14)",43650,,27017,,23861,,0.8%,,,,,,,
218,,,,,27017,,23861,,0.8%,,,,,,,,
219,Mountain View CLO IX Ltd.,Cayman Islands / Structured Finance,"Subordinated Notes (Residual Interest, current yield 14.45%, due 7/15/2027)(5)(6)(14)",47830,,40544,,38507,,1.2%,,,,,,,
220,,,,,40544,,38507,,1.2%,,,,,,,,
221,National Home Healthcare Corp.,Michigan / Health Care Providers & Services,"Second Lien Term Loan (10.43% (LIBOR + 9.00% with 1.00% LIBOR floor), due 12/8/2022)(3)(8)(10)(13)",15407,,15219,,15407,,0.5%,,,,,,,
222,,,,,15219,,15407,,0.5%,,,,,,,,
223,"Octagon Investment Partners XV, Ltd.",Cayman Islands / Structured Finance,"Income Notes (Residual Interest, current yield 15.04%, due 7/19/2030)(5)(14)",42064,,31150,,26517,,0.8%,,,,,,,
224,,,,,31150,,26517,,0.8%,,,,,,,,
225,"Octagon Investment Partners XVIII, Ltd.",Cayman Islands / Structured Finance,"Income Notes (Residual Interest, current yield 8.98%, due 12/16/2024)(5)(6)(14)",28200,,17439,,15398,,0.5%,,,,,,,
226,,,,,17439,,15398,,0.5%,,,,,,,,
227,Pacific World Corporation,California / Personal Products,"Revolving Line of Credit – $21,000 Commitment (8.74% (LIBOR + 7.25% with 1.00% LIBOR floor), due 9/26/2020)(10)(13)(15)",19225,,19225,,19225,,0.6%,,,,,,,
228,"Senior Secured Term Loan A (6.74% (LIBOR + 5.25% with 1.00% LIBOR floor), due 9/26/2020)(3)(10)(13)",96750,,96750,,94957,,2.9%,,,,,,,,,
229,"Senior Secured Term Loan B (10.74% (LIBOR + 9.25% with 1.00% LIBOR floor), due 9/26/2020)(3)(10)(13)",96750,,96750,,68954,,2.1%,,,,,,,,,
230,"Common Stock (6,778,414 units)(16)",-,,-,,-,,0.1%,,,,,,,,,
231,,,,,212725,,183136,,5.6%,,,,,,,,
232,"Pelican Products, Inc.",California / Chemicals,"Second Lien Term Loan (9.94% (LIBOR + 8.25% with 1.00% LIBOR floor), due 4/9/2021)(3)(8)(10)(11)",17500,,17491,,17077,,0.5%,,,,,,,
233,,,,,17491,,17077,,0.5%,,,,,,,,
234,"PeopleConnect Intermediate, LLC (f/k/a Intelius, Inc.)",Washington / Internet Software & Services,"Revolving Line of Credit – $1,000 Commitment (11.10% (LIBOR + 9.50% with 1.00% LIBOR floor), due 8/11/2018)(10)(11)(15)",500,,500,,500,,-%,,,,,,,
235,"Senior Secured Term Loan A (7.84% (LIBOR + 6.50% with 1.00% LIBOR floor), due 7/1/2021)(3)(10)(11)",19248,,19248,,19248,,0.7%,,,,,,,,,
236,"Senior Secured Term Loan B (13.84% (LIBOR + 12.50% with 1.00% LIBOR floor), due 7/1/2021)(3)(10)(11)",20373,,20373,,20373,,0.7%,,,,,,,,,
237,,,,,40121,,40121,,1.4%,,,,,,,,
238,Portfolio Company,Locale / Industry,Investments(1)(44)(45),Principal Value,Amortized Cost,Fair  Value(2),% of Net Assets,,,,,,,,,,
239,LEVEL 3 PORTFOLIO INVESTMENTS,,,,,,,,,,,,,,,,
240,Non-Control/Non-Affiliate Investments (less than 5.00% voting control),,,,,,,,,,,,,,,,
241,"PGX Holdings, Inc.(40)",Utah / Diversified Consumer Services,"Second Lien Term Loan (10.57% (LIBOR + 9.00% with 1.00% LIBOR floor), due 9/29/2021)(10)(13)",,134668,,,134668,,,134668.0,,4.0%,,,,
242,,,,,134668,,134668,,4.0%,,,,,,,,
243,PharMerica Corporation,Kentucky / Pharmaceuticals,"Second Lien Term Loan (9.25% (LIBOR + 7.75% with 1.00% LIBOR floor), due 12/07/2024)(8)(10)(13)",12000,,11880,,12000,,0.4%,,,,,,,
244,,,,,11880,,12000,,0.4%,,,,,,,,
245,Photonis Technologies SAS,"France / Electronic Equipment, Instruments & Components","First Lien Term Loan (9.19% (LIBOR + 7.50% with 1.00% LIBOR floor), due 9/18/2019)(8)(10)(11)(14)",12872,,12325,,11283,,0.3%,,,,,,,
246,,,,,12325,,11283,,0.3%,,,,,,,,
247,"PlayPower, Inc.",North Carolina / Leisure Products,"Second Lien Term Loan (10.44% (LIBOR + 8.75% with 1.00% LIBOR floor), due 6/23/2022)(3)(8)(10)(11)",11000,,10892,,11000,,0.3%,,,,,,,
248,,,,,10892,,11000,,0.3%,,,,,,,,
249,Prince Mineral Holding Corp.,New York / Metals & Mining,"Senior Secured Term Loan (11.50%, due 12/15/2019)(8)",10000,,9963,,10000,,0.3%,,,,,,,
250,,,,,9963,,10000,,0.3%,,,,,,,,
251,"RGIS Services, LLC",Michigan / Commercial Services & Supplies,"Senior Secured Term Loan (9.07% (LIBOR + 7.50% with 1.00% LIBOR floor), due 3/31/2023)(3)(8)(10)(11)",30806,,30162,,29133,,1.0%,,,,,,,
252,,,,,30162,,29133,,1.0%,,,,,,,,
253,RME Group Holding Company,Florida / Media,"Senior Secured Term Loan A (7.69% (LIBOR + 6.00% with 1.00% LIBOR floor), due 5/4/2022)(3)(10)(13)",37125,,37125,,37125,,1.2%,,,,,,,
254,"Senior Secured Term Loan B (12.69% (LIBOR + 11.00% with 1.00% LIBOR floor), due 5/4/2022)(3)(10)(11)",24875,,24875,,24875,,0.8%,,,,,,,,,
255,,,,,62000,,62000,,2.0%,,,,,,,,
256,"Rocket Software, Inc.",Massachusetts / Software,"Second Lien Term Loan (11.13% (LIBOR + 9.50% with 1.00% LIBOR floor), due 10/14/2024)(3)(8)(10)(11)",50000,,49157,,50000,,1.6%,,,,,,,
257,,,,,49157,,50000,,1.6%,,,,,,,,
258,"SCS Merger Sub, Inc.",Texas / IT Services,"Second Lien Term Loan (11.07% (LIBOR + 9.50% with 1.00% LIBOR floor), due 10/30/2023)(3)(8)(10)(13)",20000,,19568,,20000,,0.6%,,,,,,,
259,,,,,19568,,20000,,0.6%,,,,,,,,
260,"Securus Technologies Holdings, Inc.",Texas / Communications Equipment,"Second Lien Term Loan (9.87% (LIBOR + 8.25% with 1.00% LIBOR floor), due 11/01/2025)(8)(10)(11)",40000,,39851,,39851,,1.2%,,,,,,,
261,,,,,39851,,39851,,1.2%,,,,,,,,
262,SESAC Holdco II LLC,Tennessee / Media,"Second Lien Term Loan (8.73% (LIBOR + 7.25% with 1.00% LIBOR floor), due 2/23/2025)(8)(10)(13)",3000,,2973,,2973,,0.1%,,,,,,,
263,,,,,2973,,2973,,0.1%,,,,,,,,
264,Small Business Whole Loan Portfolio(41),New York / Online Lending,"124 Small Business Loans purchased from On Deck Capital, Inc.",1484,,1484,,1365,,-%,,,,,,,
265,,,,,1484,,1365,,-%,,,,,,,,
266,"Spartan Energy Services, Inc.",Louisiana / Energy Equipment & Services,"Senior Secured Term Loan A (7.35% (LIBOR + 6.00% with 1.00% LIBOR floor), due 12/28/2018)(10)(13)",13156,,11952,,12335,,0.4%,,,,,,,
267,"Senior Secured Term Loan B (13.35% PIK (LIBOR + 12.00% with 1.00% LIBOR floor), due 12/28/2018)(3)(10)(13)",17028,,14510,,15970,,0.5%,,,,,,,,,
268,,,,,26462,,28305,,0.9%,,,,,,,,
269,Portfolio Company,Locale / Industry,Investments(1)(44)(45),Principal Value,Amortized Cost,Fair  Value(2),% of Net Assets,,,,,,,,,,
270,LEVEL 3 PORTFOLIO INVESTMENTS,,,,,,,,,,,,,,,,
271,Non-Control/Non-Affiliate Investments (less than 5.00% voting control),,,,,,,,,,,,,,,,
272,Strategic Materials,Texas / Household Durables,Second Lien Term Loan (9.13% (LIBOR + 7.75% with 1.00% LIBOR floor)(11),,7000,,,6931,,,6931.0,,0.2%,,,,
273,,,,,,6931,,6931,,0.2%,,,,,,,
274,Sudbury Mill CLO Ltd.,Cayman Islands / Structured Finance,"Subordinated Notes (Residual Interest, current yield 8.18%, due 1/17/2026)(5)(14)",28200,,18803,,15077,,0.5%,,,,,,,
275,,,,,18803,,15077,,0.5%,,,,,,,,
276,Symphony CLO XIV Ltd.,Cayman Islands / Structured Finance,"Subordinated Notes (Residual Interest, current yield 6.82%, due 7/14/2026)(5)(6)(14)",49250,,35344,,30162,,0.9%,,,,,,,
277,,,,,35344,,30162,,0.9%,,,,,,,,
278,"Symphony CLO XV, Ltd.",Cayman Islands / Structured Finance,"Subordinated Notes (Residual Interest, current yield 10.51%, due 10/17/2026)(5)(14)",50250,,40328,,34887,,1.0%,,,,,,,
279,,,,,40328,,34887,,1.0%,,,,,,,,
280,"TouchTunes Interactive Networks, Inc.",New York / Internet Software & Services,"Second Lien Term Loan (9.62% (LIBOR + 8.25% with 1.00% LIBOR floor), due 5/29/2022)(3)(8)(10)(11)",14000,,13916,,14000,,0.4%,,,,,,,
281,,,,,13916,,14000,,0.4%,,,,,,,,
282,"Transplace Holdings, Inc.",Texas / Transportation Infrastructure,"Second Lien Term Loan (10.13% (LIBOR + 8.75% with 1.00% LIBOR floor), due 10/6/2025)(8)(10)(13)",27500,,26830,,26830,,0.8%,,,,,,,
283,,,,,26830,,26830,,0.8%,,,,,,,,
284,TGP HOLDINGS III LLC,Oregon / Household Durables,"Second Lien Term Loan (10.19% (LIBOR + 8.50% with 1.00% LIBOR floor), due 9/25/2025)(8)(10)(11)",3000,,2956,,3000,,0.1%,,,,,,,
285,,,,,2956,,3000,,0.1%,,,,,,,,
286,"Turning Point Brands, Inc.(42)",Kentucky / Tobacco,"Second Lien Term Loan (11.00%, due 8/17/2022)(3)(8)",14500,,,14380,,,14500,,0.4%,,,,,
287,,,,,14380,,14500,,0.4%,,,,,,,,
288,"United Sporting Companies, Inc.(18)",South Carolina / Distributors,"Second Lien Term Loan (12.75% (LIBOR + 11.00% with 1.75% LIBOR floor) plus 2.00% PIK, in non-accrual status effective 4/1/2017, due 11/16/2019)(10)(13)",142994,,131699,,46914,,1.4%,,,,,,,
289,"Common Stock (24,967 shares)(16)",,-,,-,,-%,,,,,,,,,,
290,,,,,131699,,46914,,1.4%,,,,,,,,
291,"Universal Fiber Systems, LLC","Virginia / Textiles, Apparel & Luxury Goods","Second Lien Term Loan (10.93% (LIBOR + 9.50% with 1.00% LIBOR floor), due 10/02/2022)(3)(8)(10)(13)",37000,,36499,,37000,,1.1%,,,,,,,
292,,,,,36499,,37000,,1.1%,,,,,,,,
293,"Universal Turbine Parts, LLC",Alabama / Trading Companies & Distributors,"Senior Secured Term Loan A (6.99% (LIBOR + 5.75% with 1.00% LIBOR floor), due 7/22/2021)(3)(10)(13)",31688,,31688,,28648,,0.9%,,,,,,,
294,"Senior Secured Term Loan B (12.99% (LIBOR + 11.75% with 1.00% LIBOR floor), due 7/22/2021)(3)(10)(13)",32500,,32500,,27321,,0.9%,,,,,,,,,
295,,,,,64188,,55969,,1.8%,,,,,,,,
296,"USG Intermediate, LLC",Texas / Leisure Products,"Revolving Line of Credit – $2,500 Commitment (10.82% (LIBOR + 9.25% with 1.00% LIBOR floor), due 8/24/2018)(3)(10)(13)(15)",2500,,2500,,2500,,0.1%,,,,,,,
297,"Senior Secured Term Loan A (8.32% (LIBOR + 6.75% with 1.00% LIBOR floor), due 8/24/2022)(3)(10)(13)",14233,,14233,,14233,,0.4%,,,,,,,,,
298,"Senior Secured Term Loan B (13.32% (LIBOR + 11.75% with 1.00% LIBOR floor), due 8/24/2022)(3)(10)(13)",21591,,21591,,21591,,0.6%,,,,,,,,,
299,Equity(16),,1,,-,,-%,,,,,,,,,,
300,,,,,38325,,38324,,1.1%,,,,,,,,
301,Portfolio Company,Locale / Industry,Investments(1)(44)(45),Principal Value,Amortized Cost,Fair  Value(2),% of Net Assets,,,,,,,,,,
302,LEVEL 3 PORTFOLIO INVESTMENTS,,,,,,,,,,,,,,,,
303,Non-Control/Non-Affiliate Investments (less than 5.00% voting control),,,,,,,,,,,,,,,,
304,"UTZ Quality Foods, LLC",Pennsylvania / Food Products,"Second Lien Term Loan (8.76% (LIBOR + 7.25% with 1.00% LIBOR floor, due 11/21/2025)(8)(10)(13)",,10000,,,9876,,,9876.0,,0.3%,,,,
305,,,,,9876,,9876,,0.3%,,,,,,,,
306,"VC GB Holdings, Inc.",Illinois / Household Durables,"Subordinated Secured Term Loan (9.57% (LIBOR + 8.00% with 1.00% LIBOR floor), due 2/28/2025)(3)(8)(10)(13)",18667,,18397,,18667,,0.6%,,,,,,,
307,,,,,18397,,18667,,0.6%,,,,,,,,
308,Venio LLC,Pennsylvania / Professional Services,"Second Lien Term Loan (4.00% plus PIK 10.00% (LIBOR + 7.50% with 2.50% LIBOR floor), due 2/19/2020)(10)(11)(46)",20976,,16287,,17076,,0.5%,,,,,,,
309,,,,,16287,,17076,,0.5%,,,,,,,,
310,"Voya CLO 2012-2, Ltd.",Cayman Islands / Structured Finance,"Income Notes (Residual Interest, current yield 0.00%, due 10/15/2022)(5)(14)(17)",38070,,1067,,1270,,-%,,,,,,,
311,,,,,1067,,1270,,-%,,,,,,,,
312,"Voya CLO 2012-3, Ltd.",Cayman Islands / Structured Finance,"Income Notes (Residual Interest, current yield 0.00%, due 10/15/2022)(5)(14)(17)",46632,,440,,1288,,-%,,,,,,,
313,,,,,440,,1288,,-%,,,,,,,,
314,"Voya CLO 2012-4, Ltd.",Cayman Islands / Structured Finance,"Income Notes (Residual Interest, current yield 12.30%, due 10/15/2028)(5)(14)",40613,,30813,,28802,,0.9%,,,,,,,
315,,,,,30813,,28802,,0.9%,,,,,,,,
316,"Voya CLO 2014-1, Ltd.",Cayman Islands / Structured Finance,"Subordinated Notes (Residual Interest, current yield 13.16%, due 4/18/2026)(5)(6)(14)",32383,,23910,,22775,,0.7%,,,,,,,
317,,,,,23910,,22775,,0.7%,,,,,,,,
318,"Voya CLO 2016-3, Ltd.",Cayman Islands / Structured Finance,"Subordinated Notes (Residual Interest, current yield 12.62%, due 10/18/2027)(5)(6)(14)",28100,,27091,,22321,,0.8%,,,,,,,
319,,,,,27091,,22321,,0.8%,,,,,,,,
320,"Voya CLO 2017-3, Ltd.",Cayman Islands / Structured Finance,"Subordinated Notes (Residual Interest, current yield 14.01%, due 7/20/2030)(5)(6)(14)",44885,,47996,,43114,,1.3%,,,,,,,
321,,,,,47996,,43114,,1.3%,,,,,,,,
322,Washington Mill CLO Ltd.,Cayman Islands / Structured Finance,"Subordinated Notes (Residual Interest, current yield 1.82%, due 4/20/2026)(5)(6)(14)",22600,,15716,,11673,,0.3%,,,,,,,
323,,,,,15716,,11673,,0.3%,,,,,,,,
324,"Wheel Pros, LLC",Colorado / Auto Components,"Senior Subordinated Secured Note (11.00% (LIBOR + 7.00% with 4.00% LIBOR floor), due 6/29/2020)(3)(10)(11)",15300,,15300,,15300,,0.5%,,,,,,,
325,"Senior Subordinated Secured Note (11.00% (LIBOR + 7.00% with 4.00% LIBOR floor), due 6/29/2020)(3)(10)(11)",5460,,5460,,5460,,0.2%,,,,,,,,,
326,,,,,20760,,20760,,0.7%,,,,,,,,
327,"Wink Holdco, Inc.",Texas / Insurance,"Second Lien Term Loan (8.24% (LIBOR + 6.75% with 1% LIBOR floor), due 12/1/2025)(8)(10)(11)",3000,,2985,,2985,,0.1%,,,,,,,
328,,,,,2985,,2985,,0.1%,,,,,,,,
329,Total Non-Control/Non-Affiliate Investments (Level 3),,,3643003,,,3389938,,101.2%,,,,,,,,
330,Total Portfolio Investments (Level 3),,,5562438,,,5421132,,161.9%,,,,,,,,
331,Transportation Infrastructure,26830,,26830.0,,0.8,%,,-,,-,,-,%,,,
332,Subtotal,,4495067.0,,,4480856.0,,133.8,%,,,4831550.0,,,4758593.0,141.8,%
333,Structured Finance (B),,1067371.0,,,940276.0,,28.1,%,,,1150006.0,,,1079712.0,32.2,%
334,Total Investments,,5562438.0,,,5421132.0,,161.9,%,,,5981556.0,,,5838305.0,174.0,%
335,CCPI Inc.,-%,7.00%,7.00%,,,,,,,,,,,,,
336,"Cinedigm DC Holdings, LLC",-%,2.50%,2.50%,,,,,,,,,,,,,
337,Credit Central Loan Company,-%,10.00%,10.00%,,,,,,,,,,,,,
338,Echelon Aviation LLC,,,2.25%,(B),,,,,,,,,,,,
339,Echelon Aviation LLC,,,1.00%,(C),,,,,,,,,,,,
340,"Edmentum Ultimate Holdings, LLC - Unsecured Senior PIK Note",8.50%,-%,8.50%,,,,,,,,,,,,,
341,First Tower Finance Company LLC,3.92%,3.08%,7.00%,,,,,,,,,,,,,
342,"MITY, Inc.",-%,10.00%,10.00%,,,,,,,,,,,,,
343,National Property REIT Corp. - Senior Secured Term Loan A,-%,5.50%,5.50%,,,,,,,,,,,,,
344,National Property REIT Corp. - Senior Secured Term Loan E,-%,5.00%,5.00%,,,,,,,,,,,,,
345,"National Property REIT Corp. - Senior Secured Term Loan C to ACL Loan Holdings, Inc.",-%,5.00%,5.00%,,,,,,,,,,,,,
346,National Property REIT Corp. - Senior Secured Term Loan C to American Consumer Lending Limited,-%,5.00%,5.00%,,,,,,,,,,,,,
347,Nationwide Loan Company LLC,-%,10.00%,10.00%,,,,,,,,,,,,,
348,Targus Cayman HoldCo Limited - Senior Secured Term Loan A,15.00%,-%,15.00%,,,,,,,,,,,,,
349,Targus Cayman HoldCo Limited - Senior Secured Term Loan B,15.00%,-%,15.00%,,,,,,,,,,,,,
350,"Valley Electric Co. of Mt. Vernon, Inc.",-%,2.50%,2.50%,,,,,,,,,,,,,
351,"Valley Electric Company, Inc.",8.50%,-%,8.50%,,,,,,,,,,,,,
