,0,1,2,3,4,5,6,7,8,9,10,11,12
0,Portfolio Company,Locale / Industry,Investments(1)(44)(45),Principal Value,Amortized Cost,Fair  Value(2),% of Net Assets,,,,,,
1,LEVEL 3 PORTFOLIO INVESTMENTS,,,,,,,,,,,,
2,Control Investments (greater than 25.00% voting control)(47),,,,,,,,,,,,
3,"Arctic Energy Services, LLC(37)",Wyoming / Energy Equipment & Services,"Class D Units (12.00%, 32,915 units)(16)",,,,31640,,,18235,,0.6%,
4,"Class E Units (14.00%, 21,080 units)(16)",,,20230,,-,,-%,,,,,
5,"Class A Units (14.00%, 700 units)(16)",,,9006,,-,,-%,,,,,
6,Class C Units (10 units)(16),,,-,,-,,-%,,,,,
7,,,,,,60876,,18235,,0.6%,,,
8,CCPI Inc.(19),"Ohio / Electronic Equipment, Instruments & Components","Senior Secured Term Loan A (10.00%, due 12/31/2020)(3)",2938,,2938,,2938,,0.1%,,,
9,"Senior Secured Term Loan B (12.00% plus 7.00% PIK, due 12/31/2020)(3)(46)",17988,,17988,,17988,,0.5%,,,,,
10,"Common Stock (14,857 shares)(16)",,,6759,,19710,,0.6%,,,,,
11,,,,,,27685,,40636,,1.2%,,,
12,CP Energy Services Inc.(20),Oklahoma / Energy Equipment & Services,"Series B Convertible Preferred Stock (16.00%, 1,043 shares)(16)",,,98273,,87341,,2.7%,,,
13,"Common Stock (2,924 shares)(16)",,,15227,,-,,-%,,,,,
14,,,,,,113500,,87341,,2.7%,,,
15,"Credit Central Loan Company, LLC(21)",South Carolina / Consumer Finance,"Subordinated Term Loan (10.00% plus 10.00% PIK, due 6/26/2019)(14)(46)",51855,,45685,,51855,,1.5%,,,
16,"Class A Units (10,640,642 units)(14)(16)",,,13731,,11953,,0.4%,,,,,
17,Net Revenues Interest (25% of Net Revenues)(14)(16),,,-,,2277,,0.1%,,,,,
18,,,,,,59416,,66085,,2.0%,,,
19,Echelon Aviation LLC,New York / Aerospace & Defense,"Senior Secured Term Loan (11.75% (LIBOR + 9.75% with 2.00% LIBOR floor) plus 2.25% PIK, due 3/31/2022)(10)(13)(46)",31055,,31055,,31055,,0.9%,,,
20,"Senior Secured Term Loan (11.00% (LIBOR + 9.00% with 2.00% LIBOR floor) plus 1.00% PIK, due 12/7/2024)(10)(13)(46)",16044,,16044,,16044,,0.5%,,,,,
21,Membership Interest (99%)(16),,,22738,,23403,,0.7%,,,,,
22,,,,,,69837,,70502,,2.1%,,,
23,"Edmentum Ultimate Holdings, LLC(22)",Minnesota / Diversified Consumer Services,"Second Lien Revolving Credit Facility to Edmentum, Inc. – $7,834 Commitment (5.00%, due 6/9/2020)(15)",,,-,,-,,-%,,,
24,"Unsecured Senior PIK Note (8.50% PIK, due 6/9/2020)(46)",7055,,7055,,7055,,0.2%,,,,,
25,"Unsecured Junior PIK Note (10.00% PIK, in non-accrual status effective 1/1/2017, due 6/9/2020)",32685,,23829,,22693,,0.7%,,,,,
26,"Class A Units (370,964 units)(16)",,,6577,,1132,,-%,,,,,
27,,,,,,37461,,30880,,0.9%,,,
28,First Tower Finance Company LLC(23),Mississippi / Consumer Finance,"Subordinated Term Loan to First Tower, LLC (10.00% plus 7.00% PIK, due 6/24/2019)(14)(46)",260073,,260073,,260073,,7.9%,,,
29,"Class A Units (93,997,533 units)(14)(16)",,,78481,,113604,,3.5%,,,,,
30,,,,,,338554,,373677,,11.4%,,,
31,"Freedom Marine Solutions, LLC(24)",Louisiana / Energy Equipment & Services,Membership Interest (100%)(16),,,42812,,25055,,0.8%,,,
32,,,,,,42812,,25055,,0.8%,,,
33,Portfolio Company,Locale / Industry,Investments(1)(44)(45),Principal Value,Amortized Cost,Fair  Value(2),% of Net Assets,,,,,,
34,LEVEL 3 PORTFOLIO INVESTMENTS,,,,,,,,,,,,
35,Control Investments (greater than 25.00% voting control)(47),,,,,,,,,,,,
36,"MITY, Inc.(25)",Utah / Commercial Services & Supplies,"Senior Secured Note A (10.00% (LIBOR + 7.00% with 3.00% LIBOR floor), due 1/30/2020)(3)(10)(11)",,26250,,,26250,,,26250.0,,0.8%
37,"Senior Secured Note B (10.00% (LIBOR + 7.00% with 3.00% LIBOR floor) plus 10.00% PIK, due 1/30/2020)(3)(10)(11)(46)",24442,,24442,,24442,,0.7%,,,,,
38,"Subordinated Unsecured Note to Broda Enterprises ULC (10.00%, due on demand)(14)",5897,,7200,,5897,,0.2%,,,,,
39,"Common Stock (42,053 shares)(16)",,,6849,,21147,,0.7%,,,,,
40,,,,,,64741,,77736,,2.4%,,,
41,National Property REIT Corp.(26),Various / Equity Real Estate Investment Trusts (REITs) / Online Lending,"Senior Secured Term Loan A (6.00% (LIBOR + 4.00% with 2.00% LIBOR floor) plus 10.50% PIK, due 4/1/2019)(10)(11)(46)",292426,,292426,,292426,,8.9%,,,
42,"Senior Secured Term Loan E (11.00% (LIBOR + 9.00% with 2.00% LIBOR floor) plus 5.00% PIK, due 4/1/2019)(10)(11)(46)",137512,,137512,,137512,,4.2%,,,,,
43,"Senior Secured Term Loan C to ACL Loan Holdings, Inc. (11.00% (LIBOR + 9.00% with 2.00% LIBOR floor) plus 5.00% PIK, due 4/1/2019)(10)(11)(14)(46)",30305,,30305,,30305,,0.9%,,,,,
44,"Senior Secured Term Loan C to American Consumer Lending Limited (11.00% (LIBOR + 9.00% with 2.00% LIBOR floor) plus 5.00% PIK, due 12/15/2020)(10)(11)(14)(46)",116547,,116547,,116547,,3.5%,,,,,
45,"Common Stock (2,280,992 shares)(16)",,,242939,,347263,,10.6%,,,,,
46,Net Operating Income Interest (5% of Net Operating Income),,,-,,88956,,2.7%,,,,,
47,,,,,,819729,,1013009,,30.8%,,,
48,Nationwide Loan Company LLC(27),Illinois / Consumer Finance,"Senior Subordinated Term Loan to Nationwide Acceptance LLC (10.00% plus 10.00% PIK, due 6/18/2019)(14)(46)",16964,,16964,,16964,,0.5%,,,
49,"Class A Units (32,456,159 units)(14)(16)",,,18183,,19188,,0.6%,,,,,
50,,,,,,35147,,36152,,1.1%,,,
51,"NMMB, Inc.(28)",New York / Media,"Senior Secured Note (14.00%, due 5/6/2021)(3)",3714,,3714,,3714,,0.1%,,,
52,"Senior Secured Note to Armed Forces Communications, Inc. (14.00%, due 5/6/2021)(3)",6900,,6900,,6900,,0.2%,,,,,
53,"Series A Preferred Stock (7,200 shares)(16)",,,7200,,6090,,0.2%,,,,,
54,"Series B Preferred Stock (5,669 shares)(16)",,,5669,,4795,,0.1%,,,,,
55,,,,,,23483,,21499,,0.6%,,,
56,"R-V Industries, Inc.",Pennsylvania / Machinery,"Senior Subordinated Note (10.30% (LIBOR + 9.00% with 1.00% LIBOR floor), due 3/31/2022)(3)(10)(11)",28622,,28622,,27094,,0.8%,,,
57,"Common Stock (745,107 shares)(16)",,,6866,,764,,-%,,,,,
58,,,,,,35488,,27858,,0.8%,,,
59,"SB Forging Company II, Inc. (f/k/a Gulf Coast Machine & Supply Company)(29)",Texas / Energy Equipment & Services,"Series A Convertible Preferred Stock (6.50%, 99,000 shares)(16)",,,-,,982,,-%,,,
60,Common Stock (100 shares)(16),,,-,,-,,-%,,,,,
61,,,,,,-,,982,,-%,,,
62,Portfolio Company,Locale / Industry,Investments(1)(44)(45),Principal Value,Amortized Cost,Fair  Value(2),% of Net Assets,,,,,,
63,LEVEL 3 PORTFOLIO INVESTMENTS,,,,,,,,,,,,
64,Control Investments (greater than 25.00% voting control)(47),,,,,,,,,,,,
65,USES Corp.(30),Texas / Commercial Services & Supplies,"Senior Secured Term Loan A (9.00% PIK, in non-accrual status effective 4/1/2016, due 7/22/2020)",,33051,,,30102,,,5384.0,,0.2%
66,"Senior Secured Term Loan B (15.50% PIK, in non-accrual status effective 4/1/2016, due 7/22/2020)",42590,,35568,,-,,-%,,,,,
67,"Common Stock (268,962 shares)(16)",,,-,,-,,-%,,,,,
68,,,,,,65670,,5384,,0.2%,,,
69,"Valley Electric Company, Inc.(31)",Washington / Construction & Engineering,"Senior Secured Note to Valley Electric Co. of Mt. Vernon, Inc. (8.00% (LIBOR + 5.00% with 3.00% LIBOR floor) plus 2.50% PIK, due 12/31/2024)(3)(10)(11)(46)",10430,,10430,,10430,,0.3%,,,
70,"Senior Secured Note (10.00% plus 8.50% PIK, due 6/23/2024)(46)",26168,,26168,,26148,,0.8%,,,,,
71,"Common Stock (50,000 shares)(16)",,,26204,,-,,-%,,,,,
72,,,,,,62802,,36578,,1.1%,,,
73,"Wolf Energy, LLC(32)",Kansas / Energy Equipment & Services,Membership Interest (100%)(16),,,-,,-,,-%,,,
74,"Membership Interest in Wolf Energy Services Company, LLC (100%)(16)",,,4029,,1747,,0.1%,,,,,
75,Net Profits Interest (8% of Equity Distributions)(4)(16),,,-,,10,,-%,,,,,
76,,,,,,4029,,1757,,0.1%,,,
77,Total Control Investments (Level 3),,,1861230,,,1933366,,58.8%,,,,
78,Portfolio Company,Locale / Industry,Investments(1),Principal Value,Amortized Cost,Fair  Value(2),% of Net Assets,,,,,,
79,LEVEL 3 PORTFOLIO INVESTMENTS,,,,,,,,,,,,
80,Non-Control/Non-Affiliate Investments (less than 5.00% voting control),,,,,,,,,,,,
81,"AgaMatrix, Inc.",New Hampshire / Healthcare Equipment and Supplies,"Senior Secured Term Loan (10.08% (LIBOR + 8.75% with 1.25% LIBOR floor), due 9/29/2022)(10)(11)",,32000,,,32000,,,32000.0,,1.0%
82,,,,,32000,,32000,,1.0%,,,,
83,American Gilsonite Company(34),Utah / Chemicals,Membership Interest (1.93%)(16),,,-,,-,,-%,,,
84,,,,,-,,-,,-%,,,,
85,Apidos CLO IX,Cayman Islands / Structured Finance,"Subordinated Notes (Residual Interest, current yield 0.00%, due 7/15/2023)(5)(14)(17)",23525,,3450,,1147,,-%,,,
86,,,,,3450,,1147,,-%,,,,
87,Apidos CLO XI,Cayman Islands / Structured Finance,"Subordinated Notes (Residual Interest, current yield 7.64%, due 10/17/28)(5)(14)",40500,,30812,,23514,,0.7%,,,
88,,,,,30812,,23514,,0.7%,,,,
89,Apidos CLO XII,Cayman Islands / Structured Finance,"Subordinated Notes (Residual Interest, current yield 0.00%, due 4/15/2025)(5)(14)(17)",44063,,29926,,22202,,0.7%,,,
90,,,,,29926,,22202,,0.7%,,,,
91,Apidos CLO XV,Cayman Islands / Structured Finance,"Subordinated Notes (Residual Interest, current yield 5.29%, due 10/20/2025)(5)(14)",36515,,28862,,22671,,0.7%,,,
92,,,,,28862,,22671,,0.7%,,,,
93,Apidos CLO XXII,Cayman Islands / Structured Finance,"Subordinated Notes (Residual Interest, current yield 14.06%, due 10/20/2027)(5)(6)(14)",31350,,27118,,25342,,0.8%,,,
94,,,,,27118,,25342,,0.8%,,,,
95,"Ark-La-Tex Wireline Services, LLC",Louisiana / Energy Equipment & Services,"Senior Secured Term Loan B (12.74% (LIBOR + 11.50% with 1.00% LIBOR floor), in non-accrual status effective 4/1/2016, due 4/8/2019)(10)(13)",26080,,1630,,1372,,-%,,,
96,,,,,1630,,1372,,-%,,,,
97,Armor Holding II LLC,New York / Commercial Services & Supplies,"Second Lien Term Loan (10.34% (LIBOR + 9.00% with 1.25% LIBOR floor), due 12/26/2020)(3)(8)(10)(11)",7000,,6933,,7000,,0.2%,,,
98,,,,,6933,,7000,,0.2%,,,,
99,"Atlantis Health Care Group (Puerto Rico), Inc.",Puerto Rico / Health Care Providers & Services,"Revolving Line of Credit – $7,000 Commitment (9.50% (LIBOR + 8.00% with 1.50% LIBOR floor), due 8/21/2018)(10)(11)(15)",5200,,5200,,5200,,0.2%,,,
100,"Senior Term Loan (9.50% (LIBOR + 8.00% with 1.50% LIBOR floor), due 2/21/2020)(3)(10)(11)",79356,,79356,,79356,,2.4%,,,,,
101,,,,,84556,,84556,,2.6%,,,,
102,Babson CLO Ltd. 2014-III,Cayman Islands / Structured Finance,"Subordinated Notes (Residual Interest, current yield 12.65%, due 1/15/2026)(5)(6)(14)",52250,,41425,,36550,,1.1%,,,
103,,,,,41425,,36550,,1.1%,,,,
104,"Broder Bros., Co.","Pennsylvania / Textiles, Apparel & Luxury Goods","Senior Secured Term Loan A (7.08% (LIBOR + 5.75% with 1.25% LIBOR floor), due 6/03/2021)(3)(10)(11)",110138,,110138,,110138,,3.4%,,,
105,"Senior Secured Term Loan B (13.58% (LIBOR + 12.25% with 1.25% LIBOR floor), due 6/03/2021)(10)(11)",114409,,114409,,114409,,3.4%,,,,,
106,,,,,224547,,224547,,6.8%,,,,
107,Brookside Mill CLO Ltd.,Cayman Islands / Structured Finance,"Subordinated Notes (Residual Interest, current yield 0.32%, due 4/17/2025)(5)(14)",26000,,16476,,13483,,0.4%,,,
108,,,,,16476,,13483,,0.4%,,,,
109,Portfolio Company,Locale / Industry,Investments(1),Principal Value,Amortized Cost,Fair  Value(2),% of Net Assets,,,,,,
110,LEVEL 3 PORTFOLIO INVESTMENTS,,,,,,,,,,,,
111,Non-Control/Non-Affiliate Investments (less than 5.00% voting control),,,,,,,,,,,,
112,California Street CLO IX Ltd. (f/k/a Symphony CLO IX Ltd.),Cayman Islands / Structured Finance,"Preference Shares (Residual Interest, current yield 13.31%, due 10/16/2028)(5)(14)",,58915,,,40827,,,35582.0,,1.1%
113,,,,,40827,,35582,,1.1%,,,,
114,"Capstone Logistics Acquisition, Inc.",Georgia / Commercial Services & Supplies,"Second Lien Term Loan (9.49% (LIBOR + 8.25% with 1.00% LIBOR floor), due 10/7/2022)(3)(8)(10)(13)",101517,,101092,,97382,,3.0%,,,
115,,,,,101092,,97382,,3.0%,,,,
116,"Carlyle Global Market Strategies CLO 2014-4, Ltd.",Cayman Islands / Structured Finance,"Subordinated Notes (Residual Interest, current yield 21.48%, due 10/15/2026)(5)(6)(14)",25534,,19600,,19860,,0.6%,,,
117,,,,,19600,,19860,,0.6%,,,,
118,"Carlyle Global Market Strategies CLO 2016-3, Ltd.",Cayman Islands / Structured Finance,"Subordinated Notes (Residual Interest, current yield 16.12%, due 10/20/2029)(5)(6)(14)",32200,,31405,,27914,,0.8%,,,
119,,,,,31405,,27914,,0.8%,,,,
120,Cent CLO 17 Limited,Cayman Islands / Structured Finance,"Subordinated Notes (Residual Interest, current yield 0.00%, due 1/30/2025)(5)(14)(17)",24870,,17723,,11862,,0.4%,,,
121,,,,,17723,,11862,,0.4%,,,,
122,Cent CLO 20 Limited,Cayman Islands / Structured Finance,"Subordinated Notes (Residual Interest, current yield 14.32%, due 1/25/2026)(5)(14)",40275,,31893,,31093,,0.9%,,,
123,,,,,31893,,31093,,0.9%,,,,
124,Cent CLO 21 Limited,Cayman Islands / Structured Finance,"Subordinated Notes (Residual Interest, current yield 14.43%, due 7/27/2026)(5)(6)(14)",48528,,36334,,34914,,1.1%,,,
125,,,,,36334,,34914,,1.1%,,,,
126,Centerfield Media Holding Company(35),California / Internet Software and Services,"Senior Secured Term Loan A (8.34% (LIBOR + 7.00% with 1.00% LIBOR floor), due 1/17/2022)(3)(8)(10)(11)",66980,,66980,,66980,,2.0%,,,
127,"Senior Secured Term Loan B (13.84% (LIBOR + 12.50% with 1.00% LIBOR floor), due 1/17/2022)(8)(10)(11)",68000,,68000,,68000,,2.1%,,,,,
128,,,,,134980,,134980,,4.1%,,,,
129,"CIFC Funding 2013-III, Ltd.",Cayman Islands / Structured Finance,"Subordinated Notes (Residual Interest, current yield 11.93%, due 10/24/2025)(5)(14)",44100,,30659,,28043,,0.9%,,,
130,,,,,30659,,28043,,0.9%,,,,
131,"CIFC Funding 2013-IV, Ltd.",Cayman Islands / Structured Finance,"Subordinated Notes (Residual Interest, current yield 13.42%, due 11/27/2024)(5)(14)",45500,,32393,,30702,,0.9%,,,
132,,,,,32393,,30702,,0.9%,,,,
133,"CIFC Funding 2014-IV Investor, Ltd.",Cayman Islands / Structured Finance,"Income Notes (Residual Interest, current yield 9.79%, due 10/17/2026)(5)(6)(14)",41500,,29454,,26111,,0.8%,,,
134,,,,,29454,,26111,,0.8%,,,,
135,"CIFC Funding 2016-I, Ltd.",Cayman Islands / Structured Finance,"Income Notes (Residual Interest, current yield 14.99%, due 10/21/2028)(5)(6)(14)",34000,,31312,,28040,,0.9%,,,
136,,,,,31312,,28040,,0.9%,,,,
137,"Cinedigm DC Holdings, LLC",New York / Media,"Senior Secured Term Loan (11.00% (LIBOR + 9.00% with 2.00% LIBOR floor) plus 2.50% PIK, due 3/31/2021)(10)(11)(46)",44056,,44006,,44056,,1.3%,,,
138,,,,,44006,,44056,,1.3%,,,,
139,Portfolio Company,Locale / Industry,Investments(1),Principal Value,Amortized Cost,Fair  Value(2),% of Net Assets,,,,,,
140,LEVEL 3 PORTFOLIO INVESTMENTS,,,,,,,,,,,,
141,Non-Control/Non-Affiliate Investments (less than 5.00% voting control),,,,,,,,,,,,
142,"Coverall North America, Inc.",Florida / Commercial Services & Supplies,"Senior Secured Term Loan A (7.34% (LIBOR + 6.00% with 1.00% LIBOR floor), due 11/02/2020)(3)(10)(11)",,22658,,,22658,,,22658.0,,0.7%
143,"Senior Secured Term Loan B (12.34% (LIBOR + 11.00% with 1.00% LIBOR floor), due 11/02/2020)(3)(10)(11)",24938,,24938,,24938,,0.7%,,,,,
144,,,,,47596,,47596,,1.4%,,,,
145,CURO Financial Technologies Corp.,Canada / Consumer Finance,"Senior Secured Notes (12.00%, due 3/1/2022)(8)(14)",10000,,9840,,10000,,0.3%,,,
146,,,,,9840,,10000,,0.3%,,,,
147,Digital Room LLC,California / Commercial Services & Supplies,"Second Lien Term Loan (11.24% (LIBOR + 10.00% with 1.00% LIBOR floor), due 5/21/2023)(3)(8)(10)(13)",34000,,33415,,34000,,1.0%,,,
148,,,,,33415,,34000,,1.0%,,,,
149,"Dunn Paper, Inc.",Georgia / Paper & Forest Products,"Second Lien Term Loan (9.99% (LIBOR + 8.75% with 1.00% LIBOR floor), due 8/26/2023)(3)(8)(10)(13)",11500,,11303,,11500,,0.3%,,,
150,,,,,11303,,11500,,0.3%,,,,
151,"Easy Gardener Products, Inc.",Texas / Household Durables,"Senior Secured Term Loan (11.30% (LIBOR + 10.00% with .25% LIBOR floor), due 09/30/2020)(3)(10)(11)",17194,,17194,,16683,,0.5%,,,
152,,,,,17194,,16683,,0.5%,,,,
153,"Engine Group, Inc.(7)",California / Media,"Senior Secured Term Loan (5.95% (LIBOR + 4.75% with 1.00% LIBOR floor), due 9/15/2022)(8)(9)(10)(11)",5000,,5000,,5000,,0.2%,,,
154,"Second Lien Term Loan (10.08% (LIBOR + 8.75% with 1.00% LIBOR floor), due 9/15/2023)(8)(10)(11)",35000,,35000,,35000,,1.0%,,,,,
155,,,,,40000,,40000,,1.2%,,,,
156,"Fleetwash, Inc.",New Jersey / Commercial Services & Supplies,"Senior Secured Term Loan B (10.30% (LIBOR + 9.00% with 1.00% LIBOR floor), due 4/30/2022)(3)(10)(11)",21544,,21544,,21544,,0.7%,,,
157,"Delayed Draw Term Loan – $15,000 Commitment (9.80% (LIBOR + 8.50% with 1.00% LIBOR floor)expires 4/30/2022)(10)(11)(15)",,,-,,-,,-%,,,,,
158,,,,,21544,,21544,,0.7%,,,,
159,"Galaxy XV CLO, Ltd.",Cayman Islands / Structured Finance,"Subordinated Notes (Residual Interest, current yield 10.86%, due 4/15/2025)(5)(14)",50525,,33768,,33118,,1.0%,,,
160,,,,,33768,,33118,,1.0%,,,,
161,"Galaxy XVI CLO, Ltd.",Cayman Islands / Structured Finance,"Subordinated Notes (Residual Interest, current yield 8.31%, due 11/16/2025)(5)(14)",24575,,17579,,15324,,0.5%,,,
162,,,,,17579,,15324,,0.5%,,,,
163,"Galaxy XVII CLO, Ltd.",Cayman Islands / Structured Finance,"Subordinated Notes (Residual Interest, current yield 7.38%, due 7/15/2026)(5)(6)(14)",39905,,28985,,24897,,0.8%,,,
164,,,,,28985,,24897,,0.8%,,,,
165,Halcyon Loan Advisors Funding 2012-1 Ltd.,Cayman Islands / Structured Finance,"Subordinated Notes (Residual Interest, current yield 0.00%, due 8/15/2023)(5)(14)(17)",23188,,4351,,4714,,0.1%,,,
166,,,,,4351,,4714,,0.1%,,,,
167,Halcyon Loan Advisors Funding 2013-1 Ltd.,Cayman Islands / Structured Finance,"Subordinated Notes (Residual Interest, current yield 6.34%, due 4/15/2025)(5)(14)",40400,,25749,,21925,,0.7%,,,
168,,,,,25749,,21925,,0.7%,,,,
169,Halcyon Loan Advisors Funding 2014-1 Ltd.,Cayman Islands / Structured Finance,"Subordinated Notes (Residual Interest, current yield 9.02%, due 4/18/2026)(5)(14)",24500,,15910,,14637,,0.4%,,,
170,,,,,15910,,14637,,0.4%,,,,
171,Portfolio Company,Locale / Industry,Investments(1),Principal Value,Amortized Cost,Fair  Value(2),% of Net Assets,,,,,,
172,LEVEL 3 PORTFOLIO INVESTMENTS,,,,,,,,,,,,
173,Non-Control/Non-Affiliate Investments (less than 5.00% voting control),,,,,,,,,,,,
174,Halcyon Loan Advisors Funding 2014-2 Ltd.,Cayman Islands / Structured Finance,"Subordinated Notes (Residual Interest, current yield 15.00%, due 4/28/2025)(5)(6)(14)",,41164,,,26946,,,25257.0,,0.8%
175,,,,,26946,,25257,,0.8%,,,,
176,Halcyon Loan Advisors Funding 2015-3 Ltd.,Cayman Islands / Structured Finance,"Subordinated Notes (Residual Interest, current yield 14.65%, due 10/18/2027)(5)(6)(14)",39598,,33779,,34298,,1.0%,,,
177,,,,,33779,,34298,,1.0%,,,,
178,"Harbortouch Payments, LLC",Pennsylvania / Commercial Services & Supplies,Escrow Receivable,,,-,,862,,-%,,,
179,,,,,-,,862,,-%,,,,
180,"HarbourView CLO VII, Ltd.",Cayman Islands / Structured Finance,"Subordinated Notes (Residual Interest, current yield 17.53%, due 11/18/2026)(5)(6)(14)",19025,,15016,,13626,,0.4%,,,
181,,,,,15016,,13626,,0.4%,,,,
182,"Harley Marine Services, Inc.",Washington / Marine,"Second Lien Term Loan (10.50% (LIBOR + 9.25% with 1.25% LIBOR floor), due 12/20/2019)(3)(8)(10)(11)",9000,,8927,,8853,,0.3%,,,
183,,,,,8927,,8853,,0.3%,,,,
184,"Ingenio, LLC",California / Internet Software and Services,"Senior Secured Term Loan (8.82% (LIBOR + 7.50% with 1.25% LIBOR floor), due 9/26/2022)(8)(10)(11)",10000,,10000,,10000,,0.3%,,,
185,,,,,10000,,10000,,0.3%,,,,
186,"Inpatient Care Management Company, LLC",Florida / Health Care Providers & Services,"Senior Secured Term Loan (9.30% (LIBOR + 8.00% with 1.00% LIBOR floor), due 6/8/2021(3)(10)(11)",25196,,25196,,25191,,0.8%,,,
187,,,,,25196,,25191,,0.8%,,,,
188,"Instant Web, LLC",Minnesota / Media,"Senior Secured Term Loan A (5.80% (LIBOR + 4.50% with 1.00% LIBOR floor), due 3/28/2019)(10)(11)",120948,,120948,,120948,,3.7%,,,
189,"Senior Secured Term Loan B (12.30% (LIBOR + 11.00% with 1.00% LIBOR floor), due 3/28/2019)(3)(10)(11)",158100,,158100,,158100,,4.8%,,,,,
190,"Senior Secured Term Loan C-1 (13.05% (LIBOR + 11.75% with 1.00% LIBOR floor), due 3/28/2019)(10)(11)",27000,,27000,,27000,,0.8%,,,,,
191,"Senior Secured Term Loan C-2 (13.80% (LIBOR + 12.50% with 1.00% LIBOR floor), due 3/28/2019)(10)(11)",25000,,25000,,25000,,0.8%,,,,,
192,"Senior Secured Term Loan C-3 (12.83% (LIBOR + 11.50% with 1.00% LIBOR floor), due 3/28/2019)(10)(11)",22000,,22000,,22000,,0.7%,,,,,
193,,,,,353048,,353048,,10.8%,,,,
194,"InterDent, Inc.",California / Health Care Providers & Services,"Senior Secured Term Loan A (6.74% (LIBOR + 5.50% with 0.75% LIBOR floor), due 12/31/2017)(10)(13)",78435,,78435,,78435,,2.4%,,,
195,"Senior Secured Term Loan B (11.74% (LIBOR + 10.50% with 0.75% LIBOR floor), due 12/31/2017)(3)(10)(13)",131125,,131125,,126287,,3.8%,,,,,
196,,,,,209560,,204722,,6.2%,,,,
197,JD Power and Associates,California / Capital Markets,"Second Lien Term Loan (9.83% (LIBOR + 8.50% with 1.00% LIBOR floor), due 9/7/2024)(3)(8)(10)(11)",20000,,19778,,20000,,0.6%,,,
198,,,,,19778,,20000,,0.6%,,,,
199,Jefferson Mill CLO Ltd.,Cayman Islands / Structured Finance,"Subordinated Notes (Residual Interest, current yield 9.10%, due 7/20/2027)(5)(6)(14)",19500,,16362,,12863,,0.4%,,,
200,,,,,16362,,12863,,0.4%,,,,
201,Portfolio Company,Locale / Industry,Investments(1),Principal Value,Amortized Cost,Fair  Value(2),% of Net Assets,,,,,,
202,LEVEL 3 PORTFOLIO INVESTMENTS,,,,,,,,,,,,
203,Non-Control/Non-Affiliate Investments (less than 5.00% voting control),,,,,,,,,,,,
204,"K&N Parent, Inc.",California / Auto Components,"Second Lien Term Loan (9.99% (LIBOR + 8.75% with 1.00% LIBOR floor), due 10/21/2024)(3)(8)(10)(13)",,13000,,,12770,,,13000.0,,0.4%
205,,,,,12770,,13000,,0.4%,,,,
206,Keystone Acquisition Corp.(36),Pennsylvania / Health Care Providers & Services,"Second Lien Term Loan (10.58% (LIBOR + 9.25% with 1.00% LIBOR floor), due 5/1/2025)(3)(8)(10)(11)",50000,,50000,,50000,,1.5%,,,
207,,,,,50000,,50000,,1.5%,,,,
208,"LaserShip, Inc.",Virginia / Air Freight & Logistics,"Senior Secured Term Loan A (10.25% (LIBOR + 8.25% with 2.00% LIBOR floor), due 3/18/2019)(3)(10)(13)",31960,,31960,,31960,,1.0%,,,
209,"Senior Secured Term Loan B (10.25% (LIBOR + 8.25% with 2.00% LIBOR floor), due 3/18/2019)(3)(10)(13)",19635,,19635,,19635,,0.6%,,,,,
210,,,,,51595,,51595,,1.6%,,,,
211,LCM XIV Ltd.,Cayman Islands / Structured Finance,"Income Notes (Residual Interest, current yield 12.18%, due 7/15/2025)(5)(14)",30500,,20730,,20077,,0.6%,,,
212,,,,,20730,,20077,,0.6%,,,,
213,"Madison Park Funding IX, Ltd.",Cayman Islands / Structured Finance,"Subordinated Notes (Residual Interest, current yield 0.00%, due 8/15/2022)(5)(14)(17)",43110,,6834,,8655,,0.3%,,,
214,,,,,6834,,8655,,0.3%,,,,
215,"Matrixx Initiatives, Inc.",New Jersey / Pharmaceuticals,"Senior Secured Term Loan A (7.84% (LIBOR + 6.50% with 1.00% LIBOR floor), due 9/22/2020)(3)(10)(11)",86427,,86427,,86427,,2.6%,,,
216,"Senior Secured Term Loan B (12.84% (LIBOR + 11.50% with 1.00% LIBOR floor), due 9/22/2020)(3)(10)(11)",69562,,69562,,69562,,2.1%,,,,,
217,,,,,155989,,155989,,4.7%,,,,
218,"Maverick Healthcare Equity, LLC",Arizona / Health Care Providers & Services,"Preferred Units (10.00%, 1,250,000 units)(16)",,1252,,697,,-%,,,,
219,"Class A Common Units (1,250,000 units)(16)",,-,,-,,-%,,,,,,
220,,,,,1252,,697,,-%,,,,
221,"Memorial MRI & Diagnostic, LLC",Texas / Health Care Providers & Services,"Senior Secured Term Loan (9.83% (LIBOR + 8.50% with 1.00% LIBOR floor), due 3/16/2022)(10)(11)",37620,,37620,,37620,,1.1%,,,
222,,,,,37620,,37620,,1.1%,,,,
223,Mountain View CLO 2013-I Ltd.,Cayman Islands / Structured Finance,"Subordinated Notes (Residual Interest, current yield 7.01%, due 4/12/2024)(5)(14)",43650,,27464,,24695,,0.8%,,,
224,,,,,27464,,24695,,0.8%,,,,
225,Mountain View CLO IX Ltd.,Cayman Islands / Structured Finance,"Subordinated Notes (Residual Interest, current yield 13.85%, due 7/15/2027)(5)(6)(14)",47830,,40597,,38942,,1.2%,,,
226,,,,,40597,,38942,,1.2%,,,,
227,National Home Healthcare Corp.,Michigan / Health Care Providers & Services,"Second Lien Term Loan (10.24% (LIBOR + 9.00% with 1.00% LIBOR floor), due 12/8/2022)(3)(8)(10)(13)",15407,,15209,,15407,,0.5%,,,
228,,,,,15209,,15407,,0.5%,,,,
229,NCP Finance Limited Partnership(38),Ohio / Consumer Finance,"Subordinated Secured Term Loan (11.00% (LIBOR + 9.75% with 1.25% LIBOR floor), due 9/30/2018)(3)(8)(10)(13)(14)",26800,,26440,,26269,,0.8%,,,
230,,,,,26440,,26269,,0.8%,,,,
231,"Octagon Investment Partners XV, Ltd.",Cayman Islands / Structured Finance,"Income Notes (Residual Interest, current yield 14.48%, due 7/19/2030)(5)(14)",42064,,30368,,24346,,0.7%,,,
232,,,,,30368,,24346,,0.7%,,,,
233,Portfolio Company,Locale / Industry,Investments(1),Principal Value,Amortized Cost,Fair  Value(2),% of Net Assets,,,,,,
234,LEVEL 3 PORTFOLIO INVESTMENTS,,,,,,,,,,,,
235,Non-Control/Non-Affiliate Investments (less than 5.00% voting control),,,,,,,,,,,,
236,"Octagon Investment Partners XVIII, Ltd.",Cayman Islands / Structured Finance,"Income Notes (Residual Interest, current yield 11.58%, due 12/16/2024)(5)(6)(14)",,28200,,,17927,,,15900.0,,0.5%
237,,,,,17927,,15900,,0.5%,,,,
238,Pacific World Corporation,California / Personal Products,"Revolving Line of Credit – $21,000 Commitment (8.49% (LIBOR + 7.25% with 1.00% LIBOR floor), due 9/26/2020)(10)(13)(15)",14725,,14725,,14725,,0.4%,,,
239,"Senior Secured Term Loan A (6.49% (LIBOR + 5.25% with 1.00% LIBOR floor), due 9/26/2020)(3)(10)(13)",97250,,97250,,95322,,2.9%,,,,,
240,"Senior Secured Term Loan B (10.49% (LIBOR + 9.25% with 1.00% LIBOR floor), due 9/26/2020)(3)(10)(13)",97250,,97250,,72866,,2.2%,,,,,
241,"Common Stock (6,778,414 units)(16)",,,-,,-,,-%,,,,,
242,,,,,209225,,182913,,5.6%,,,,
243,"Pelican Products, Inc.",California / Chemicals,"Second Lien Term Loan (9.58% (LIBOR + 8.25% with 1.00% LIBOR floor), due 4/9/2021)(3)(8)(10)(11)",17500,,17490,,16905,,0.5%,,,
244,,,,,17490,,16905,,0.5%,,,,
245,"PeopleConnect Intermediate, LLC (f/k/a Intelius, Inc.)",Washington / Internet Software & Services,"Revolving Line of Credit – $1,000 Commitment (9.80% (LIBOR + 8.50% with 1.00% LIBOR floor), due 8/11/2018)(10)(11)(15)",,,-,,-,,-%,,,
246,"Senior Secured Term Loan A (6.80% (LIBOR + 5.50% with 1.00% LIBOR floor), due 7/1/2020)(3)(10)(11)",19427,,19427,,19427,,0.6%,,,,,
247,"Senior Secured Term Loan B (12.80% (LIBOR + 11.50% with 1.00% LIBOR floor), due 7/1/2020)(3)(10)(11)",20463,,20463,,20463,,0.6%,,,,,
248,,,,,39890,,39890,,1.2%,,,,
249,"PGX Holdings, Inc.(40)",Utah / Diversified Consumer Services,"Second Lien Term Loan (10.24% (LIBOR + 9.00% with 1.00% LIBOR floor), due 9/29/2021)(3)(10)(13)",134668,,134668,,134668,,4.1%,,,
250,,,,,134668,,134668,,4.1%,,,,
251,Photonis Technologies SAS,"France / Electronic Equipment, Instruments & Components","First Lien Term Loan (8.83% (LIBOR + 7.50% with 1.00% LIBOR floor), due 9/18/2019)(8)(10)(11)(14)",9872,,9768,,8480,,0.3%,,,
252,,,,,9768,,8480,,0.3%,,,,
253,Pinnacle (US) Acquisition Co. Limited,Texas / Software,"Second Lien Term Loan (10.55% (LIBOR + 9.25% with 1.25% LIBOR floor), in non-accrual status effective 7/1/2017, due 8/3/2020)(8)(10)(11)",7037,,6947,,6333,,0.2%,,,
254,,,,,6947,,6333,,0.2%,,,,
255,"PlayPower, Inc.",North Carolina / Leisure Products,"Second Lien Term Loan (10.08% (LIBOR + 8.75% with 1.00% LIBOR floor), due 6/23/2022)(3)(8)(10)(11)",11000,,10886,,11000,,0.3%,,,
256,,,,,10886,,11000,,0.3%,,,,
257,"PrimeSport, Inc.","Georgia / Hotels, Restaurants & Leisure","Senior Secured Term Loan A (8.30% (LIBOR + 7.00% with 1.00% LIBOR floor), due 2/11/2021)(3)(10)(11)",53000,,53000,,47693,,1.5%,,,
258,"Senior Secured Term Loan B (13.30% (LIBOR + 12.00% with 1.00% LIBOR floor), due 2/11/2021)(3)(10)(11)",74500,,74500,,60453,,1.8%,,,,,
259,,,,,127500,,108146,,3.3%,,,,
260,Prince Mineral Holding Corp.,New York / Metals & Mining,"Senior Secured Term Loan (11.50%, due 12/15/2019)(8)",10000,,9958,,10000,,0.3%,,,
261,,,,,9958,,10000,,0.3%,,,,
262,Portfolio Company,Locale / Industry,Investments(1),Principal Value,Amortized Cost,Fair  Value(2),% of Net Assets,,,,,,
263,LEVEL 3 PORTFOLIO INVESTMENTS,,,,,,,,,,,,
264,Non-Control/Non-Affiliate Investments (less than 5.00% voting control),,,,,,,,,,,,
265,"RGIS Services, LLC",Michigan / Commercial Services & Supplies,"Senior Secured Term Loan (8.83% (LIBOR + 7.50% with 1.00% LIBOR floor), due 3/31/2023)(8)(10)(11)",,30884,,,30208,,,28832.0,,0.9%
266,,,,,30208,,28832,,0.9%,,,,
267,RME Group Holding Company,Florida / Media,"Senior Secured Term Loan A (7.33% (LIBOR + 6.00% with 1.00% LIBOR floor), due 5/4/2022)(3)(10)(11)",37313,,37313,,37313,,1.1%,,,
268,"Senior Secured Term Loan B (12.33% (LIBOR + 11.00% with 1.00% LIBOR floor), due 5/4/2022)(3)(10)(11)",24938,,24938,,24938,,0.8%,,,,,
269,,,,,62251,,62251,,1.9%,,,,
270,"Rocket Software, Inc.",Massachusetts / Software,"Second Lien Term Loan (10.83% (LIBOR + 9.50% with 1.00% LIBOR floor), due 10/14/2024)(3)(8)(10)(11)",50000,,49125,,50000,,1.5%,,,
271,,,,,49125,,50000,,1.5%,,,,
272,"SCS Merger Sub, Inc.",Texas / IT Services,"Second Lien Term Loan (10.74% (LIBOR + 9.50% with 1.00% LIBOR floor), due 10/30/2023)(3)(8)(10)(13)",20000,,19549,,20000,,0.6%,,,
273,,,,,19549,,20000,,0.6%,,,,
274,SESAC Holdco II LLC,Tennessee / Media,"Second Lien Term Loan (8.49% (LIBOR + 7.25% with 1.00% LIBOR floor), due 2/23/2025)(8)(10)(13)",3000,,2972,,2972,,0.1%,,,
275,,,,,2972,,2972,,0.1%,,,,
276,Small Business Whole Loan Portfolio(41),New York / Online Lending,"436 Small Business Loans purchased from On Deck Capital, Inc.",6050,,6050,,5669,,0.2%,,,
277,,,,,6050,,5669,,0.2%,,,,
278,"Spartan Energy Services, Inc.",Louisiana / Energy Equipment & Services,"Senior Secured Term Loan A (7.24% (LIBOR + 6.00% with 1.00% LIBOR floor), in non-accrual status effective 4/1/2016, due 12/28/2018)(10)(13)",13156,,11678,,8946,,0.3%,,,
279,"Senior Secured Term Loan B (13.24% (LIBOR + 12.00% with 1.00% LIBOR floor), in non-accrual status effective 4/1/2016, due 12/28/2018)(10)(13)",16469,,13669,,-,,-%,,,,,
280,,,,,25347,,8946,,0.3%,,,,
281,"Stryker Energy, LLC","Ohio / Oil, Gas & Consumable Fuels",Overriding Royalty Interests (43),,,-,,-,,-%,,,
282,,,,,,-,,-,,-%,,,
283,Sudbury Mill CLO Ltd.,Cayman Islands / Structured Finance,"Subordinated Notes (Residual Interest, current yield 9.82%, due 1/17/2026)(5)(14)",28200,,19256,,16027,,0.5%,,,
284,,,,,19256,,16027,,0.5%,,,,
285,Symphony CLO XIV Ltd.,Cayman Islands / Structured Finance,"Subordinated Notes (Residual Interest, current yield 6.35%, due 7/14/2026)(5)(6)(14)",49250,,35886,,30386,,0.9%,,,
286,,,,,35886,,30386,,0.9%,,,,
287,"Symphony CLO XV, Ltd.",Cayman Islands / Structured Finance,"Subordinated Notes (Residual Interest, current yield 10.46%, due 10/17/2026)(5)(14)",50250,,40711,,34932,,1.1%,,,
288,,,,,40711,,34932,,1.1%,,,,
289,"TouchTunes Interactive Networks, Inc.",New York / Internet Software & Services,"Second Lien Term Loan (9.57% (LIBOR + 8.25% with 1.00% LIBOR floor), due 5/29/2022)(3)(8)(10)(11)",14000,,13912,,14000,,0.4%,,,
290,,,,,13912,,14000,,0.4%,,,,
291,TGP HOLDINGS III LLC,Oregon / Household Durables,"Second Lien Term Loan (9.83% (LIBOR + 8.50% with 1.00% LIBOR floor), due 9/25/2025)(8)(10)(11)",3000,,2955,,3000,,0.1%,,,
292,,,,,2955,,3000,,0.1%,,,,
293,Portfolio Company,Locale / Industry,Investments(1),Principal Value,Amortized Cost,Fair  Value(2),% of Net Assets,,,,,,
294,LEVEL 3 PORTFOLIO INVESTMENTS,,,,,,,,,,,,
295,Non-Control/Non-Affiliate Investments (less than 5.00% voting control),,,,,,,,,,,,
296,"Turning Point Brands, Inc.(42)",Kentucky / Tobacco,"Second Lien Term Loan (11.00%, due 8/17/2022)(3)(8)",,14500,,,14372,,,14263.0,,0.4%
297,,,,,14372,,14263,,0.4%,,,,
298,"United Sporting Companies, Inc.(18)",South Carolina / Distributors,"Second Lien Term Loan (12.75% (LIBOR + 11.00% with 1.75% LIBOR floor) plus 2.00% PIK, in non-accrual status effective 4/1/2017, due 11/16/2019)(3)(10)(13)",142275,,136284,,65256,,2.0%,,,
299,"Common Stock (24,967 shares)(16)",,-,,-,,-%,,,,,,
300,,,,,136284,,65256,,2.0%,,,,
301,"Universal Fiber Systems, LLC","Virginia / Textiles, Apparel & Luxury Goods","Second Lien Term Loan (10.74% (LIBOR + 9.50% with 1.00% LIBOR floor), due 10/02/2022)(3)(8)(10)(13)",37000,,36472,,37000,,1.1%,,,
302,,,,,36472,,37000,,1.1%,,,,
303,"Universal Turbine Parts, LLC",Alabama / Trading Companies & Distributors,"Senior Secured Term Loan A (6.98% (LIBOR + 5.75% with 1.00% LIBOR floor), due 7/22/2021)(3)(10)(13)",32013,,32013,,30067,,0.9%,,,
304,"Senior Secured Term Loan B (12.98% (LIBOR + 11.75% with 1.00% LIBOR floor), due 7/22/2021)(3)(10)(13)",32500,,32500,,29924,,0.9%,,,,,
305,,,,,64513,,59991,,1.8%,,,,
306,"USG Intermediate, LLC",Texas / Leisure Products,"Revolving Line of Credit – $2,500 Commitment (10.49% (LIBOR + 9.25% with 1.00% LIBOR floor), due 8/24/2018)(10)(13)(15)",2500,,2500,,2500,,0.1%,,,
307,"Senior Secured Term Loan A (7.99% (LIBOR + 6.75% with 1.00% LIBOR floor), due 8/24/2022)(3)(10)(13)",14396,,14396,,14396,,0.4%,,,,,
308,"Senior Secured Term Loan B (12.99% (LIBOR + 11.75% with 1.00% LIBOR floor), due 8/24/2022)(3)(10)(13)",21646,,21646,,21646,,0.7%,,,,,
309,Equity(16),,1,,-,,-%,,,,,,
310,,,,,38543,,38542,,1.2%,,,,
311,"VC GB Holdings, Inc.",Illinois / Household Durables,"Subordinated Secured Term Loan (9.24% (LIBOR + 8.00% with 1.00% LIBOR floor), due 2/28/2025)(3)(8)(10)(13)",20000,,19721,,20000,,0.6%,,,
312,,,,,19721,,20000,,0.6%,,,,
313,Venio LLC,Pennsylvania / Professional Services,"Second Lien Term Loan (4.00% plus PIK 10.00% (LIBOR + 7.50% with 2.50% LIBOR floor), in non-accrual status effective 12/31/15, due 2/19/2020)(10)(11)",20442,,15897,,16248,,0.5%,,,
314,,,,,15897,,16248,,0.5%,,,,
315,"Voya CLO 2012-2, Ltd.",Cayman Islands / Structured Finance,"Income Notes (Residual Interest, current yield 0.00%, due 10/15/2022)(5)(14)(17)",38070,,1122,,1637,,-%,,,
316,,,,,1122,,1637,,-%,,,,
317,"Voya CLO 2012-3, Ltd.",Cayman Islands / Structured Finance,"Income Notes (Residual Interest, current yield 0.00%, due 10/15/2022)(5)(14)(17)",46632,,531,,1720,,0.1%,,,
318,,,,,531,,1720,,0.1%,,,,
319,"Voya CLO 2012-4, Ltd.",Cayman Islands / Structured Finance,"Income Notes (Residual Interest, current yield 12.96%, due 10/15/2028)(5)(14)",40613,,30903,,29515,,0.9%,,,
320,,,,,30903,,29515,,0.9%,,,,
321,"Voya CLO 2014-1, Ltd.",Cayman Islands / Structured Finance,"Subordinated Notes (Residual Interest, current yield 13.05%, due 4/18/2026)(5)(6)(14)",32383,,24323,,24373,,0.7%,,,
322,,,,,24323,,24373,,0.7%,,,,
323,"Voya CLO 2016-3, Ltd.",Cayman Islands / Structured Finance,"Subordinated Notes (Residual Interest, current yield 12.80%, due 10/18/2027)(5)(6)(14)",28100,,27079,,22384,,0.7%,,,
324,,,,,27079,,22384,,0.7%,,,,
325,Portfolio Company,Locale / Industry,Investments(1),Principal Value,Amortized Cost,Fair  Value(2),% of Net Assets,,,,,,
326,LEVEL 3 PORTFOLIO INVESTMENTS,,,,,,,,,,,,
327,Non-Control/Non-Affiliate Investments (less than 5.00% voting control),,,,,,,,,,,,
328,"Voya CLO 2017-3, Ltd.",Cayman Islands / Structured Finance,"Subordinated Notes (Residual Interest, current yield 14.65%, due 7/20/2030)(5)(6)(14)",,44885,,,46340,,,42581.0,,1.3%
329,,,,,46340,,42581,,1.3%,,,,
330,Washington Mill CLO Ltd.,Cayman Islands / Structured Finance,"Subordinated Notes (Residual Interest, current yield 7.06%, due 4/20/2026)(5)(6)(14)",22600,,16344,,13619,,0.4%,,,
331,,,,,16344,,13619,,0.4%,,,,
332,"Wheel Pros, LLC",Colorado / Auto Components,"Senior Subordinated Secured Note (11.00% (LIBOR + 7.00% with 4.00% LIBOR floor), due 6/29/2020)(3)(10)(11)",15300,,15300,,15300,,0.5%,,,
333,"Senior Subordinated Secured Note (11.00% (LIBOR + 7.00% with 4.00% LIBOR floor), due 6/29/2020)(3)(10)(11)",5460,,5460,,5460,,0.2%,,,,,
334,,,,,20760,,20760,,0.7%,,,,
335,Total Non-Control/Non-Affiliate Investments (Level 3),,,3997812,,,3736012,,113.7%,,,,
336,Total Portfolio Investments (Level 3),,,5883117,,,5687117,,173.0%,,,,
337,CCPI Inc.,-%,7.00%,7.00%,,,,,,,,,
338,"Cinedigm DC Holdings, LLC",-%,2.50%,2.50%,,,,,,,,,
339,Credit Central Loan Company,-%,10.00%,10.00%,,,,,,,,,
340,Echelon Aviation LLC,,,2.25%,(A),,,,,,,,
341,Echelon Aviation LLC,,,1.00%,(B),,,,,,,,
342,"Edmentum Ultimate Holdings, LLC - Unsecured Senior PIK Note",8.50%,-%,8.50%,,,,,,,,,
343,First Tower Finance Company LLC,3.92%,3.08%,7.00%,,,,,,,,,
344,"MITY, Inc.",-%,10.00%,10.00%,,,,,,,,,
345,National Property REIT Corp. - Senior Secured Term Loan A,-%,5.50%,5.50%,,,,,,,,,
346,National Property REIT Corp. - Senior Secured Term Loan E,-%,5.00%,5.00%,,,,,,,,,
347,"National Property REIT Corp. - Senior Secured Term Loan C to ACL Loan Holdings, Inc.",-%,5.00%,5.00%,,,,,,,,,
348,National Property REIT Corp. - Senior Secured Term Loan C to American Consumer Lending Limited,-%,5.00%,5.00%,,,,,,,,,
349,Nationwide Loan Company LLC,-%,10.00%,10.00%,,,,,,,,,
350,Targus Cayman HoldCo Limited - Senior Secured Term Loan A,15.00%,-%,15.00%,,,,,,,,,
351,Targus Cayman HoldCo Limited - Senior Secured Term Loan B,15.00%,-%,15.00%,,,,,,,,,
352,"Valley Electric Co. of Mt. Vernon, Inc.",-%,2.50%,2.50%,,,,,,,,,
353,"Valley Electric Company, Inc.",8.50%,-%,8.50%,,,,,,,,,
