,0,1,2,3,4,5,6,7,8,9,10,11
0,Portfolio Company,Locale / Industry,Investments(1),Principal Value,Amortized Cost,Fair  Value(2),% of Net Assets,,,,,
1,"Arctic Energy Services, LLC(17)",Wyoming / Energy Equipment & Services,"Class D Units (32,915 units)(15)",Principal Value,Amortized Cost,31640,% of Net Assets,,15258,,0.4%,
2,"Class E Units (21,080 units)(15)",Wyoming / Energy Equipment & Services,20230,Principal Value,-,31640,-%,,,,,
3,Class A Units (700 units)(15),Wyoming / Energy Equipment & Services,9006,Principal Value,-,31640,-%,,,,,
4,Class C Units (10 units)(15),Wyoming / Energy Equipment & Services,-,Principal Value,-,31640,-%,,,,,
5,Class C Units (10 units)(15),Wyoming / Energy Equipment & Services,-,Principal Value,60876,31640,15258,,0.4%,,,
6,CCPI Inc.(18),"Ohio / Electronic Equipment, Instruments & Components","Senior Secured Term Loan A (10.00%, due 12/31/2017)(3)",11975,60876,11975,15258,11975,,0.4%,,
7,"Senior Secured Term Loan B (12.00% plus 7.00% PIK, due 12/31/2017)(3)(44)",9320,"Senior Secured Term Loan A (10.00%, due 12/31/2017)(3)",9320,60876,9320,15258,0.3%,,,,
8,"Common Stock (14,857 shares)",9320,6759,9320,20703,9320,0.5%,0.3%,,,,
9,"Common Stock (14,857 shares)",9320,6759,9320,28054,9320,41998,0.3%,1.2%,,,
10,CP Energy Services Inc.(19),Oklahoma / Energy Equipment & Services,"Series B Convertible Preferred Stock (1,043 shares)(15)",9320,98273,9320,71205,0.3%,2.1%,,,
11,"Common Stock (2,924 shares)(15)",Oklahoma / Energy Equipment & Services,15227,9320,-,9320,-%,0.3%,,,,
12,"Common Stock (2,924 shares)(15)",Oklahoma / Energy Equipment & Services,15227,9320,113500,9320,71205,0.3%,2.1%,,,
13,"Credit Central Loan Company, LLC(20)",South Carolina / Consumer Finance,"Subordinated Term Loan (10.00% plus 10.00% PIK, due 6/26/2019)(13)(44)",51855,113500,44897,71205,51855,,1.5%,,
14,"Class A Units (10,640,642 units)(13)(15)",South Carolina / Consumer Finance,13731,51855,8342,44897,0.2%,51855,,,,
15,Net Revenues Interest (25% of Net Revenues)(13)(15),South Carolina / Consumer Finance,-,51855,2775,44897,0.2%,51855,,,,
16,Net Revenues Interest (25% of Net Revenues)(13)(15),South Carolina / Consumer Finance,-,51855,58628,44897,62972,51855,1.9%,,,
17,Echelon Aviation LLC,New York / Aerospace & Defense,"Senior Secured Term Loan (11.75% (LIBOR + 9.75% with 2.00% LIBOR floor) plus 2.25% PIK, due 3/31/2022)(10)(12)(44)",31055,58628,31055,62972,31055,,0.9%,,
18,"Senior Secured Term Loan (11.00% (LIBOR + 9.00% with 2.00% LIBOR floor) plus 1.00% PIK, due 12/7/2024)(10)(12)(44)",16044,"Senior Secured Term Loan (11.75% (LIBOR + 9.75% with 2.00% LIBOR floor) plus 2.25% PIK, due 3/31/2022)(10)(12)(44)",16044,58628,16044,62972,0.5%,,,,
19,Membership Interest (99%),16044,22738,16044,31676,16044,0.9%,0.5%,,,,
20,Membership Interest (99%),16044,22738,16044,69837,16044,78775,0.5%,2.3%,,,
21,"Edmentum Ultimate Holdings, LLC(21)",Minnesota / Diversified Consumer Services,"Second Lien Revolving Credit Facility to Edmentum, Inc. – $7,834 Commitment (5.00%, due 6/9/2020)(8)(14)",4896,69837,4896,78775,4896,,0.1%,,
22,"Unsecured Senior PIK Note (8.50% PIK, due 6/9/2020)(8)(44)",6763,"Second Lien Revolving Credit Facility to Edmentum, Inc. – $7,834 Commitment (5.00%, due 6/9/2020)(8)(14)",6763,69837,6763,78775,0.2%,,,,
23,"Unsecured Junior PIK Note (10.00% PIK, in non-accrual status effective 1/1/2017, due 6/9/2020)(8)",31102,"Second Lien Revolving Credit Facility to Edmentum, Inc. – $7,834 Commitment (5.00%, due 6/9/2020)(8)(14)",23829,69837,29701,78775,0.9%,,,,
24,"Class A Units (370,964 units)(15)",31102,6577,23829,-,29701,-%,0.9%,,,,
25,"Class A Units (370,964 units)(15)",31102,6577,23829,42065,29701,41360,0.9%,1.2%,,,
26,First Tower Finance Company LLC(22),Mississippi / Consumer Finance,"Subordinated Term Loan to First Tower, LLC (10.00% plus 7.00% PIK, due 6/24/2019)(13)(44)",258869,42065,258869,41360,258869,,7.6%,,
27,"Class A Units (93,997,533 units)(13)(15)",Mississippi / Consumer Finance,78481,258869,90556,258869,2.7%,258869,,,,
28,"Class A Units (93,997,533 units)(13)(15)",Mississippi / Consumer Finance,78481,258869,337350,258869,349425,258869,10.3%,,,
29,"Freedom Marine Solutions, LLC(23)",Louisiana / Energy Equipment & Services,Membership Interest (100%)(15),258869,41811,258869,23994,258869,0.7%,,,
30,"Freedom Marine Solutions, LLC(23)",Louisiana / Energy Equipment & Services,Membership Interest (100%)(15),258869,41811,258869,23994,258869,0.7%,,,
31,Portfolio Company,Locale / Industry,Investments(1),Principal Value,Amortized Cost,Fair  Value(2),% of Net Assets,258869,,,,
32,Gulf Coast Machine & Supply Company,Texas / Energy Equipment & Services,"Senior Secured Term Loan (10.50% (LIBOR + 8.50% with 2.00% LIBOR floor), in non-accrual status effective 1/1/2015, due 10/12/2017)(10)(11)",Principal Value,47163,Fair  Value(2),% of Net Assets,39403,,,7144.0,0.2%
33,"Series A Convertible Preferred Stock (99,900 shares)(15)",Texas / Energy Equipment & Services,25950,Principal Value,-,Fair  Value(2),-%,39403,,,,
34,Common Stock (100 shares)(15),Texas / Energy Equipment & Services,-,Principal Value,-,Fair  Value(2),-%,39403,,,,
35,Common Stock (100 shares)(15),Texas / Energy Equipment & Services,-,Principal Value,65353,Fair  Value(2),7144,39403,0.2%,,,
36,"MITY, Inc.(24)",Utah / Commercial Services & Supplies,"Senior Secured Note A (10.00% (LIBOR + 7.00% with 3.00% LIBOR floor), due 1/30/2020)(3)(10)(11)",26250,65353,26250,7144,26250,,0.8%,,
37,"Senior Secured Note B (10.00% (LIBOR + 7.00% with 3.00% LIBOR floor) plus 10.00% PIK, due 1/30/2020)(3)(10)(11)(44)",24442,"Senior Secured Note A (10.00% (LIBOR + 7.00% with 3.00% LIBOR floor), due 1/30/2020)(3)(10)(11)",24442,65353,24442,7144,0.7%,,,,
38,"Subordinated Unsecured Note to Broda Enterprises ULC (10.00%, due on demand)(13)",5531,"Senior Secured Note A (10.00% (LIBOR + 7.00% with 3.00% LIBOR floor), due 1/30/2020)(3)(10)(11)",7200,65353,5531,7144,0.2%,,,,
39,"Common Stock (42,053 shares)",5531,6849,7200,19441,5531,0.5%,0.2%,,,,
40,"Common Stock (42,053 shares)",5531,6849,7200,64741,5531,75664,0.2%,2.2%,,,
41,National Property REIT Corp.(25),Various / Equity Real Estate Investment Trusts (REITs) / Online Lending,"Senior Secured Term Loan A (6.00% (LIBOR + 4.00% with 2.00% LIBOR floor) plus 5.50% PIK, due 4/1/2019)(10)(11)(44)",297065,64741,297065,75664,297065,,8.8%,,
42,"Senior Secured Term Loan E (11.00% (LIBOR + 9.00% with 2.00% LIBOR floor) plus 5.00% PIK, due 4/1/2019)(10)(11)(44)",132741,"Senior Secured Term Loan A (6.00% (LIBOR + 4.00% with 2.00% LIBOR floor) plus 5.50% PIK, due 4/1/2019)(10)(11)(44)",132741,64741,132741,75664,3.9%,,,,
43,"Senior Secured Term Loan C to ACL Loan Holdings, Inc. (11.00% (LIBOR + 9.00% with 2.00% LIBOR floor) plus 5.00% PIK, due 4/1/2019)(10)(11)(13)(44)",99934,"Senior Secured Term Loan A (6.00% (LIBOR + 4.00% with 2.00% LIBOR floor) plus 5.50% PIK, due 4/1/2019)(10)(11)(44)",99934,64741,99934,75664,2.9%,,,,
44,"Senior Secured Term Loan C to American Consumer Lending Limited (11.00% (LIBOR + 9.00% with 2.00% LIBOR floor) plus 5.00% PIK, due 12/15/2020)(10)(11)(13)(44)",46918,"Senior Secured Term Loan A (6.00% (LIBOR + 4.00% with 2.00% LIBOR floor) plus 5.50% PIK, due 4/1/2019)(10)(11)(44)",46918,64741,46918,75664,1.4%,,,,
45,"Common Stock (2,266,143 shares)(15)",46918,244044,46918,292221,46918,8.6%,1.4%,,,,
46,Net Operating Income Interest (5% of Net Operating Income)(15),46918,-,46918,90738,46918,2.7%,1.4%,,,,
47,Net Operating Income Interest (5% of Net Operating Income)(15),46918,-,46918,820702,46918,959617,1.4%,28.3%,,,
48,Nationwide Loan Company LLC(26),Illinois / Consumer Finance,"Senior Subordinated Term Loan to Nationwide Acceptance LLC (10.00% plus 10.00% PIK, due 6/18/2019)(13)(44)",16819,820702,16819,959617,16819,,0.5%,,
49,"Class A Units (29,559,899 units)(13)",Illinois / Consumer Finance,16293,16819,19285,16819,0.6%,16819,,,,
50,"Class A Units (29,559,899 units)(13)",Illinois / Consumer Finance,16293,16819,33112,16819,36104,16819,1.1%,,,
51,"NMMB, Inc.(27)",New York / Media,"Senior Secured Note (14.00%, due 5/6/2021)",3714,33112,3714,36104,3714,,0.1%,,
52,"Senior Secured Note to Armed Forces Communications, Inc. (14.00%, due 5/6/2021)",7000,"Senior Secured Note (14.00%, due 5/6/2021)",7000,33112,7000,36104,0.2%,,,,
53,"Series A Preferred Stock (7,200 shares)(15)",7000,7200,7000,3598,7000,0.1%,0.2%,,,,
54,"Series B Preferred Stock (5,669 shares)(15)",7000,5669,7000,2833,7000,0.1%,0.2%,,,,
55,"Series B Preferred Stock (5,669 shares)(15)",7000,5669,7000,23583,7000,17145,0.2%,0.5%,,,
56,"R-V Industries, Inc.",Pennsylvania / Machinery,"Senior Subordinated Note (10.15% (LIBOR + 9.00% with 1.00% LIBOR floor), due 3/31/2022)(3)(10)(11)",28622,23583,28622,17145,28622,,0.8%,,
57,"Common Stock (745,107 shares)",Pennsylvania / Machinery,6866,28622,8601,28622,0.3%,28622,,,,
58,"Common Stock (745,107 shares)",Pennsylvania / Machinery,6866,28622,35488,28622,37223,28622,1.1%,,,
59,Portfolio Company,Locale / Industry,Investments(1),Principal Value,Amortized Cost,Fair  Value(2),% of Net Assets,28622,,,,
60,USES Corp.(28),Texas / Commercial Services & Supplies,"Senior Secured Term Loan A (9.00% PIK, in non-accrual status effective 4/1/2016, due 3/31/2019)",Principal Value,29433,Fair  Value(2),% of Net Assets,27658,,,23458.0,0.7%
61,"Senior Secured Term Loan B (15.50% PIK, in non-accrual status effective 4/1/2016, due 3/31/2019)",39892,"Senior Secured Term Loan A (9.00% PIK, in non-accrual status effective 4/1/2016, due 3/31/2019)",35568,29433,-,% of Net Assets,-%,,,,
62,"Common Stock (268,962 shares)(15)",39892,-,35568,-,-,-%,-%,,,,
63,"Common Stock (268,962 shares)(15)",39892,-,35568,63226,-,23458,-%,0.7%,,,
64,"Valley Electric Company, Inc.(29)",Washington / Construction & Engineering,"Senior Secured Note to Valley Electric Co. of Mt. Vernon, Inc. (8.00% (LIBOR + 5.00% with 3.00% LIBOR floor) plus 2.50% PIK, due 12/31/2019)(3)(10)(11)(44)",10430,63226,10430,23458,10430,,0.3%,,
65,"Senior Secured Note (10.00% plus 8.50% PIK, due 6/23/2019)(44)",25091,"Senior Secured Note to Valley Electric Co. of Mt. Vernon, Inc. (8.00% (LIBOR + 5.00% with 3.00% LIBOR floor) plus 2.50% PIK, due 12/31/2019)(3)(10)(11)(44)",25091,63226,22367,23458,0.7%,,,,
66,"Common Stock (50,000 shares)(15)",25091,26204,25091,-,22367,-%,0.7%,,,,
67,"Common Stock (50,000 shares)(15)",25091,26204,25091,61725,22367,32797,0.7%,1.0%,,,
68,"Wolf Energy, LLC(30)",Kansas / Energy Equipment & Services,"Senior Secured Promissory Note secured by assets formerly owned by H&M (18.00%, in non-accrual status effective 4/15/2013, due 4/15/2018)",41757,61725,-,32797,93,,0.1%,,
69,Membership Interest (100%)(15),Kansas / Energy Equipment & Services,-,41757,-,-,-%,93,,,,
70,"Membership Interest in Wolf Energy Services Company, LLC (100%)(15)",-,-,19376,-,18472,-%,0.5%,,,,
71,Net Profits Interest (8% of Equity Distributions)(4)(15),-,-,19376,15,18472,-%,0.5%,,,,
72,Net Profits Interest (8% of Equity Distributions)(4)(15),-,-,19376,19376,18472,18580,0.5%,0.6%,,,
73,Net Profits Interest (8% of Equity Distributions)(4)(15),-,1939427,19376,19376,1892719,18580,55.8%,,,,
74,Portfolio Company,Locale / Industry,Investments(1),Principal Value,Amortized Cost,Fair  Value(2),% of Net Assets,55.8%,,,,
75,"AFI Shareholder, LLC  (f/k/a Aircraft Fasteners International, LLC)",California / Trading Companies & Distributors,"Class A Units (32,500 units)(15)",Principal Value,Amortized Cost,272,% of Net Assets,55.8%,1081,,-%,
76,"AFI Shareholder, LLC  (f/k/a Aircraft Fasteners International, LLC)",California / Trading Companies & Distributors,"Class A Units (32,500 units)(15)",Principal Value,272,272,1081,55.8%,-%,,,
77,American Gilsonite Company(32),Utah / Chemicals,Membership Interest (1.93%)(15),Principal Value,-,272,-,55.8%,-%,,,
78,American Gilsonite Company(32),Utah / Chemicals,Membership Interest (1.93%)(15),Principal Value,-,272,-,55.8%,-%,,,
79,Apidos CLO IX,Cayman Islands / Structured Finance,"Subordinated Notes (Residual Interest, current yield 0.00%, due 7/15/2023)(5)(13)(16)",23525,-,18659,-,15659,,0.5%,,
80,Apidos CLO IX,Cayman Islands / Structured Finance,"Subordinated Notes (Residual Interest, current yield 0.00%, due 7/15/2023)(5)(13)(16)",23525,18659,18659,15659,15659,0.5%,,,
81,Apidos CLO XI,Cayman Islands / Structured Finance,"Subordinated Notes (Residual Interest, current yield 11.38%, due 10/17/28)(5)(13)",40500,18659,30085,15659,25879,,0.8%,,
82,Apidos CLO XI,Cayman Islands / Structured Finance,"Subordinated Notes (Residual Interest, current yield 11.38%, due 10/17/28)(5)(13)",40500,30085,30085,25879,25879,0.8%,,,
83,Apidos CLO XII,Cayman Islands / Structured Finance,"Subordinated Notes (Residual Interest, current yield 10.11%, due 4/15/2025)(5)(13)",44063,30085,31781,25879,28485,,0.8%,,
84,Apidos CLO XII,Cayman Islands / Structured Finance,"Subordinated Notes (Residual Interest, current yield 10.11%, due 4/15/2025)(5)(13)",44063,31781,31781,28485,28485,0.8%,,,
85,Apidos CLO XV,Cayman Islands / Structured Finance,"Subordinated Notes (Residual Interest, current yield 12.18%, due 10/20/2025)(5)(13)",36515,31781,29352,28485,25307,,0.7%,,
86,Apidos CLO XV,Cayman Islands / Structured Finance,"Subordinated Notes (Residual Interest, current yield 12.18%, due 10/20/2025)(5)(13)",36515,29352,29352,25307,25307,0.7%,,,
87,Apidos CLO XXII,Cayman Islands / Structured Finance,"Subordinated Notes (Residual Interest, current yield 16.20%, due 10/20/2027)(5)(6)(13)",31350,29352,27083,25307,26695,,0.8%,,
88,Apidos CLO XXII,Cayman Islands / Structured Finance,"Subordinated Notes (Residual Interest, current yield 16.20%, due 10/20/2027)(5)(6)(13)",31350,27083,27083,26695,26695,0.8%,,,
89,"Ark-La-Tex Wireline Services, LLC",Louisiana / Energy Equipment & Services,"Senior Secured Term Loan B (12.50% (LIBOR + 11.50% with 1.00% LIBOR floor), in non-accrual status effective 4/1/2016, due 4/8/2019)(10)(12)",26080,27083,21447,26695,1450,,-%,,
90,"Ark-La-Tex Wireline Services, LLC",Louisiana / Energy Equipment & Services,"Senior Secured Term Loan B (12.50% (LIBOR + 11.50% with 1.00% LIBOR floor), in non-accrual status effective 4/1/2016, due 4/8/2019)(10)(12)",26080,21447,21447,1450,1450,-%,,,
91,Armor Holding II LLC,New York / Commercial Services & Supplies,"Second Lien Term Loan (10.25% (LIBOR + 9.00% with 1.25% LIBOR floor), due 12/26/2020)(3)(8)(10)(11)",7000,21447,6923,1450,6923,,0.2%,,
92,Armor Holding II LLC,New York / Commercial Services & Supplies,"Second Lien Term Loan (10.25% (LIBOR + 9.00% with 1.25% LIBOR floor), due 12/26/2020)(3)(8)(10)(11)",7000,6923,6923,6923,6923,0.2%,,,
93,"Atlantis Health Care Group (Puerto Rico), Inc.",Puerto Rico / Health Care Providers & Services,"Revolving Line of Credit – $7,000 Commitment (9.50% (LIBOR + 8.00% with 1.50% LIBOR floor), due 8/21/2018)(10)(11)(14)",2350,6923,2350,6923,2350,,0.1%,,
94,"Senior Term Loan (9.50% (LIBOR + 8.00% with 1.50% LIBOR floor), due 2/21/2020)(3)(10)(11)",79764,"Revolving Line of Credit – $7,000 Commitment (9.50% (LIBOR + 8.00% with 1.50% LIBOR floor), due 8/21/2018)(10)(11)(14)",79764,6923,79764,6923,2.3%,,,,
95,"Senior Term Loan (9.50% (LIBOR + 8.00% with 1.50% LIBOR floor), due 2/21/2020)(3)(10)(11)",79764,"Revolving Line of Credit – $7,000 Commitment (9.50% (LIBOR + 8.00% with 1.50% LIBOR floor), due 8/21/2018)(10)(11)(14)",79764,82114,79764,82114,2.3%,2.4%,,,
96,Babson CLO Ltd. 2014-III,Cayman Islands / Structured Finance,"Subordinated Notes (Residual Interest, current yield 15.02%, due 1/15/2026)(5)(6)(13)",52250,82114,42815,82114,39221,,1.2%,,
97,Babson CLO Ltd. 2014-III,Cayman Islands / Structured Finance,"Subordinated Notes (Residual Interest, current yield 15.02%, due 1/15/2026)(5)(6)(13)",52250,42815,42815,39221,39221,1.2%,,,
98,"Broder Bros., Co.","Pennsylvania / Textiles, Apparel & Luxury Goods","Senior Secured Term Loan A (7.00% (LIBOR + 5.75% with 1.25% LIBOR floor), due 6/03/2021)(3)(10)(12)",118524,42815,118524,39221,118524,,3.5%,,
99,"Senior Secured Term Loan B (13.50% (LIBOR + 12.25% with 1.25% LIBOR floor), due 6/03/2021)(10)(12)",119999,"Senior Secured Term Loan A (7.00% (LIBOR + 5.75% with 1.25% LIBOR floor), due 6/03/2021)(3)(10)(12)",119999,42815,119999,39221,3.5%,,,,
100,"Senior Secured Term Loan B (13.50% (LIBOR + 12.25% with 1.25% LIBOR floor), due 6/03/2021)(10)(12)",119999,"Senior Secured Term Loan A (7.00% (LIBOR + 5.75% with 1.25% LIBOR floor), due 6/03/2021)(3)(10)(12)",119999,238523,119999,238523,3.5%,7.0%,,,
101,Brookside Mill CLO Ltd.,Cayman Islands / Structured Finance,"Subordinated Notes (Residual Interest, current yield 7.49%, due 4/17/2025)(5)(13)",26000,238523,18235,238523,16243,,0.5%,,
102,Brookside Mill CLO Ltd.,Cayman Islands / Structured Finance,"Subordinated Notes (Residual Interest, current yield 7.49%, due 4/17/2025)(5)(13)",26000,18235,18235,16243,16243,0.5%,,,
103,Portfolio Company,Locale / Industry,Investments(1),Principal Value,Amortized Cost,Fair  Value(2),% of Net Assets,16243,,,,
104,California Street CLO IX Ltd. (f/k/a Symphony CLO IX Ltd.),Cayman Islands / Structured Finance,"Preference Shares (Residual Interest, current yield 13.98%, due 10/16/2028)(5)(13)",Principal Value,58915,Fair  Value(2),% of Net Assets,41073,,,36024.0,1.1%
105,California Street CLO IX Ltd. (f/k/a Symphony CLO IX Ltd.),Cayman Islands / Structured Finance,"Preference Shares (Residual Interest, current yield 13.98%, due 10/16/2028)(5)(13)",Principal Value,41073,Fair  Value(2),36024,41073,1.1%,,,
106,"Capstone Logistics Acquisition, Inc.",Georgia / Commercial Services & Supplies,"Second Lien Term Loan (9.25% (LIBOR + 8.25% with 1.00% LIBOR floor), due 10/7/2022)(3)(8)(10)(11)",101828,41073,101362,36024,100741,,3.0%,,
107,"Capstone Logistics Acquisition, Inc.",Georgia / Commercial Services & Supplies,"Second Lien Term Loan (9.25% (LIBOR + 8.25% with 1.00% LIBOR floor), due 10/7/2022)(3)(8)(10)(11)",101828,101362,101362,100741,100741,3.0%,,,
108,"Carlyle Global Market Strategies CLO 2016-3, Ltd.",Cayman Islands / Structured Finance,"Subordinated Notes (Residual Interest, current yield 16.49%, due 10/20/2029)(5)(6)(13)",32200,101362,32520,100741,28924,,0.9%,,
109,"Carlyle Global Market Strategies CLO 2016-3, Ltd.",Cayman Islands / Structured Finance,"Subordinated Notes (Residual Interest, current yield 16.49%, due 10/20/2029)(5)(6)(13)",32200,32520,32520,28924,28924,0.9%,,,
110,Cent CLO 17 Limited,Cayman Islands / Structured Finance,"Subordinated Notes (Residual Interest, current yield 7.39%, due 1/30/2025)(5)(13)",24870,32520,18168,28924,15487,,0.5%,,
111,Cent CLO 17 Limited,Cayman Islands / Structured Finance,"Subordinated Notes (Residual Interest, current yield 7.39%, due 1/30/2025)(5)(13)",24870,18168,18168,15487,15487,0.5%,,,
112,Cent CLO 20 Limited,Cayman Islands / Structured Finance,"Subordinated Notes (Residual Interest, current yield 6.51%, due 1/25/2026)(5)(13)",40275,18168,31502,15487,24797,,0.7%,,
113,Cent CLO 20 Limited,Cayman Islands / Structured Finance,"Subordinated Notes (Residual Interest, current yield 6.51%, due 1/25/2026)(5)(13)",40275,31502,31502,24797,24797,0.7%,,,
114,Cent CLO 21 Limited,Cayman Islands / Structured Finance,"Subordinated Notes (Residual Interest, current yield 10.68%, due 7/27/2026)(5)(6)(13)",48528,31502,35952,24797,30947,,0.9%,,
115,Cent CLO 21 Limited,Cayman Islands / Structured Finance,"Subordinated Notes (Residual Interest, current yield 10.68%, due 7/27/2026)(5)(6)(13)",48528,35952,35952,30947,30947,0.9%,,,
116,Centerfield Media Holding Company(33),California / Internet Software and Services,"Senior Secured Term Loan A (8.15% (LIBOR + 7.00% with 1.00% LIBOR floor), due 1/17/2022)(3)(8)(10)(11)",67660,35952,67660,30947,67660,,2.0%,,
117,"Senior Secured Term Loan B (13.65% (LIBOR + 12.50% with 1.00% LIBOR floor), due 1/17/2022)(8)(10)(11)",68000,"Senior Secured Term Loan A (8.15% (LIBOR + 7.00% with 1.00% LIBOR floor), due 1/17/2022)(3)(8)(10)(11)",68000,35952,68000,30947,2.0%,,,,
118,"Senior Secured Term Loan B (13.65% (LIBOR + 12.50% with 1.00% LIBOR floor), due 1/17/2022)(8)(10)(11)",68000,"Senior Secured Term Loan A (8.15% (LIBOR + 7.00% with 1.00% LIBOR floor), due 1/17/2022)(3)(8)(10)(11)",68000,135660,68000,135660,2.0%,4.0%,,,
119,"CIFC Funding 2013-III, Ltd.",Cayman Islands / Structured Finance,"Subordinated Notes (Residual Interest, current yield 16.68%, due 10/24/2025)(5)(13)",44100,135660,31118,135660,30495,,0.9%,,
120,"CIFC Funding 2013-III, Ltd.",Cayman Islands / Structured Finance,"Subordinated Notes (Residual Interest, current yield 16.68%, due 10/24/2025)(5)(13)",44100,31118,31118,30495,30495,0.9%,,,
121,"CIFC Funding 2013-IV, Ltd.",Cayman Islands / Structured Finance,"Subordinated Notes (Residual Interest, current yield 18.72%, due 11/27/2024)(5)(13)",45500,31118,33065,30495,34293,,1.0%,,
122,"CIFC Funding 2013-IV, Ltd.",Cayman Islands / Structured Finance,"Subordinated Notes (Residual Interest, current yield 18.72%, due 11/27/2024)(5)(13)",45500,33065,33065,34293,34293,1.0%,,,
123,"CIFC Funding 2014-IV Investor, Ltd.",Cayman Islands / Structured Finance,"Income Notes (Residual Interest, current yield 16.37%, due 10/17/2026)(5)(6)(13)",41500,33065,30538,34293,31185,,0.9%,,
124,"CIFC Funding 2014-IV Investor, Ltd.",Cayman Islands / Structured Finance,"Income Notes (Residual Interest, current yield 16.37%, due 10/17/2026)(5)(6)(13)",41500,30538,30538,31185,31185,0.9%,,,
125,"CIFC Funding 2016-I, Ltd.",Cayman Islands / Structured Finance,"Income Notes (Residual Interest, current yield 17.50%, due 10/21/2028)(5)(6)(13)",34000,30538,31369,31185,29896,,0.9%,,
126,"CIFC Funding 2016-I, Ltd.",Cayman Islands / Structured Finance,"Income Notes (Residual Interest, current yield 17.50%, due 10/21/2028)(5)(6)(13)",34000,31369,31369,29896,29896,0.9%,,,
127,"Cinedigm DC Holdings, LLC",New York / Media,"Senior Secured Term Loan (11.00% (LIBOR + 9.00% with 2.00% LIBOR floor) plus 2.50% PIK, due 3/31/2021)(10)(11)(44)",54656,31369,54606,29896,54656,,1.6%,,
128,"Cinedigm DC Holdings, LLC",New York / Media,"Senior Secured Term Loan (11.00% (LIBOR + 9.00% with 2.00% LIBOR floor) plus 2.50% PIK, due 3/31/2021)(10)(11)(44)",54656,54606,54606,54656,54656,1.6%,,,
129,"Coverall North America, Inc.",Florida / Commercial Services & Supplies,"Senior Secured Term Loan A (7.15% (LIBOR + 6.00% with 1.00% LIBOR floor), due 11/02/2020)(3)(10)(11)",23500,54606,23500,54656,23500,,0.7%,,
130,"Senior Secured Term Loan B (12.15% (LIBOR + 11.00% with 1.00% LIBOR floor), due 11/02/2020)(3)(10)(11)",25000,"Senior Secured Term Loan A (7.15% (LIBOR + 6.00% with 1.00% LIBOR floor), due 11/02/2020)(3)(10)(11)",25000,54606,25000,54656,0.7%,,,,
131,"Senior Secured Term Loan B (12.15% (LIBOR + 11.00% with 1.00% LIBOR floor), due 11/02/2020)(3)(10)(11)",25000,"Senior Secured Term Loan A (7.15% (LIBOR + 6.00% with 1.00% LIBOR floor), due 11/02/2020)(3)(10)(11)",25000,48500,25000,48500,0.7%,1.4%,,,
132,Portfolio Company,Locale / Industry,Investments(1),Principal Value,Amortized Cost,Fair  Value(2),% of Net Assets,0.7%,,,,
133,Crosman Corporation,New York / Leisure Products,"Senior Secured Term Loan A (9.68% (LIBOR + 8.70% with .30% LIBOR floor) plus 4.00% PIK, due 8/5/2020)(3)(10)(12)(44)",Principal Value,55652,Fair  Value(2),% of Net Assets,55652,,,55652.0,1.6%
134,"Senior Secured Term Loan B (16.68% (LIBOR + 15.70% with .30% LIBOR floor) plus 4.00% PIK, due 8/5/2020)(10)(12)(44)",42402,"Senior Secured Term Loan A (9.68% (LIBOR + 8.70% with .30% LIBOR floor) plus 4.00% PIK, due 8/5/2020)(3)(10)(12)(44)",42402,55652,42402,% of Net Assets,1.3%,,,,
135,"Senior Secured Term Loan B (16.68% (LIBOR + 15.70% with .30% LIBOR floor) plus 4.00% PIK, due 8/5/2020)(10)(12)(44)",42402,"Senior Secured Term Loan A (9.68% (LIBOR + 8.70% with .30% LIBOR floor) plus 4.00% PIK, due 8/5/2020)(3)(10)(12)(44)",42402,98054,42402,98054,1.3%,2.9%,,,
136,CURO Financial Technologies Corp.,Canada / Consumer Finance,"Senior Secured Notes (12.00%, due 3/1/2022)(8)(13)",10000,98054,9822,98054,10000,,0.3%,,
137,CURO Financial Technologies Corp.,Canada / Consumer Finance,"Senior Secured Notes (12.00%, due 3/1/2022)(8)(13)",10000,9822,9822,10000,10000,0.3%,,,
138,Digital Room LLC,California / Commercial Services & Supplies,"Second Lien Term Loan (11.00% (LIBOR + 10.00% with 1.00% LIBOR floor), due 5/21/2023)(3)(8)(10)(12)",34000,9822,33363,10000,33363,,1.0%,,
139,Digital Room LLC,California / Commercial Services & Supplies,"Second Lien Term Loan (11.00% (LIBOR + 10.00% with 1.00% LIBOR floor), due 5/21/2023)(3)(8)(10)(12)",34000,33363,33363,33363,33363,1.0%,,,
140,"Dunn Paper, Inc.",Georgia / Paper & Forest Products,"Second Lien Term Loan (9.75% (LIBOR + 8.75% with 1.00% LIBOR floor), due 8/26/2023)(3)(8)(10)(11)",11500,33363,11287,33363,11313,,0.3%,,
141,"Dunn Paper, Inc.",Georgia / Paper & Forest Products,"Second Lien Term Loan (9.75% (LIBOR + 8.75% with 1.00% LIBOR floor), due 8/26/2023)(3)(8)(10)(11)",11500,11287,11287,11313,11313,0.3%,,,
142,"Easy Gardener Products, Inc.",Texas / Household Durables,"Senior Secured Term Loan (11.15% (LIBOR + 10.00% with .25% LIBOR floor), due 09/30/2020)(3)(10)(11)",17238,11287,17238,11313,17238,,0.5%,,
143,"Easy Gardener Products, Inc.",Texas / Household Durables,"Senior Secured Term Loan (11.15% (LIBOR + 10.00% with .25% LIBOR floor), due 09/30/2020)(3)(10)(11)",17238,17238,17238,17238,17238,0.5%,,,
144,"EZShield Parent, Inc.",Maryland / Internet Software & Services,"Senior Secured Term Loan A (7.75% (LIBOR + 6.75% with 1.00% LIBOR floor), due 2/26/2021)(10)(12)",15000,17238,15000,17238,15000,,0.4%,,
145,"Senior Secured Term Loan B (12.75% (LIBOR + 11.75% with 1.00% LIBOR floor), due 2/26/2021)(10)(12)",15000,"Senior Secured Term Loan A (7.75% (LIBOR + 6.75% with 1.00% LIBOR floor), due 2/26/2021)(10)(12)",15000,17238,15000,17238,0.4%,,,,
146,"Senior Secured Term Loan B (12.75% (LIBOR + 11.75% with 1.00% LIBOR floor), due 2/26/2021)(10)(12)",15000,"Senior Secured Term Loan A (7.75% (LIBOR + 6.75% with 1.00% LIBOR floor), due 2/26/2021)(10)(12)",15000,30000,15000,30000,0.4%,0.8%,,,
147,"Fleetwash, Inc.",New Jersey / Commercial Services & Supplies,"Senior Secured Term Loan B (10.65% (LIBOR + 9.50% with 1.00% LIBOR floor), due 4/30/2019)(3)(10)(11)",23402,30000,23402,30000,23402,,0.7%,,
148,"Delayed Draw Term Loan – $15,000 Commitment (9.65% (LIBOR + 8.50% with 1.00% LIBOR floor)expires 4/30/2019)(10)(14)",-,"Senior Secured Term Loan B (10.65% (LIBOR + 9.50% with 1.00% LIBOR floor), due 4/30/2019)(3)(10)(11)",-,30000,-,30000,-%,,,,
149,"Delayed Draw Term Loan – $15,000 Commitment (9.65% (LIBOR + 8.50% with 1.00% LIBOR floor)expires 4/30/2019)(10)(14)",-,"Senior Secured Term Loan B (10.65% (LIBOR + 9.50% with 1.00% LIBOR floor), due 4/30/2019)(3)(10)(11)",-,23402,-,23402,-%,0.7%,,,
150,"Galaxy XV CLO, Ltd.",Cayman Islands / Structured Finance,"Subordinated Notes (Residual Interest, current yield 16.81%, due 4/15/2025)(5)(13)",50525,23402,34526,23402,37277,,1.1%,,
151,"Galaxy XV CLO, Ltd.",Cayman Islands / Structured Finance,"Subordinated Notes (Residual Interest, current yield 16.81%, due 4/15/2025)(5)(13)",50525,34526,34526,37277,37277,1.1%,,,
152,"Galaxy XVI CLO, Ltd.",Cayman Islands / Structured Finance,"Subordinated Notes (Residual Interest, current yield 13.80%, due 11/16/2025)(5)(13)",24575,34526,18253,37277,17448,,0.5%,,
153,"Galaxy XVI CLO, Ltd.",Cayman Islands / Structured Finance,"Subordinated Notes (Residual Interest, current yield 13.80%, due 11/16/2025)(5)(13)",24575,18253,18253,17448,17448,0.5%,,,
154,"Galaxy XVII CLO, Ltd.",Cayman Islands / Structured Finance,"Subordinated Notes (Residual Interest, current yield 12.72%, due 7/15/2026)(5)(6)(13)",39905,18253,30210,17448,28854,,0.9%,,
155,"Galaxy XVII CLO, Ltd.",Cayman Islands / Structured Finance,"Subordinated Notes (Residual Interest, current yield 12.72%, due 7/15/2026)(5)(6)(13)",39905,30210,30210,28854,28854,0.9%,,,
156,"Global Employment Solutions, Inc.",Colorado / Professional Services,"Senior Secured Term Loan (9.00% (LIBOR + 8.00% with 1.00% LIBOR floor), due 6/26/2020)(3)(10)(12)",49125,30210,49125,28854,49125,,1.4%,,
157,"Global Employment Solutions, Inc.",Colorado / Professional Services,"Senior Secured Term Loan (9.00% (LIBOR + 8.00% with 1.00% LIBOR floor), due 6/26/2020)(3)(10)(12)",49125,49125,49125,49125,49125,1.4%,,,
158,Halcyon Loan Advisors Funding 2012-1 Ltd.,Cayman Islands / Structured Finance,"Subordinated Notes (Residual Interest, current yield 0.00%, due 8/15/2023)(5)(13)(16)",23188,49125,15774,49125,13141,,0.4%,,
159,Halcyon Loan Advisors Funding 2012-1 Ltd.,Cayman Islands / Structured Finance,"Subordinated Notes (Residual Interest, current yield 0.00%, due 8/15/2023)(5)(13)(16)",23188,15774,15774,13141,13141,0.4%,,,
160,Halcyon Loan Advisors Funding 2013-1 Ltd.,Cayman Islands / Structured Finance,"Subordinated Notes (Residual Interest, current yield 12.90%, due 4/15/2025)(5)(13)",40400,15774,28538,13141,28011,,0.8%,,
161,Halcyon Loan Advisors Funding 2013-1 Ltd.,Cayman Islands / Structured Finance,"Subordinated Notes (Residual Interest, current yield 12.90%, due 4/15/2025)(5)(13)",40400,28538,28538,28011,28011,0.8%,,,
162,Portfolio Company,Locale / Industry,Investments(1),Principal Value,Amortized Cost,Fair  Value(2),% of Net Assets,28011,,,,
163,Halcyon Loan Advisors Funding 2014-1 Ltd.,Cayman Islands / Structured Finance,"Subordinated Notes (Residual Interest, current yield 13.38%, due 4/18/2026)(5)(13)",Principal Value,24500,Fair  Value(2),% of Net Assets,16713,,,16213.0,0.5%
164,Halcyon Loan Advisors Funding 2014-1 Ltd.,Cayman Islands / Structured Finance,"Subordinated Notes (Residual Interest, current yield 13.38%, due 4/18/2026)(5)(13)",Principal Value,16713,Fair  Value(2),16213,16713,0.5%,,,
165,Halcyon Loan Advisors Funding 2014-2 Ltd.,Cayman Islands / Structured Finance,"Subordinated Notes (Residual Interest, current yield 14.73%, due 4/28/2025)(5)(6)(13)",41164,16713,28035,16213,28193,,0.8%,,
166,Halcyon Loan Advisors Funding 2014-2 Ltd.,Cayman Islands / Structured Finance,"Subordinated Notes (Residual Interest, current yield 14.73%, due 4/28/2025)(5)(6)(13)",41164,28035,28035,28193,28193,0.8%,,,
167,Halcyon Loan Advisors Funding 2015-3 Ltd.,Cayman Islands / Structured Finance,"Subordinated Notes (Residual Interest, current yield 16.12%, due 10/18/2027)(5)(6)(13)",39598,28035,34900,28193,36256,,1.1%,,
168,Halcyon Loan Advisors Funding 2015-3 Ltd.,Cayman Islands / Structured Finance,"Subordinated Notes (Residual Interest, current yield 16.12%, due 10/18/2027)(5)(6)(13)",39598,34900,34900,36256,36256,1.1%,,,
169,"Harbortouch Payments, LLC",Pennsylvania / Commercial Services & Supplies,Escrow Receivable(15),39598,-,34900,2209,36256,0.1%,,,
170,"Harbortouch Payments, LLC",Pennsylvania / Commercial Services & Supplies,Escrow Receivable(15),39598,-,34900,2209,36256,0.1%,,,
171,"HarbourView CLO VII, Ltd.",Cayman Islands / Structured Finance,"Subordinated Notes (Residual Interest, current yield 20.66%, due 11/18/2026)(5)(6)(13)",19025,-,15003,2209,14413,,0.4%,,
172,"HarbourView CLO VII, Ltd.",Cayman Islands / Structured Finance,"Subordinated Notes (Residual Interest, current yield 20.66%, due 11/18/2026)(5)(6)(13)",19025,15003,15003,14413,14413,0.4%,,,
173,"Harley Marine Services, Inc.",Washington / Marine,"Second Lien Term Loan (10.50% (LIBOR + 9.25% with 1.25% LIBOR floor), due 12/20/2019)(3)(8)(10)(11)",9000,15003,8910,14413,8813,,0.3%,,
174,"Harley Marine Services, Inc.",Washington / Marine,"Second Lien Term Loan (10.50% (LIBOR + 9.25% with 1.25% LIBOR floor), due 12/20/2019)(3)(8)(10)(11)",9000,8910,8910,8813,8813,0.3%,,,
175,"Hollander Sleep Products, LLC","Florida / Textiles, Apparel & Luxury Goods","Senior Secured Term Loan (9.00% (LIBOR + 8.00% with 1.00% LIBOR floor), due 10/21/2020)(3)(10)(11)",21860,8910,21860,8813,21639,,0.6%,,
176,"Hollander Sleep Products, LLC","Florida / Textiles, Apparel & Luxury Goods","Senior Secured Term Loan (9.00% (LIBOR + 8.00% with 1.00% LIBOR floor), due 10/21/2020)(3)(10)(11)",21860,21860,21860,21639,21639,0.6%,,,
177,"Inpatient Care Management Company, LLC",Florida / Health Care Providers & Services,"Senior Secured Term Loan (11.65% (LIBOR + 10.50% with 1.00% LIBOR floor), due 6/8/2021(10)(12)",26023,21860,26023,21639,26023,,0.8%,,
178,"Inpatient Care Management Company, LLC",Florida / Health Care Providers & Services,"Senior Secured Term Loan (11.65% (LIBOR + 10.50% with 1.00% LIBOR floor), due 6/8/2021(10)(12)",26023,26023,26023,26023,26023,0.8%,,,
179,"Instant Web, LLC",Minnesota / Media,"Senior Secured Term Loan A (5.65% (LIBOR + 4.50% with 1.00% LIBOR floor), due 3/28/2019)(10)(11)",121447,26023,121447,26023,121447,,3.6%,,
180,"Senior Secured Term Loan B (12.15% (LIBOR + 11.00% with 1.00% LIBOR floor), due 3/28/2019)(3)(10)(11)",158100,"Senior Secured Term Loan A (5.65% (LIBOR + 4.50% with 1.00% LIBOR floor), due 3/28/2019)(10)(11)",158100,26023,158100,26023,4.7%,,,,
181,"Senior Secured Term Loan C-1 (12.90% (LIBOR + 11.75% with 1.00% LIBOR floor), due 3/28/2019)(10)(11)",27000,"Senior Secured Term Loan A (5.65% (LIBOR + 4.50% with 1.00% LIBOR floor), due 3/28/2019)(10)(11)",27000,26023,27000,26023,0.8%,,,,
182,"Senior Secured Term Loan C-2 (13.65% (LIBOR + 12.50% with 1.00% LIBOR floor), due 3/28/2019)(10)(11)",25000,"Senior Secured Term Loan A (5.65% (LIBOR + 4.50% with 1.00% LIBOR floor), due 3/28/2019)(10)(11)",25000,26023,25000,26023,0.7%,,,,
183,"Senior Secured Term Loan C-2 (13.65% (LIBOR + 12.50% with 1.00% LIBOR floor), due 3/28/2019)(10)(11)",25000,"Senior Secured Term Loan A (5.65% (LIBOR + 4.50% with 1.00% LIBOR floor), due 3/28/2019)(10)(11)",25000,331547,25000,331547,0.7%,9.8%,,,
184,"InterDent, Inc.",California / Health Care Providers & Services,"Senior Secured Term Loan A (6.48% (LIBOR + 5.50% with 0.75% LIBOR floor), due 8/3/2017)(10)(12)",78876,331547,78876,331547,78876,,2.3%,,
185,"Senior Secured Term Loan B (11.48% (LIBOR + 10.50% with 0.75% LIBOR floor), due 8/3/2017)(3)(10)(12)",131125,"Senior Secured Term Loan A (6.48% (LIBOR + 5.50% with 0.75% LIBOR floor), due 8/3/2017)(10)(12)",131125,331547,131125,331547,3.9%,,,,
186,"Senior Secured Term Loan B (11.48% (LIBOR + 10.50% with 0.75% LIBOR floor), due 8/3/2017)(3)(10)(12)",131125,"Senior Secured Term Loan A (6.48% (LIBOR + 5.50% with 0.75% LIBOR floor), due 8/3/2017)(10)(12)",131125,210001,131125,210001,3.9%,6.2%,,,
187,JD Power and Associates,California / Capital Markets,"Second Lien Term Loan (9.50% (LIBOR + 8.50% with 1.00% LIBOR floor), due 9/7/2024)(3)(8)(10)(11)",15000,210001,14790,210001,15000,,0.4%,,
188,JD Power and Associates,California / Capital Markets,"Second Lien Term Loan (9.50% (LIBOR + 8.50% with 1.00% LIBOR floor), due 9/7/2024)(3)(8)(10)(11)",15000,14790,14790,15000,15000,0.4%,,,
189,Jefferson Mill CLO Ltd.,Cayman Islands / Structured Finance,"Subordinated Notes (Residual Interest, current yield 11.42%, due 7/20/2027)(5)(6)(13)",19500,14790,16919,15000,14213,,0.4%,,
190,Jefferson Mill CLO Ltd.,Cayman Islands / Structured Finance,"Subordinated Notes (Residual Interest, current yield 11.42%, due 7/20/2027)(5)(6)(13)",19500,16919,16919,14213,14213,0.4%,,,
191,Portfolio Company,Locale / Industry,Investments(1),Principal Value,Amortized Cost,Fair  Value(2),% of Net Assets,14213,,,,
192,"K&N Parent, Inc.",California / Auto Components,"Second Lien Term Loan (9.75% (LIBOR + 8.75% with 1.00% LIBOR floor), due 10/20/2024)(8)(10)(11)",Principal Value,13000,Fair  Value(2),% of Net Assets,12754,,,13000.0,0.4%
193,"K&N Parent, Inc.",California / Auto Components,"Second Lien Term Loan (9.75% (LIBOR + 8.75% with 1.00% LIBOR floor), due 10/20/2024)(8)(10)(11)",Principal Value,12754,Fair  Value(2),13000,12754,0.4%,,,
194,"Keystone Peer Review Organization Holdings, Inc.",Pennsylvania / Health Care Providers & Services,"Second Lien Term Loan (10.00% (LIBOR + 9.00% with 1.00% LIBOR floor), due 7/28/2023)(3)(8)(10)",45000,12754,45000,13000,45000,,1.3%,,
195,"Keystone Peer Review Organization Holdings, Inc.",Pennsylvania / Health Care Providers & Services,"Second Lien Term Loan (10.00% (LIBOR + 9.00% with 1.00% LIBOR floor), due 7/28/2023)(3)(8)(10)",45000,45000,45000,45000,45000,1.3%,,,
196,"LaserShip, Inc.",Virginia / Air Freight & Logistics,"Senior Secured Term Loan A (10.25% (LIBOR + 8.25% with 2.00% LIBOR floor), due 3/18/2019)(3)(10)(12)",33955,45000,33955,45000,33955,,1.0%,,
197,"Senior Secured Term Loan B (10.25% (LIBOR + 8.25% with 2.00% LIBOR floor), due 3/18/2019)(3)(10)(12)",20851,"Senior Secured Term Loan A (10.25% (LIBOR + 8.25% with 2.00% LIBOR floor), due 3/18/2019)(3)(10)(12)",20851,45000,20851,45000,0.6%,,,,
198,"Senior Secured Term Loan B (10.25% (LIBOR + 8.25% with 2.00% LIBOR floor), due 3/18/2019)(3)(10)(12)",20851,"Senior Secured Term Loan A (10.25% (LIBOR + 8.25% with 2.00% LIBOR floor), due 3/18/2019)(3)(10)(12)",20851,54806,20851,54806,0.6%,1.6%,,,
199,LCM XIV Ltd.,Cayman Islands / Structured Finance,"Income Notes (Residual Interest, current yield 16.15%, due 7/15/2025)(5)(13)",30500,54806,21752,54806,22344,,0.7%,,
200,LCM XIV Ltd.,Cayman Islands / Structured Finance,"Income Notes (Residual Interest, current yield 16.15%, due 7/15/2025)(5)(13)",30500,21752,21752,22344,22344,0.7%,,,
201,"Madison Park Funding IX, Ltd.",Cayman Islands / Structured Finance,"Subordinated Notes (Residual Interest, current yield 0.11%, due 8/15/2022)(5)(13)",43110,21752,28613,22344,27895,,0.8%,,
202,"Madison Park Funding IX, Ltd.",Cayman Islands / Structured Finance,"Subordinated Notes (Residual Interest, current yield 0.11%, due 8/15/2022)(5)(13)",43110,28613,28613,27895,27895,0.8%,,,
203,"Matrixx Initiatives, Inc.",New Jersey / Pharmaceuticals,"Senior Secured Term Loan A (7.65% (LIBOR + 6.50% with 1.00% LIBOR floor), due 2/24/2020)(3)(10)(11)",66802,28613,66802,27895,66802,,2.0%,,
204,"Senior Secured Term Loan B (12.65% (LIBOR + 11.50% with 1.00% LIBOR floor), due 2/24/2020)(3)(10)(11)",52562,"Senior Secured Term Loan A (7.65% (LIBOR + 6.50% with 1.00% LIBOR floor), due 2/24/2020)(3)(10)(11)",52562,28613,52562,27895,1.5%,,,,
205,"Senior Secured Term Loan B (12.65% (LIBOR + 11.50% with 1.00% LIBOR floor), due 2/24/2020)(3)(10)(11)",52562,"Senior Secured Term Loan A (7.65% (LIBOR + 6.50% with 1.00% LIBOR floor), due 2/24/2020)(3)(10)(11)",52562,119364,52562,119364,1.5%,3.5%,,,
206,"Maverick Healthcare Equity, LLC",Arizona / Health Care Providers & Services,"Preferred Units (1,250,000 units)(15)",52562,1252,52562,751,1.5%,-%,,,
207,"Class A Common Units (1,250,000 units)(15)",Arizona / Health Care Providers & Services,-,52562,-,52562,-%,1.5%,,,,
208,"Class A Common Units (1,250,000 units)(15)",Arizona / Health Care Providers & Services,-,52562,1252,52562,751,1.5%,-%,,,
209,"Memorial MRI & Diagnostic, LLC",Texas / Health Care Providers & Services,"Senior Secured Term Loan (9.65% (LIBOR + 8.50% with 1.00% LIBOR floor), due 3/16/2022)(10)(11)",38000,1252,38000,751,38000,,1.1%,,
210,"Memorial MRI & Diagnostic, LLC",Texas / Health Care Providers & Services,"Senior Secured Term Loan (9.65% (LIBOR + 8.50% with 1.00% LIBOR floor), due 3/16/2022)(10)(11)",38000,38000,38000,38000,38000,1.1%,,,
211,Mineral Fusion Natural Brands(34),Colorado / Personal Products,Membership Interest (1.43%)(15),38000,-,38000,157,38000,-%,,,
212,Mineral Fusion Natural Brands(34),Colorado / Personal Products,Membership Interest (1.43%)(15),38000,-,38000,157,38000,-%,,,
213,Mountain View CLO 2013-I Ltd.,Cayman Islands / Structured Finance,"Subordinated Notes (Residual Interest, current yield 14.48%, due 4/12/2024)(5)(13)",43650,-,29920,157,29395,,0.9%,,
214,Mountain View CLO 2013-I Ltd.,Cayman Islands / Structured Finance,"Subordinated Notes (Residual Interest, current yield 14.48%, due 4/12/2024)(5)(13)",43650,29920,29920,29395,29395,0.9%,,,
215,Mountain View CLO IX Ltd.,Cayman Islands / Structured Finance,"Subordinated Notes (Residual Interest, current yield 15.27%, due 7/15/2027)(5)(6)(13)",47830,29920,41480,29395,40635,,1.2%,,
216,Mountain View CLO IX Ltd.,Cayman Islands / Structured Finance,"Subordinated Notes (Residual Interest, current yield 15.27%, due 7/15/2027)(5)(6)(13)",47830,41480,41480,40635,40635,1.2%,,,
217,National Home Healthcare Corp.,Michigan / Health Care Providers & Services,"Second Lien Term Loan (10.00% (LIBOR + 9.00% with 1.00% LIBOR floor), due 12/8/2022)(3)(8)(10)",15407,41480,15189,40635,15189,,0.4%,,
218,National Home Healthcare Corp.,Michigan / Health Care Providers & Services,"Second Lien Term Loan (10.00% (LIBOR + 9.00% with 1.00% LIBOR floor), due 12/8/2022)(3)(8)(10)",15407,15189,15189,15189,15189,0.4%,,,
219,Portfolio Company,Locale / Industry,Investments(1),Principal Value,Amortized Cost,Fair  Value(2),% of Net Assets,15189,,,,
220,NCP Finance Limited Partnership(35),Ohio / Consumer Finance,"Subordinated Secured Term Loan (11.00% (LIBOR + 9.75% with 1.25% LIBOR floor), due 9/30/2018)(3)(8)(10)(12)(13)",Principal Value,26960,Fair  Value(2),% of Net Assets,26471,,,25751.0,0.8%
221,NCP Finance Limited Partnership(35),Ohio / Consumer Finance,"Subordinated Secured Term Loan (11.00% (LIBOR + 9.75% with 1.25% LIBOR floor), due 9/30/2018)(3)(8)(10)(12)(13)",Principal Value,26471,Fair  Value(2),25751,26471,0.8%,,,
222,"Nixon, Inc.","California / Textiles, Apparel & Luxury Goods","Senior Secured Term Loan (9.50% plus 3.00% PIK, plus 2.00% default interest, in non-accrual status effective 7/1/2016, due 4/16/2018)(8)",15978,26471,14197,25751,1552,,-%,,
223,"Nixon, Inc.","California / Textiles, Apparel & Luxury Goods","Senior Secured Term Loan (9.50% plus 3.00% PIK, plus 2.00% default interest, in non-accrual status effective 7/1/2016, due 4/16/2018)(8)",15978,14197,14197,1552,1552,-%,,,
224,"Octagon Investment Partners XV, Ltd.",Cayman Islands / Structured Finance,"Income Notes (Residual Interest, current yield 6.57%, due 1/19/2025)(5)(13)",32921,14197,24385,1552,19764,,0.6%,,
225,"Octagon Investment Partners XV, Ltd.",Cayman Islands / Structured Finance,"Income Notes (Residual Interest, current yield 6.57%, due 1/19/2025)(5)(13)",32921,24385,24385,19764,19764,0.6%,,,
226,"Octagon Investment Partners XVIII, Ltd.",Cayman Islands / Structured Finance,"Income Notes (Residual Interest, current yield 18.45%, due 12/16/2024)(5)(6)(13)",28200,24385,18473,19764,18234,,0.5%,,
227,"Octagon Investment Partners XVIII, Ltd.",Cayman Islands / Structured Finance,"Income Notes (Residual Interest, current yield 18.45%, due 12/16/2024)(5)(6)(13)",28200,18473,18473,18234,18234,0.5%,,,
228,Outerwall Inc.,Washington / Specialty Retail,"Senior Secured Term Loan B (9.75% (LIBOR + 8.75% with 1.00% LIBOR floor), due 9/27/2024)(3)(8)(10)(11)",40000,18473,39443,18234,40000,,1.2%,,
229,Outerwall Inc.,Washington / Specialty Retail,"Senior Secured Term Loan B (9.75% (LIBOR + 8.75% with 1.00% LIBOR floor), due 9/27/2024)(3)(8)(10)(11)",40000,39443,39443,40000,40000,1.2%,,,
230,Pacific World Corporation,California / Personal Products,"Revolving Line of Credit – $15,000 Commitment (8.00% (LIBOR + 7.00% with 1.00% LIBOR floor), due 9/26/2020)(10)(12)(14)",13225,39443,13225,40000,13225,,0.4%,,
231,"Senior Secured Term Loan A (6.00% (LIBOR + 5.00% with 1.00% LIBOR floor), due 9/26/2020)(3)(10)(12)",97500,"Revolving Line of Credit – $15,000 Commitment (8.00% (LIBOR + 7.00% with 1.00% LIBOR floor), due 9/26/2020)(10)(12)(14)",97500,39443,93915,40000,2.8%,,,,
232,"Senior Secured Term Loan B (10.00% (LIBOR + 9.00% with 1.00% LIBOR floor), due 9/26/2020)(3)(10)(12)",97500,"Revolving Line of Credit – $15,000 Commitment (8.00% (LIBOR + 7.00% with 1.00% LIBOR floor), due 9/26/2020)(10)(12)(14)",97500,39443,70296,40000,2.1%,,,,
233,"Senior Secured Term Loan B (10.00% (LIBOR + 9.00% with 1.00% LIBOR floor), due 9/26/2020)(3)(10)(12)",97500,"Revolving Line of Credit – $15,000 Commitment (8.00% (LIBOR + 7.00% with 1.00% LIBOR floor), due 9/26/2020)(10)(12)(14)",97500,208225,70296,177436,2.1%,5.3%,,,
234,"Pelican Products, Inc.",California / Chemicals,"Second Lien Term Loan (9.40% (LIBOR + 8.25% with 1.00% LIBOR floor), due 4/9/2021)(3)(8)(10)(12)",17500,208225,17488,177436,17073,,0.5%,,
235,"Pelican Products, Inc.",California / Chemicals,"Second Lien Term Loan (9.40% (LIBOR + 8.25% with 1.00% LIBOR floor), due 4/9/2021)(3)(8)(10)(12)",17500,17488,17488,17073,17073,0.5%,,,
236,"PeopleConnect Intermediate, LLC (f/k/a Intelius, Inc.)",Washington / Internet Software & Services,"Revolving Line of Credit – $1,000 Commitment (9.65% (LIBOR + 8.50% with 1.00% LIBOR floor), due 8/11/17)(10)(11)(14)",-,17488,-,17073,-,,-%,,
237,"Senior Secured Term Loan A (6.65% (LIBOR + 5.50% with 1.00% LIBOR floor), due 7/1/2020)(3)(10)(11)",19841,"Revolving Line of Credit – $1,000 Commitment (9.65% (LIBOR + 8.50% with 1.00% LIBOR floor), due 8/11/17)(10)(11)(14)",19841,17488,19730,17073,0.6%,,,,
238,"Senior Secured Term Loan B (12.65% (LIBOR + 11.50% with 1.00% LIBOR floor), due 7/1/2020)(3)(10)(11)",20670,"Revolving Line of Credit – $1,000 Commitment (9.65% (LIBOR + 8.50% with 1.00% LIBOR floor), due 8/11/17)(10)(11)(14)",20670,17488,20496,17073,0.6%,,,,
239,"Senior Secured Term Loan B (12.65% (LIBOR + 11.50% with 1.00% LIBOR floor), due 7/1/2020)(3)(10)(11)",20670,"Revolving Line of Credit – $1,000 Commitment (9.65% (LIBOR + 8.50% with 1.00% LIBOR floor), due 8/11/17)(10)(11)(14)",20670,40511,20496,40226,0.6%,1.2%,,,
240,"PGX Holdings, Inc.(37)",Utah / Diversified Consumer Services,"Second Lien Term Loan (10.00% (LIBOR + 9.00% with 1.00% LIBOR floor), due 9/29/2021)(3)(10)(12)",143767,40511,143767,40226,143767,,4.2%,,
241,"PGX Holdings, Inc.(37)",Utah / Diversified Consumer Services,"Second Lien Term Loan (10.00% (LIBOR + 9.00% with 1.00% LIBOR floor), due 9/29/2021)(3)(10)(12)",143767,143767,143767,143767,143767,4.2%,,,
242,Photonis Technologies SAS,France / Aerospace & Defense,"First Lien Term Loan (8.65% (LIBOR + 7.50% with 1.00% LIBOR floor), due 9/18/2019)(8)(10)(11)(13)",9927,143767,9796,143767,9186,,0.3%,,
243,Photonis Technologies SAS,France / Aerospace & Defense,"First Lien Term Loan (8.65% (LIBOR + 7.50% with 1.00% LIBOR floor), due 9/18/2019)(8)(10)(11)(13)",9927,9796,9796,9186,9186,0.3%,,,
244,Pinnacle (US) Acquisition Co. Limited,"Texas / Electronic Equipment, Instruments & Components","Second Lien Term Loan (10.50% (LIBOR + 9.25% with 1.25% LIBOR floor), due 8/3/2020)(8)(10)(11)",7037,9796,6940,9186,5259,,0.2%,,
245,Pinnacle (US) Acquisition Co. Limited,"Texas / Electronic Equipment, Instruments & Components","Second Lien Term Loan (10.50% (LIBOR + 9.25% with 1.25% LIBOR floor), due 8/3/2020)(8)(10)(11)",7037,6940,6940,5259,5259,0.2%,,,
246,Portfolio Company,Locale / Industry,Investments(1),Principal Value,Amortized Cost,Fair  Value(2),% of Net Assets,5259,,,,
247,"PlayPower, Inc.",North Carolina / Leisure Products,"Second Lien Term Loan (9.90% (LIBOR + 8.75% with 1.00% LIBOR floor), due 6/23/2022)(3)(8)(10)(11)",Principal Value,11000,Fair  Value(2),% of Net Assets,10874,,,11000.0,0.3%
248,"PlayPower, Inc.",North Carolina / Leisure Products,"Second Lien Term Loan (9.90% (LIBOR + 8.75% with 1.00% LIBOR floor), due 6/23/2022)(3)(8)(10)(11)",Principal Value,10874,Fair  Value(2),11000,10874,0.3%,,,
249,"PrimeSport, Inc.","Georgia / Hotels, Restaurants & Leisure","Senior Secured Term Loan A (8.15% (LIBOR + 7.00% with 1.00% LIBOR floor), due 2/11/2021)(3)(10)(11)",53274,10874,53274,11000,50540,,1.5%,,
250,"Senior Secured Term Loan B (13.15% (LIBOR + 12.00% with 1.00% LIBOR floor), due 2/11/2021)(3)(10)(11)",74500,"Senior Secured Term Loan A (8.15% (LIBOR + 7.00% with 1.00% LIBOR floor), due 2/11/2021)(3)(10)(11)",74500,10874,64785,11000,1.9%,,,,
251,"Senior Secured Term Loan B (13.15% (LIBOR + 12.00% with 1.00% LIBOR floor), due 2/11/2021)(3)(10)(11)",74500,"Senior Secured Term Loan A (8.15% (LIBOR + 7.00% with 1.00% LIBOR floor), due 2/11/2021)(3)(10)(11)",74500,127774,64785,115325,1.9%,3.4%,,,
252,Prince Mineral Holding Corp.,New York / Metals & Mining,"Senior Secured Term Loan (11.50%, due 12/15/2019)(8)",10000,127774,9948,115325,10000,,0.3%,,
253,Prince Mineral Holding Corp.,New York / Metals & Mining,"Senior Secured Term Loan (11.50%, due 12/15/2019)(8)",10000,9948,9948,10000,10000,0.3%,,,
254,"Rocket Software, Inc.",Massachusetts / Software,"Second Lien Term Loan (10.65% (LIBOR + 9.50% with 1.00% LIBOR floor), due 10/14/2024)(8)(10)(11)",50000,9948,49063,10000,50000,,1.5%,,
255,"Rocket Software, Inc.",Massachusetts / Software,"Second Lien Term Loan (10.65% (LIBOR + 9.50% with 1.00% LIBOR floor), due 10/14/2024)(8)(10)(11)",50000,9948,49063,10000,50000,,1.5%,,
256,"Royal Holdings, Inc.",Indiana / Chemicals,"Second Lien Term Loan (8.65% (LIBOR + 7.50% with 1.00% LIBOR floor), due 6/19/2023)(3)(8)(10)(11)",2759,9948,2729,10000,2759,,0.1%,,
257,"Royal Holdings, Inc.",Indiana / Chemicals,"Second Lien Term Loan (8.65% (LIBOR + 7.50% with 1.00% LIBOR floor), due 6/19/2023)(3)(8)(10)(11)",2759,2729,2729,2759,2759,0.1%,,,
258,"SCS Merger Sub, Inc.",Texas / IT Services,"Second Lien Term Loan (10.50% (LIBOR + 9.50% with 1.00% LIBOR floor), due 10/30/2023)(3)(8)(10)(12)",20000,2729,19512,2759,20000,,0.6%,,
259,"SCS Merger Sub, Inc.",Texas / IT Services,"Second Lien Term Loan (10.50% (LIBOR + 9.50% with 1.00% LIBOR floor), due 10/30/2023)(3)(8)(10)(12)",20000,19512,19512,20000,20000,0.6%,,,
260,SESAC Holdco II LLC,Tennessee / Media,"Second Lien Term Loan (8.30% (LIBOR + 7.25% with 1.00% LIBOR floor), due 2/23/2025)(8)(10)(12)",3000,19512,2970,20000,2970,,0.1%,,
261,SESAC Holdco II LLC,Tennessee / Media,"Second Lien Term Loan (8.30% (LIBOR + 7.25% with 1.00% LIBOR floor), due 2/23/2025)(8)(10)(12)",3000,2970,2970,2970,2970,0.1%,,,
262,SITEL Worldwide Corporation,Tennessee / Commercial Services & Supplies,"Second Lien Term Loan (10.65% (LIBOR + 9.50% with 1.00% LIBOR floor), due 9/18/2022)(3)(8)(10)(11)",21750,2970,21206,2970,21750,,0.6%,,
263,SITEL Worldwide Corporation,Tennessee / Commercial Services & Supplies,"Second Lien Term Loan (10.65% (LIBOR + 9.50% with 1.00% LIBOR floor), due 9/18/2022)(3)(8)(10)(11)",21750,21206,21206,21750,21750,0.6%,,,
264,Small Business Whole Loan Portfolio(40),New York / Online Lending,"1,059 Small Business Loans purchased from On Deck Capital, Inc.",11075,21206,11075,21750,10521,,0.3%,,
265,Small Business Whole Loan Portfolio(40),New York / Online Lending,"1,059 Small Business Loans purchased from On Deck Capital, Inc.",11075,11075,11075,10521,10521,0.3%,,,
266,"Spartan Energy Services, Inc.",Louisiana / Energy Equipment & Services,"Senior Secured Term Loan A (7.00% (LIBOR + 6.00% with 1.00% LIBOR floor), in non-accrual status effective 4/1/2016, due 12/28/2018)(10)(12)",13156,11075,12172,10521,8188,,0.2%,,
267,"Senior Secured Term Loan B (13.00% (LIBOR + 12.00% with 1.00% LIBOR floor), in non-accrual status effective 4/1/2016, due 12/28/2018)(10)(12)",15583,"Senior Secured Term Loan A (7.00% (LIBOR + 6.00% with 1.00% LIBOR floor), in non-accrual status effective 4/1/2016, due 12/28/2018)(10)(12)",13669,11075,-,10521,-%,,,,
268,"Senior Secured Term Loan B (13.00% (LIBOR + 12.00% with 1.00% LIBOR floor), in non-accrual status effective 4/1/2016, due 12/28/2018)(10)(12)",15583,"Senior Secured Term Loan A (7.00% (LIBOR + 6.00% with 1.00% LIBOR floor), in non-accrual status effective 4/1/2016, due 12/28/2018)(10)(12)",13669,25841,-,8188,-%,0.2%,,,
269,"Stryker Energy, LLC","Ohio / Oil, Gas & Consumable Fuels",Overriding Royalty Interests(9),13669,-,-,-,-%,-%,,,
270,"Stryker Energy, LLC","Ohio / Oil, Gas & Consumable Fuels",Overriding Royalty Interests(9),13669,-,-,-,-%,-%,,,
271,Sudbury Mill CLO Ltd.,Cayman Islands / Structured Finance,"Subordinated Notes (Residual Interest, current yield 8.39%, due 1/17/2026)(5)(13)",28200,-,19662,-,16210,,0.5%,,
272,Sudbury Mill CLO Ltd.,Cayman Islands / Structured Finance,"Subordinated Notes (Residual Interest, current yield 8.39%, due 1/17/2026)(5)(13)",28200,19662,19662,16210,16210,0.5%,,,
273,Symphony CLO XIV Ltd.,Cayman Islands / Structured Finance,"Subordinated Notes (Residual Interest, current yield 11.48%, due 7/14/2026)(5)(6)(13)",49250,19662,37787,16210,35096,,1.0%,,
274,Symphony CLO XIV Ltd.,Cayman Islands / Structured Finance,"Subordinated Notes (Residual Interest, current yield 11.48%, due 7/14/2026)(5)(6)(13)",49250,37787,37787,35096,35096,1.0%,,,
275,Portfolio Company,Locale / Industry,Investments(1),Principal Value,Amortized Cost,Fair  Value(2),% of Net Assets,35096,,,,
276,"Symphony CLO XV, Ltd.",Cayman Islands / Structured Finance,"Subordinated Notes (Residual Interest, current yield 14.57%, due 10/17/2026)(5)(13)",Principal Value,50250,Fair  Value(2),% of Net Assets,41397,,,38390.0,1.1%
277,"Symphony CLO XV, Ltd.",Cayman Islands / Structured Finance,"Subordinated Notes (Residual Interest, current yield 14.57%, due 10/17/2026)(5)(13)",Principal Value,41397,Fair  Value(2),38390,41397,1.1%,,,
278,"TouchTunes Interactive Networks, Inc.",New York / Internet Software & Services,"Second Lien Term Loan (9.35% (LIBOR + 8.25% with 1.00% LIBOR floor), due 5/29/2022)(3)(8)(10)(11)",14000,41397,13902,38390,13902,,0.4%,,
279,"TouchTunes Interactive Networks, Inc.",New York / Internet Software & Services,"Second Lien Term Loan (9.35% (LIBOR + 8.25% with 1.00% LIBOR floor), due 5/29/2022)(3)(8)(10)(11)",14000,13902,13902,13902,13902,0.4%,,,
280,Traeger Pellet Grills LLC,Oregon / Household Durables,"Senior Secured Term Loan A (6.50% (LIBOR + 4.50% with 2.00% LIBOR floor), due 6/18/2019)(3)(10)(11)",53525,13902,53525,13902,53525,,1.6%,,
281,"Senior Secured Term Loan B (11.50% (LIBOR + 9.50% with 2.00% LIBOR floor), due 6/18/2019)(3)(10)(11)",56175,"Senior Secured Term Loan A (6.50% (LIBOR + 4.50% with 2.00% LIBOR floor), due 6/18/2019)(3)(10)(11)",56175,13902,56175,13902,1.7%,,,,
282,"Senior Secured Term Loan B (11.50% (LIBOR + 9.50% with 2.00% LIBOR floor), due 6/18/2019)(3)(10)(11)",56175,"Senior Secured Term Loan A (6.50% (LIBOR + 4.50% with 2.00% LIBOR floor), due 6/18/2019)(3)(10)(11)",56175,109700,56175,109700,1.7%,3.3%,,,
283,"Transaction Network Services, Inc.",Virginia / Diversified Telecommunication Services,"Second Lien Term Loan (9.00% (LIBOR + 8.00% with 1.00% LIBOR floor), due 8/14/2020)(3)(8)(10)(11)",4410,109700,4395,109700,4395,,0.1%,,
284,"Transaction Network Services, Inc.",Virginia / Diversified Telecommunication Services,"Second Lien Term Loan (9.00% (LIBOR + 8.00% with 1.00% LIBOR floor), due 8/14/2020)(3)(8)(10)(11)",4410,4395,4395,4395,4395,0.1%,,,
285,"Turning Point Brands, Inc.",Kentucky / Tobacco,"Second Lien Term Loan (11.00%, due 8/17/2022)(3)(8)",14500,4395,14359,4395,14359,,0.4%,,
286,"Turning Point Brands, Inc.",Kentucky / Tobacco,"Second Lien Term Loan (11.00%, due 8/17/2022)(3)(8)",14500,14359,14359,14359,14359,0.4%,,,
287,"United Sporting Companies, Inc.(42)",South Carolina / Distributors,"Second Lien Term Loan (12.75% (LIBOR + 11.00% with 1.75% LIBOR floor), due 5/16/2018)(3)(10)(12)",140847,14359,140847,14359,132644,,3.9%,,
288,"United Sporting Companies, Inc.(42)",South Carolina / Distributors,"Second Lien Term Loan (12.75% (LIBOR + 11.00% with 1.75% LIBOR floor), due 5/16/2018)(3)(10)(12)",140847,140847,140847,132644,132644,3.9%,,,
289,"Universal Fiber Systems, LLC","Virginia / Textiles, Apparel & Luxury Goods","Second Lien Term Loan (10.53% (LIBOR + 9.50% with 1.00% LIBOR floor), due 10/02/2022)(3)(8)(10)(12)",37000,140847,36419,132644,37000,,1.1%,,
290,"Universal Fiber Systems, LLC","Virginia / Textiles, Apparel & Luxury Goods","Second Lien Term Loan (10.53% (LIBOR + 9.50% with 1.00% LIBOR floor), due 10/02/2022)(3)(8)(10)(12)",37000,36419,36419,37000,37000,1.1%,,,
291,"Universal Turbine Parts, LLC",Alabama / Trading Companies & Distributors,"Senior Secured Term Loan A (6.75% (LIBOR + 5.75% with 1.00% LIBOR floor), due 7/22/2021)(3)(10)(11)",32175,36419,32175,37000,32175,,0.9%,,
292,"Senior Secured Term Loan B (12.75% (LIBOR + 11.75% with 1.00% LIBOR floor), due 7/22/2021)(3)(10)(11)",32500,"Senior Secured Term Loan A (6.75% (LIBOR + 5.75% with 1.00% LIBOR floor), due 7/22/2021)(3)(10)(11)",32500,36419,32500,37000,1.0%,,,,
293,"Senior Secured Term Loan B (12.75% (LIBOR + 11.75% with 1.00% LIBOR floor), due 7/22/2021)(3)(10)(11)",32500,"Senior Secured Term Loan A (6.75% (LIBOR + 5.75% with 1.00% LIBOR floor), due 7/22/2021)(3)(10)(11)",32500,64675,32500,64675,1.0%,1.9%,,,
294,"USG Intermediate, LLC",Texas / Leisure Products,"Revolving Line of Credit – $2,500 Commitment (10.75% (LIBOR + 9.75% with 1.00% LIBOR floor), due 4/15/2017)(10)(12)(14)",1000,64675,1000,64675,1000,,-%,,
295,"Senior Secured Term Loan A (8.25% (LIBOR + 7.25% with 1.00% LIBOR floor), due 4/15/2020)(3)(10)(12)",15969,"Revolving Line of Credit – $2,500 Commitment (10.75% (LIBOR + 9.75% with 1.00% LIBOR floor), due 4/15/2017)(10)(12)(14)",15969,64675,15969,64675,0.5%,,,,
296,"Senior Secured Term Loan B (13.25% (LIBOR + 12.25% with 1.00% LIBOR floor), due 4/15/2020)(3)(10)(12)",19701,"Revolving Line of Credit – $2,500 Commitment (10.75% (LIBOR + 9.75% with 1.00% LIBOR floor), due 4/15/2017)(10)(12)(14)",19701,64675,19701,64675,0.6%,,,,
297,Equity(15),19701,1,19701,-,19701,-%,0.6%,,,,
298,Equity(15),19701,1,19701,36671,19701,36670,0.6%,1.1%,,,
299,"VC GB Holdings, Inc.",Illinois / Household Durables,"Subordinated Secured Term Loan (9.00% (LIBOR + 8.00% with 1.00% LIBOR floor), due 2/28/2025)(8)(10)",20000,36671,19703,36670,19818,,0.6%,,
300,"VC GB Holdings, Inc.",Illinois / Household Durables,"Subordinated Secured Term Loan (9.00% (LIBOR + 8.00% with 1.00% LIBOR floor), due 2/28/2025)(8)(10)",20000,19703,19703,19818,19818,0.6%,,,
301,Venio LLC,Pennsylvania / Professional Services,"Second Lien Term Loan (12.00% (LIBOR + 9.50% with 2.50% LIBOR floor) plus 2.00% default interest, in non-accrual status effective 12/31/15, due 2/19/2020)(10)(11)",17000,19703,16484,19818,8437,,0.2%,,
302,Venio LLC,Pennsylvania / Professional Services,"Second Lien Term Loan (12.00% (LIBOR + 9.50% with 2.50% LIBOR floor) plus 2.00% default interest, in non-accrual status effective 12/31/15, due 2/19/2020)(10)(11)",17000,16484,16484,8437,8437,0.2%,,,
303,Portfolio Company,Locale / Industry,Investments(1),Principal Value,Amortized Cost,Fair  Value(2),% of Net Assets,8437,,,,
304,Vivid Seats LLC,Illinois / Internet & Direct Marketing Retail,"Second Lien Term Loan (10.75% (LIBOR + 9.75% with 1.00% LIBOR floor), due 10/12/2023)(8)(10)(11)",Principal Value,22500,Fair  Value(2),% of Net Assets,22082,,,22378.0,0.7%
305,Vivid Seats LLC,Illinois / Internet & Direct Marketing Retail,"Second Lien Term Loan (10.75% (LIBOR + 9.75% with 1.00% LIBOR floor), due 10/12/2023)(8)(10)(11)",Principal Value,22082,Fair  Value(2),22378,22082,0.7%,,,
306,"Voya CLO 2012-2, Ltd.",Cayman Islands / Structured Finance,"Income Notes (Residual Interest, current yield 0.00%, due 10/15/2022)(5)(13)(16)",38070,22082,26245,22378,23598,,0.7%,,
307,"Voya CLO 2012-2, Ltd.",Cayman Islands / Structured Finance,"Income Notes (Residual Interest, current yield 0.00%, due 10/15/2022)(5)(13)(16)",38070,26245,26245,23598,23598,0.7%,,,
308,"Voya CLO 2012-3, Ltd.",Cayman Islands / Structured Finance,"Income Notes (Residual Interest, current yield 0.00%, due 10/15/2022)(5)(13)(16)",46632,26245,32021,23598,27671,,0.8%,,
309,"Voya CLO 2012-3, Ltd.",Cayman Islands / Structured Finance,"Income Notes (Residual Interest, current yield 0.00%, due 10/15/2022)(5)(13)(16)",46632,32021,32021,27671,27671,0.8%,,,
310,"Voya CLO 2012-4, Ltd.",Cayman Islands / Structured Finance,"Income Notes (Residual Interest, current yield 14.95%, due 10/15/2028)(5)(13)",40613,32021,31242,27671,31197,,0.9%,,
311,"Voya CLO 2012-4, Ltd.",Cayman Islands / Structured Finance,"Income Notes (Residual Interest, current yield 14.95%, due 10/15/2028)(5)(13)",40613,31242,31242,31197,31197,0.9%,,,
312,"Voya CLO 2014-1, Ltd.",Cayman Islands / Structured Finance,"Subordinated Notes (Residual Interest, current yield 17.24%, due 4/18/2026)(5)(6)(13)",32383,31242,25103,31197,27200,,0.8%,,
313,"Voya CLO 2014-1, Ltd.",Cayman Islands / Structured Finance,"Subordinated Notes (Residual Interest, current yield 17.24%, due 4/18/2026)(5)(6)(13)",32383,25103,25103,27200,27200,0.8%,,,
314,"Voya CLO 2016-3, Ltd.",Cayman Islands / Structured Finance,"Subordinated Notes (Residual Interest, current yield 15.10%, due 10/18/2027%)(5)(6)(13)",28100,25103,28296,27200,26669,,0.8%,,
315,"Voya CLO 2016-3, Ltd.",Cayman Islands / Structured Finance,"Subordinated Notes (Residual Interest, current yield 15.10%, due 10/18/2027%)(5)(6)(13)",28100,28296,28296,26669,26669,0.8%,,,
316,Washington Mill CLO Ltd.,Cayman Islands / Structured Finance,"Subordinated Notes (Residual Interest, current yield 10.21%, due 4/20/2026)(5)(6)(13)",22600,28296,17027,26669,14663,,0.4%,,
317,Washington Mill CLO Ltd.,Cayman Islands / Structured Finance,"Subordinated Notes (Residual Interest, current yield 10.21%, due 4/20/2026)(5)(6)(13)",22600,17027,17027,14663,14663,0.4%,,,
318,"Water Pik, Inc.",Colorado / Personal Products,"Second Lien Term Loan (9.90% (LIBOR + 8.75% with 1.00% LIBOR floor), due 1/8/2021)(3)(8)(10)(11)",13740,17027,13468,14663,13740,,0.4%,,
319,"Second Lien Term Loan (9.75% (LIBOR + 8.75% with 1.00% LIBOR floor), due 1/8/2021)",708,"Second Lien Term Loan (9.90% (LIBOR + 8.75% with 1.00% LIBOR floor), due 1/8/2021)(3)(8)(10)(11)",694,17027,708,14663,-%,,,,
320,"Second Lien Term Loan (9.75% (LIBOR + 8.75% with 1.00% LIBOR floor), due 1/8/2021)",708,"Second Lien Term Loan (9.90% (LIBOR + 8.75% with 1.00% LIBOR floor), due 1/8/2021)(3)(8)(10)(11)",694,14162,708,14448,-%,0.4%,,,
321,"Wheel Pros, LLC",Colorado / Auto Components,"Senior Subordinated Secured Note (11.00% (LIBOR + 7.00% with 4.00% LIBOR floor), due 6/29/2020)(3)(10)(11)",12000,14162,12000,14448,12000,,0.4%,,
322,"Senior Subordinated Secured Note (11.00% (LIBOR + 7.00% with 4.00% LIBOR floor), due 6/29/2020)(3)(10)(11)",5460,"Senior Subordinated Secured Note (11.00% (LIBOR + 7.00% with 4.00% LIBOR floor), due 6/29/2020)(3)(10)(11)",5460,14162,5460,14448,0.3%,,,,
323,"Senior Subordinated Secured Note (11.00% (LIBOR + 7.00% with 4.00% LIBOR floor), due 6/29/2020)(3)(10)(11)",5460,"Senior Subordinated Secured Note (11.00% (LIBOR + 7.00% with 4.00% LIBOR floor), due 6/29/2020)(3)(10)(11)",5460,17460,5460,17460,0.3%,0.7%,,,
324,CCPI Inc.,-%,7.00%,7.00%,17460,5460,17460,0.3%,,,,
325,"Cinedigm DC Holdings, LLC",-%,2.50%,2.50%,17460,5460,17460,0.3%,,,,
326,Credit Central Loan Company,6.49%,3.51%,10.00%,17460,5460,17460,0.3%,,,,
327,Crosman Corporation - Senior Secured Term Loan A,4.00%,-%,4.00%,17460,5460,17460,0.3%,,,,
328,Crosman Corporation - Senior Secured Term Loan B,4.00%,-%,4.00%,17460,5460,17460,0.3%,,,,
329,Echelon Aviation LLC,-%,2.25%,2.25%,17460,5460,17460,0.3%,,,,
330,"Edmentum Ultimate Holdings, LLC - Unsecured Senior PIK Note",8.50%,-%,8.50%,17460,5460,17460,0.3%,,,,
331,"Edmentum Ultimate Holdings, LLC - Unsecured Junior PIK Note",10.00%,-%,10.00%,17460,5460,17460,0.3%,,,,
332,First Tower Finance Company LLC,0.80%,11.20%,12.00%,17460,5460,17460,0.3%,,,,
333,"Harbortouch Payments, LLC",0.80%,11.20%,3.00%,(C),5460,17460,0.3%,,,,
334,"JHH Holdings, Inc.",0.50%,-%,0.50%,(C),5460,17460,0.3%,,,,
335,"LaserShip , Inc. - Term Loan A",2.00%,-%,2.00%,(C),5460,17460,0.3%,,,,
336,"LaserShip , Inc. - Term Loan B",2.00%,-%,2.00%,(C),5460,17460,0.3%,,,,
337,"MITY, Inc.",-%,10.00%,10.00%,(C),5460,17460,0.3%,,,,
338,National Property REIT Corp. - Senior Secured Term Loan A,-%,5.50%,5.50%,(C),5460,17460,0.3%,,,,
339,National Property REIT Corp. - Senior Secured Term Loan E,-%,5.00%,5.00%,(C),5460,17460,0.3%,,,,
340,"National Property REIT Corp. - Senior Secured Term Loan C to ACL Loan Holdings, Inc.",-%,5.00%,5.00%,(C),5460,17460,0.3%,,,,
341,Nationwide Loan Company LLC,-%,10.00%,10.00%,(C),5460,17460,0.3%,,,,
342,"Nixon, Inc.",3.00%,-%,3.00%,(C),5460,17460,0.3%,,,,
343,"Valley Electric Co. of Mt. Vernon, Inc.",-%,2.50%,2.50%,(C),5460,17460,0.3%,,,,
344,"Valley Electric Company, Inc.",3.42%,5.08%,8.50%,(C),5460,17460,0.3%,,,,
