,0,1,2,3,4,5,6,7,8,9,10,11,12,13,14,15,16,17,18
0,CP Energy Services Inc.(20),Energy Equipment & Services,"Senior Secured Term Loan (12.46% (LIBOR + 11.00% with 1.00% LIBOR floor), due 12/29/2022)(11)(46)",10/1/2017,,35622,,,35622,,,35622.0,,1.2%,,,,,
1,"Senior Secured Term Loan A to Spartan Energy Services, Inc. (9.00% (LIBOR + 8.00% with 1.00% LIBOR floor), due 12/31/2022)(13)",10/20/2014,13156,10/1/2017,13156,35622,13156,,0.5%,,,35622.0,,1.2%,,,,,
2,"Senior Secured Term Loan B to Spartan Energy Services, Inc. (15.00% PIK (LIBOR + 14.00% with 1.00% LIBOR floor), in non-accrual status effective 1/1/2020, due 12/31/2022)(13)",10/20/2014,24302,10/1/2017,23361,35622,6400,,0.2%,,,35622.0,,1.2%,,,,,
3,"Series B Convertible Preferred Stock (16.00%, 790 shares)(16)",10/30/2015,24302,10/1/2017,63225,35622,17591,,0.6%,,,35622.0,,1.2%,,,,,
4,"Common Stock (102,924 shares)(16)",8/2/2013,24302,10/1/2017,86241,35622,-,,-%,,,35622.0,,1.2%,,,,,
5,"Common Stock (102,924 shares)(16)",8/2/2013,24302,10/1/2017,86241,35622,221605,,72769,,2.5%,35622.0,,1.2%,,,,,
6,"Credit Central Loan Company, LLC(21)",Consumer Finance,"Subordinated Term Loan (10.00% plus 10.00% PIK, due 6/26/2024)(14)(46)",12/28/2012,59785,35622,56705,,59785,,2.0%,35622.0,,1.2%,,,,,
7,"Class A Units (14,867,312 units)(14)(16)",12/28/2012,"Subordinated Term Loan (10.00% plus 10.00% PIK, due 6/26/2024)(14)(46)",12/28/2012,19331,35622,11802,,0.4%,,2.0%,35622.0,,1.2%,,,,,
8,Net Revenues Interest (25% of Net Revenues)(14)(16),1/28/2015,"Subordinated Term Loan (10.00% plus 10.00% PIK, due 6/26/2024)(14)(46)",12/28/2012,-,35622,-,,-%,,2.0%,35622.0,,1.2%,,,,,
9,Net Revenues Interest (25% of Net Revenues)(14)(16),1/28/2015,"Subordinated Term Loan (10.00% plus 10.00% PIK, due 6/26/2024)(14)(46)",12/28/2012,-,35622,76036,,71587,,2.4%,35622.0,,1.2%,,,,,
10,"Echelon Transportation, LLC",Aerospace & Defense,"Senior Secured Term Loan (11.75% (LIBOR + 9.75% with 2.00% LIBOR floor) plus 2.25% PIK, due 3/31/2022)(13)(46)",3/31/2014,42572,35622,42572,,42572,,1.5%,35622.0,,1.2%,,,,,
11,"Senior Secured Term Loan (11.00% (LIBOR + 9.00% with 2.00% LIBOR floor) plus 1.00% PIK, due 12/7/2024)(13)(46)",12/9/2016,20399,3/31/2014,20399,35622,20399,,0.7%,,1.5%,35622.0,,1.2%,,,,,
12,Membership Interest (100%)(16),3/31/2014,20399,3/31/2014,22738,35622,21869,,0.7%,,1.5%,35622.0,,1.2%,,,,,
13,Membership Interest (100%)(16),3/31/2014,20399,3/31/2014,22738,35622,85709,,84840,,2.9%,35622.0,,1.2%,,,,,
14,First Tower Finance Company LLC(23),Consumer Finance,"Subordinated Term Loan to First Tower, LLC (10.00% plus 10.50% PIK, due 6/24/2024)(14)(46)",6/24/2014,274350,35622,274350,,274350,,9.3%,35622.0,,1.2%,,,,,
15,"Class A Units (95,709,910 units)(14)(16)",6/14/2012,"Subordinated Term Loan to First Tower, LLC (10.00% plus 10.50% PIK, due 6/24/2024)(14)(46)",6/24/2014,81146,35622,198835,,6.8%,,9.3%,35622.0,,1.2%,,,,,
16,"Class A Units (95,709,910 units)(14)(16)",6/14/2012,"Subordinated Term Loan to First Tower, LLC (10.00% plus 10.50% PIK, due 6/24/2024)(14)(46)",6/24/2014,81146,35622,355496,,473185,,16.1%,35622.0,,1.2%,,,,,
17,"Freedom Marine Solutions, LLC(24)",Energy Equipment & Services,Membership Interest (100%)(16),11/9/2006,81146,35622,43892,,15418,,0.5%,35622.0,,1.2%,,,,,
18,"Freedom Marine Solutions, LLC(24)",Energy Equipment & Services,Membership Interest (100%)(16),11/9/2006,81146,35622,43892,,15418,,0.5%,35622.0,,1.2%,,,,,
19,"InterDent, Inc.(29)",Health Care Providers & Services,"Senior Secured Term Loan A/B (7.05% (LIBOR + 5.05% with 2.00% LIBOR floor), due 9/5/2020)(13)",8/1/2018,14000,35622,14000,,14000,,0.5%,35622.0,,1.2%,,,,,
20,"Senior Secured Term Loan A (6.49% (LIBOR + 5.50% with 0.75% LIBOR floor), due 9/5/2020)(13)",8/3/2012,77994,8/1/2018,77994,35622,77994,,2.6%,,0.5%,35622.0,,1.2%,,,,,
21,"Senior Secured Term Loan B (10.00% PIK, due 9/5/2020)(46)",8/3/2012,125276,8/1/2018,125276,35622,110358,,3.8%,,0.5%,35622.0,,1.2%,,,,,
22,"Senior Secured Term Loan C (18.00% PIK, in non-accrual status effective 10/1/2018, due 9/5/2020)",3/22/2018,46800,8/1/2018,35766,35622,-,,-%,,0.5%,35622.0,,1.2%,,,,,
23,"Senior Secured Term Loan D (1.00% PIK, in non-accrual status effective 10/1/2018, due 9/5/2020)",9/19/2018,8834,8/1/2018,8751,35622,-,,-%,,0.5%,35622.0,,1.2%,,,,,
24,"Common Stock (99,900 shares)(16)",5/3/2019,8834,8/1/2018,1,35622,-,,-%,,0.5%,35622.0,,1.2%,,,,,
25,"Common Stock (99,900 shares)(16)",5/3/2019,8834,8/1/2018,1,35622,261788,,202352,,6.9%,35622.0,,1.2%,,,,,
26,Portfolio Company,Industry,Investments(1)(44),Acquisition Date(51),Principal Value,Amortized Cost,Fair  Value(2),% of Net Assets,202352,,6.9%,35622.0,,1.2%,,,,,
27,Kickapoo Ranch Pet Resort,Diversified Consumer Services,Membership Interest (100%)(16),8/26/2019,Principal Value,Amortized Cost,Fair  Value(2),2378,202352,,3838,35622.0,0.1%,1.2%,,,,,
28,Kickapoo Ranch Pet Resort,Diversified Consumer Services,Membership Interest (100%)(16),8/26/2019,Principal Value,Amortized Cost,2378,2378,3838,,0.1%,35622.0,0.1%,1.2%,,,,,
29,"MITY, Inc.(25)",Commercial Services & Supplies,"Senior Secured Note A (10.00% (LIBOR + 7.00% with 3.00% LIBOR floor), due 6/30/2020)(3)(11)",9/19/2013,Principal Value,26250,2378,26250,3838,26250,0.1%,0.9%,0.1%,1.2%,,,,,
30,"Senior Secured Note B (10.00% (LIBOR + 7.00% with 3.00% LIBOR floor) plus 10.00% PIK, due 6/30/2020)(3)(11)(46)",9/19/2013,32187,9/19/2013,32187,26250,28923,26250,1.0%,26250,0.1%,0.9%,0.1%,1.2%,,,,,
31,"Subordinated Unsecured Note to Broda Enterprises ULC (10.00%, due 1/1/2028)(14)",9/19/2013,5683,9/19/2013,6488,26250,-,26250,-%,26250,0.1%,0.9%,0.1%,1.2%,,,,,
32,"Common Stock (42,053 shares)(16)",9/19/2013,5683,9/19/2013,6849,26250,-,26250,-%,26250,0.1%,0.9%,0.1%,1.2%,,,,,
33,"Common Stock (42,053 shares)(16)",9/19/2013,5683,9/19/2013,6849,26250,71774,26250,55173,26250,1.9%,0.9%,0.1%,1.2%,,,,,
34,National Property REIT Corp.(26),Equity Real Estate Investment Trusts (REITs) / Online Lending / Structured Finance,"Senior Secured Term Loan A (6.50% (LIBOR + 3.50% with 3.00% LIBOR floor) plus 5.00% PIK, due 12/31/2023)(11)(46)",12/31/2018,311218,26250,311218,26250,311218,26250,10.6%,0.9%,0.1%,1.2%,,,,,
35,"Senior Secured Term Loan B (5.00% (LIBOR + 2.00% with 3.00% LIBOR floor) plus 5.50% PIK, due 12/31/2023)(11)(46)",12/31/2018,59316,12/31/2018,59316,26250,57639,26250,2.0%,26250,10.6%,0.9%,0.1%,1.2%,,,,,
36,"Senior Secured Term Loan C (13.46% (LIBOR + 12.00% with 1.00% LIBOR floor) plus 2.25% PIK, due 12/31/2023)(11)(46)",10/31/2019,78359,12/31/2018,78359,26250,78359,26250,2.7%,26250,10.6%,0.9%,0.1%,1.2%,,,,,
37,Residual Profit Interest(37),12/31/2018,78359,12/31/2018,-,26250,36934,26250,1.2%,26250,10.6%,0.9%,0.1%,1.2%,,,,,
38,"Common Stock (3,253,060 shares)(52)",12/31/2013,78359,12/31/2018,183426,26250,415862,26250,14.2%,26250,10.6%,0.9%,0.1%,1.2%,,,,,
39,"Common Stock (3,253,060 shares)(52)",12/31/2013,78359,12/31/2018,183426,26250,632319,26250,900012,26250,30.7%,0.9%,0.1%,1.2%,,,,,
40,Nationwide Loan Company LLC(27),Consumer Finance,"Senior Subordinated Term Loan to Nationwide Acceptance LLC (10.00% plus 10.00% PIK, due 6/18/2020)(14)(46)",6/18/2014,19588,26250,19588,26250,19588,26250,0.7%,0.9%,0.1%,1.2%,,,,,
41,"Class A Units (38,550,460 units)(14)",1/31/2013,"Senior Subordinated Term Loan to Nationwide Acceptance LLC (10.00% plus 10.00% PIK, due 6/18/2020)(14)(46)",6/18/2014,20462,26250,15678,26250,0.5%,26250,0.7%,0.9%,0.1%,1.2%,,,,,
42,"Class A Units (38,550,460 units)(14)",1/31/2013,"Senior Subordinated Term Loan to Nationwide Acceptance LLC (10.00% plus 10.00% PIK, due 6/18/2020)(14)(46)",6/18/2014,20462,26250,40050,26250,35266,26250,1.2%,0.9%,0.1%,1.2%,,,,,
43,"NMMB, Inc.(28)",Media,"Delayed Draw Term Loan – $10,000 Commitment (10.50% (LIBOR + 8.50% with 2.00% LIBOR floor), due 12/30/2024)(11)(15)",3/25/2020,-,26250,-,26250,-,26250,-%,0.9%,0.1%,1.2%,,,,,
44,"Senior Secured Note (10.50% (LIBOR + 8.50% with 2.00% LIBOR floor), due 12/30/2024)(11)",12/30/2019,5062,3/25/2020,5062,26250,5062,26250,0.1%,26250,-%,0.9%,0.1%,1.2%,,,,,
45,"Common Stock (21,419 shares)",12/30/2019,-,3/25/2020,12869,26250,31498,26250,1.1%,26250,-%,0.9%,0.1%,1.2%,,,,,
46,"Common Stock (21,419 shares)",12/30/2019,-,3/25/2020,12869,26250,17931,26250,36560,26250,1.2%,0.9%,0.1%,1.2%,,,,,
47,Pacific World Corporation(40),Personal Products,"Revolving Line of Credit – $26,000 Commitment (8.25% (LIBOR + 7.25% with 1.00% LIBOR floor), in non-accrual status effective 10/1/2019, due 9/26/2020)(13)(15)",9/26/2014,19625,26250,19625,26250,19625,26250,0.7%,0.9%,0.1%,1.2%,,,,,
48,"Senior Secured Term Loan A (6.25% PIK (LIBOR + 5.25% with 1.00% LIBOR floor), in non-accrual status effective 10/24/2018, due 9/26/2020)(13)",12/31/2014,105045,9/26/2014,92277,26250,33599,26250,1.1%,26250,0.7%,0.9%,0.1%,1.2%,,,,,
49,"Senior Secured Term Loan B (11.20% PIK (LIBOR + 9.25% with 1.00% LIBOR floor), in non-accrual status effective 5/21/2018, due 9/26/2020)(13)",12/31/2014,119927,9/26/2014,96500,26250,-,26250,-%,26250,0.7%,0.9%,0.1%,1.2%,,,,,
50,"Convertible Preferred Equity (247,330 shares)(16)",6/15/2018,119927,9/26/2014,37100,26250,-,26250,-%,26250,0.7%,0.9%,0.1%,1.2%,,,,,
51,"Common Stock (6,778,414 shares)(16)",9/29/2017,119927,9/26/2014,-,26250,-,26250,-%,26250,0.7%,0.9%,0.1%,1.2%,,,,,
52,"Common Stock (6,778,414 shares)(16)",9/29/2017,119927,9/26/2014,-,26250,245502,26250,53224,26250,1.8%,0.9%,0.1%,1.2%,,,,,
53,"R-V Industries, Inc.",Machinery,"Senior Subordinated Note (10.46% (LIBOR + 9.00% with 1.00% LIBOR floor), due 3/31/2022)(3)(11)",6/12/2013,28622,26250,28622,26250,28622,26250,1.0%,0.9%,0.1%,1.2%,,,,,
54,"Common Stock (745,107 shares)(16)",6/26/2007,"Senior Subordinated Note (10.46% (LIBOR + 9.00% with 1.00% LIBOR floor), due 3/31/2022)(3)(11)",6/12/2013,6866,26250,9221,26250,0.3%,26250,1.0%,0.9%,0.1%,1.2%,,,,,
55,"Common Stock (745,107 shares)(16)",6/26/2007,"Senior Subordinated Note (10.46% (LIBOR + 9.00% with 1.00% LIBOR floor), due 3/31/2022)(3)(11)",6/12/2013,6866,26250,35488,26250,37843,26250,1.3%,0.9%,0.1%,1.2%,,,,,
56,Portfolio Company,Industry,Investments(1)(44),Acquisition Date(51),Principal Value,Amortized Cost,Fair  Value(2),% of Net Assets,37843,26250,1.3%,0.9%,0.1%,1.2%,,,,,
57,"Universal Turbine Parts, LLC(34)",Trading Companies & Distributors,"Delayed Draw Term Loan – $5,000 Commitment (10.25% (LIBOR + 7.75% with 2.50% LIBOR floor), due 7/22/2021)(13)(15)",2/28/2019,Principal Value,2894,Fair  Value(2),% of Net Assets,2894,26250,1.3%,2894.0,0.1%,0.1%,,,,,
58,"Senior Secured Term Loan A (7.21% (LIBOR + 5.75% with 1.00% LIBOR floor), due 7/22/2021)(11)",7/22/2016,30225,2/28/2019,30225,2894,25339,% of Net Assets,0.9%,26250,1.3%,2894.0,0.1%,0.1%,,,,,
59,"Senior Secured Term Loan B (13.21% PIK (LIBOR + 11.75% with 1.00% LIBOR floor), in non-accrual status effective 7/1/2018, due 7/22/2021)(11)",7/22/2016,41553,2/28/2019,32500,2894,-,% of Net Assets,-%,26250,1.3%,2894.0,0.1%,0.1%,,,,,
60,"Common Stock (10,000 units)(16)",12/10/2018,41553,2/28/2019,-,2894,-,% of Net Assets,-%,26250,1.3%,2894.0,0.1%,0.1%,,,,,
61,"Common Stock (10,000 units)(16)",12/10/2018,41553,2/28/2019,-,2894,65619,% of Net Assets,28233,26250,1.0%,2894.0,0.1%,0.1%,,,,,
62,USES Corp.(30),Commercial Services & Supplies,"Senior Secured Term Loan A (9.00% PIK, in non-accrual status effective 4/1/2016, due 7/29/2022)",3/31/2014,49199,2894,30651,% of Net Assets,16182,26250,0.6%,2894.0,0.1%,0.1%,,,,,
63,"Senior Secured Term Loan B (15.50% PIK, in non-accrual status effective 4/1/2016, due 7/29/2022)",3/31/2014,63752,3/31/2014,35568,2894,-,% of Net Assets,-%,26250,0.6%,2894.0,0.1%,0.1%,,,,,
64,"Common Stock (268,962 shares)(16)",6/15/2016,63752,3/31/2014,-,2894,-,% of Net Assets,-%,26250,0.6%,2894.0,0.1%,0.1%,,,,,
65,"Common Stock (268,962 shares)(16)",6/15/2016,63752,3/31/2014,-,2894,66219,% of Net Assets,16182,26250,0.6%,2894.0,0.1%,0.1%,,,,,
66,"Valley Electric Company, Inc.(31)",Construction & Engineering,"Senior Secured Note to Valley Electric Co. of Mt. Vernon, Inc. (8.00% (LIBOR + 5.00% with 3.00% LIBOR floor) plus 2.50% PIK, due 12/31/2024)(3)(11)(46)",12/31/2012,10430,2894,10430,% of Net Assets,10430,26250,0.4%,2894.0,0.1%,0.1%,,,,,
67,"Senior Secured Note (8.00% plus 10.00% PIK, due 6/23/2024)(46)",6/24/2014,33301,12/31/2012,33301,2894,33301,% of Net Assets,1.1%,26250,0.4%,2894.0,0.1%,0.1%,,,,,
68,Consolidated Revenue Interest (2.0%)(38),6/22/2018,33301,12/31/2012,-,2894,2616,% of Net Assets,0.1%,26250,0.4%,2894.0,0.1%,0.1%,,,,,
69,"Common Stock (50,000 shares)",12/31/2012,33301,12/31/2012,25143,2894,75643,% of Net Assets,2.6%,26250,0.4%,2894.0,0.1%,0.1%,,,,,
70,"Common Stock (50,000 shares)",12/31/2012,33301,12/31/2012,25143,2894,68874,% of Net Assets,121990,26250,4.2%,2894.0,0.1%,0.1%,,,,,
71,Portfolio Company,Industry,Investments(1)(44),Acquisition Date(51),Principal Value,Amortized Cost,Fair  Value(2),% of Net Assets,121990,26250,4.2%,2894.0,0.1%,0.1%,,,,,
72,"Edmentum Ultimate Holdings, LLC(22)",Diversified Consumer Services,"Second Lien Revolving Credit Facility to Edmentum, Inc. – $7,834 Commitment (5.00% PIK, due 12/9/2021)(15)(46)",6/9/2015,Principal Value,8434,Fair  Value(2),% of Net Assets,8434,26250,4.2%,8434.0,0.1%,0.3%,,,,,
73,"Unsecured Senior PIK Note (8.50% PIK, due 12/9/2021)(46)",6/9/2015,8734,6/9/2015,8734,8434,8734,% of Net Assets,0.3%,26250,4.2%,8434.0,0.1%,0.3%,,,,,
74,"Unsecured Junior PIK Note (10.00% PIK, due 12/9/2021)(46)",6/9/2015,41998,6/9/2015,27614,8434,39529,% of Net Assets,1.3%,26250,4.2%,8434.0,0.1%,0.3%,,,,,
75,"Class A Units (370,964 units)(16)",6/9/2015,-,6/9/2015,6577,8434,-,% of Net Assets,-%,26250,4.2%,8434.0,0.1%,0.3%,,,,,
76,"Class A Units (370,964 units)(16)",6/9/2015,-,6/9/2015,6577,51359,-,56697,-%,1.9%,4.2%,8434.0,0.1%,0.3%,,,,,
77,"Nixon, Inc.(39)","Textiles, Apparel & Luxury Goods",Common Stock (857 units)(16),5/12/2017,-,51359,-,56697,-,1.9%,-%,8434.0,0.1%,0.3%,,,,,
78,"Nixon, Inc.(39)","Textiles, Apparel & Luxury Goods",Common Stock (857 units)(16),5/12/2017,-,-,-,-,-,-%,-%,8434.0,0.1%,0.3%,,,,,
79,Targus Cayman HoldCo Limited(33),"Textiles, Apparel & Luxury Goods","Common Stock (7,383,395 shares)",2/12/2016,-,-,2805,-,18042,-%,0.6%,8434.0,0.1%,0.3%,,,,,
80,Targus Cayman HoldCo Limited(33),"Textiles, Apparel & Luxury Goods","Common Stock (7,383,395 shares)",2/12/2016,-,2805,2805,18042,18042,0.6%,0.6%,8434.0,0.1%,0.3%,,,,,
81,"United Sporting Companies, Inc.(18)",Distributors,"Second Lien Term Loan (13.25% (LIBOR + 11.00% with 1.75% LIBOR floor) plus 2.00% PIK, in non-accrual status effective 4/1/2017, due 11/16/2019)(13)",9/28/2012,147470,2805,105478,18042,4716,0.6%,0.2%,8434.0,0.1%,0.3%,,,,,
82,"Common Stock (218,941 shares)(16)",5/2/2017,-,9/28/2012,-,2805,-,18042,-%,0.6%,0.2%,8434.0,0.1%,0.3%,,,,,
83,"Common Stock (218,941 shares)(16)",5/2/2017,-,9/28/2012,-,105478,-,4716,-%,0.2%,0.2%,8434.0,0.1%,0.3%,,,,,
84,Portfolio Company,Industry,Investments(1)(44),Acquisition Date(51),Principal Value,Amortized Cost,Fair  Value(2),% of Net Assets,-%,0.2%,0.2%,8434.0,0.1%,0.3%,,,,,
85,"8th Avenue Food & Provisions, Inc.",Food Products,"Second Lien Term Loan (8.55% (LIBOR + 7.75%), due 10/1/2026)(3)(8)(13)",10/10/2018,Principal Value,25000,Fair  Value(2),% of Net Assets,24847,0.2%,0.2%,25000.0,0.1%,0.9%,,,,,
86,"8th Avenue Food & Provisions, Inc.",Food Products,"Second Lien Term Loan (8.55% (LIBOR + 7.75%), due 10/1/2026)(3)(8)(13)",10/10/2018,Principal Value,24847,Fair  Value(2),25000,24847,0.9%,0.2%,25000.0,0.1%,0.9%,,,,,
87,"ACE Cash Express, Inc.",Consumer Finance,"Senior Secured Note (12.00%, due 12/15/2022)(8)(14)",12/15/2017,30000,24847,28685,25000,24651,0.9%,0.8%,25000.0,0.1%,0.9%,,,,,
88,"ACE Cash Express, Inc.",Consumer Finance,"Senior Secured Note (12.00%, due 12/15/2022)(8)(14)",12/15/2017,30000,28685,28685,24651,24651,0.8%,0.8%,25000.0,0.1%,0.9%,,,,,
89,"Ahead Data Blue, LLC",IT Services,"Second Lien Term Loan (10.00% (LIBOR + 8.50% with 1.50% LIBOR floor), due 11/8/2025)(3)(13)",12/13/2019,70000,28685,70000,24651,70000,0.8%,2.4%,25000.0,0.1%,0.9%,,,,,
90,"Ahead Data Blue, LLC",IT Services,"Second Lien Term Loan (10.00% (LIBOR + 8.50% with 1.50% LIBOR floor), due 11/8/2025)(3)(13)",12/13/2019,70000,70000,70000,70000,70000,2.4%,2.4%,25000.0,0.1%,0.9%,,,,,
91,Apidos CLO XI,Structured Finance,"Subordinated Structured Note (Residual Interest, current yield 8.47%, due 10/17/2030)(5)(14)",1/17/2013,40500,70000,32907,70000,25004,2.4%,0.9%,25000.0,0.1%,0.9%,,,,,
92,Apidos CLO XI,Structured Finance,"Subordinated Structured Note (Residual Interest, current yield 8.47%, due 10/17/2030)(5)(14)",1/17/2013,40500,32907,32907,25004,25004,0.9%,0.9%,25000.0,0.1%,0.9%,,,,,
93,Apidos CLO XII,Structured Finance,"Subordinated Structured Note (Residual Interest, current yield 14.71%, due 4/15/2031)(5)(14)",4/18/2013,52203,32907,37578,25004,28408,0.9%,1.0%,25000.0,0.1%,0.9%,,,,,
94,Apidos CLO XII,Structured Finance,"Subordinated Structured Note (Residual Interest, current yield 14.71%, due 4/15/2031)(5)(14)",4/18/2013,52203,37578,37578,28408,28408,1.0%,1.0%,25000.0,0.1%,0.9%,,,,,
95,Apidos CLO XV,Structured Finance,"Subordinated Structured Note (Residual Interest, current yield 13.13%, due 4/21/2031)(5)(14)",10/16/2013,48515,37578,38910,28408,27649,1.0%,0.9%,25000.0,0.1%,0.9%,,,,,
96,Apidos CLO XV,Structured Finance,"Subordinated Structured Note (Residual Interest, current yield 13.13%, due 4/21/2031)(5)(14)",10/16/2013,48515,38910,38910,27649,27649,0.9%,0.9%,25000.0,0.1%,0.9%,,,,,
97,Apidos CLO XXII,Structured Finance,"Subordinated Structured Note (Residual Interest, current yield 14.15%, due 4/21/2031)(5)(14)",10/14/2015,35855,38910,29998,27649,23429,0.9%,0.8%,25000.0,0.1%,0.9%,,,,,
98,Apidos CLO XXII,Structured Finance,"Subordinated Structured Note (Residual Interest, current yield 14.15%, due 4/21/2031)(5)(14)",10/14/2015,35855,29998,29998,23429,23429,0.8%,0.8%,25000.0,0.1%,0.9%,,,,,
99,"Ark-La-Tex Wireline Services, LLC",Energy Equipment & Services,Escrow Receivable,4/8/2014,35855,29998,-,23429,-,0.8%,-%,25000.0,0.1%,0.9%,,,,,
100,"Ark-La-Tex Wireline Services, LLC",Energy Equipment & Services,Escrow Receivable,4/8/2014,35855,-,-,-,-,-%,-%,25000.0,0.1%,0.9%,,,,,
101,"Atlantis Health Care Group (Puerto Rico), Inc.",Health Care Providers & Services,"Revolving Line of Credit – $3,000 Commitment (10.75% (LIBOR + 8.75% with 2.00% LIBOR floor), due 4/30/2021)(11)(15)",2/21/2013,2000,-,2000,-,2000,-%,0.1%,25000.0,0.1%,0.9%,,,,,
102,"Senior Secured Term Loan (10.75% (LIBOR + 8.75% with 2.00% LIBOR floor), due 4/30/2021)(3)(11)",2/21/2013,72215,2/21/2013,72215,-,72215,-,2.5%,-%,0.1%,25000.0,0.1%,0.9%,,,,,
103,"Senior Secured Term Loan (10.75% (LIBOR + 8.75% with 2.00% LIBOR floor), due 4/30/2021)(3)(11)",2/21/2013,72215,2/21/2013,72215,74215,72215,74215,2.5%,2.6%,0.1%,25000.0,0.1%,0.9%,,,,,
104,Barings CLO 2018-III,Structured Finance,"Subordinated Structured Note (Residual Interest, current yield 5.11%, due 7/20/2029)(5)(14)",11/18/2014,83098,74215,48635,74215,30372,2.6%,1.0%,25000.0,0.1%,0.9%,,,,,
105,Barings CLO 2018-III,Structured Finance,"Subordinated Structured Note (Residual Interest, current yield 5.11%, due 7/20/2029)(5)(14)",11/18/2014,83098,48635,48635,30372,30372,1.0%,1.0%,25000.0,0.1%,0.9%,,,,,
106,"Broder Bros., Co.","Textiles, Apparel & Luxury Goods","Senior Secured Note (9.77% (LIBOR + 8.50% with 1.25% LIBOR floor), due 12/02/2022)(3)(11)",12/4/2017,171927,48635,171927,30372,170497,1.0%,5.8%,25000.0,0.1%,0.9%,,,,,
107,"Broder Bros., Co.","Textiles, Apparel & Luxury Goods","Senior Secured Note (9.77% (LIBOR + 8.50% with 1.25% LIBOR floor), due 12/02/2022)(3)(11)",12/4/2017,171927,171927,171927,170497,170497,5.8%,5.8%,25000.0,0.1%,0.9%,,,,,
108,Brookside Mill CLO Ltd.,Structured Finance,"Subordinated Structured Note (Residual Interest, current yield 0.00%, due 1/17/2028)(5)(14)(17)",5/23/2013,36300,171927,17553,170497,11212,5.8%,0.4%,25000.0,0.1%,0.9%,,,,,
109,Brookside Mill CLO Ltd.,Structured Finance,"Subordinated Structured Note (Residual Interest, current yield 0.00%, due 1/17/2028)(5)(14)(17)",5/23/2013,36300,17553,17553,11212,11212,0.4%,0.4%,25000.0,0.1%,0.9%,,,,,
110,California Street CLO IX Ltd.,Structured Finance,"Subordinated Structured Note (Residual Interest, current yield 7.41%, due 7/16/2032)(5)(14)",5/8/2012,58915,17553,41325,11212,27670,0.4%,0.9%,25000.0,0.1%,0.9%,,,,,
111,California Street CLO IX Ltd.,Structured Finance,"Subordinated Structured Note (Residual Interest, current yield 7.41%, due 7/16/2032)(5)(14)",5/8/2012,58915,41325,41325,27670,27670,0.9%,0.9%,25000.0,0.1%,0.9%,,,,,
112,"Candle-Lite Company, LLC",Household Products,"Senior Secured Term Loan A (7.09% (LIBOR + 5.50% with 1.25% LIBOR floor), due 1/23/2023)(3)(11)",1/23/2018,12000,41325,12000,27670,11943,0.9%,0.4%,25000.0,0.1%,0.9%,,,,,
113,"Senior Secured Term Loan B (11.09% (LIBOR + 9.50% with 1.25% LIBOR floor), due 1/23/2023)(3)(11)",1/23/2018,12500,1/23/2018,12500,41325,11905,27670,0.4%,0.9%,0.4%,25000.0,0.1%,0.9%,,,,,
114,"Senior Secured Term Loan B (11.09% (LIBOR + 9.50% with 1.25% LIBOR floor), due 1/23/2023)(3)(11)",1/23/2018,12500,1/23/2018,12500,41325,24500,27670,23848,0.9%,0.8%,25000.0,0.1%,0.9%,,,,,
115,Portfolio Company,Industry,Investments(1)(44),Acquisition Date(51),Principal Value,Amortized Cost,Fair  Value(2),% of Net Assets,23848,0.9%,0.8%,25000.0,0.1%,0.9%,,,,,
116,"Capstone Logistics Acquisition, Inc.",Commercial Services & Supplies,"Second Lien Term Loan (9.32% (LIBOR + 8.25% with 1.00% LIBOR floor), due 10/7/2022)(3)(8)(53)",10/7/2014,Principal Value,98982,Fair  Value(2),% of Net Assets,98769,0.9%,0.8%,98982.0,0.1%,3.4%,,,,,
117,"Capstone Logistics Acquisition, Inc.",Commercial Services & Supplies,"Second Lien Term Loan (9.32% (LIBOR + 8.25% with 1.00% LIBOR floor), due 10/7/2022)(3)(8)(53)",10/7/2014,Principal Value,98769,Fair  Value(2),98982,98769,3.4%,0.8%,98982.0,0.1%,3.4%,,,,,
118,Carlyle C17 CLO Limited,Structured Finance,"Subordinated Structured Note (Residual Interest, current yield 19.27%, due 4/30/2031)(5)(14)",2/21/2013,24870,98769,15090,98982,12316,3.4%,0.4%,98982.0,0.1%,3.4%,,,,,
119,Carlyle C17 CLO Limited,Structured Finance,"Subordinated Structured Note (Residual Interest, current yield 19.27%, due 4/30/2031)(5)(14)",2/21/2013,24870,15090,15090,12316,12316,0.4%,0.4%,98982.0,0.1%,3.4%,,,,,
120,"Carlyle Global Market Strategies CLO 2014-4-R, Ltd.",Structured Finance,"Subordinated Structured Note (Residual Interest, current yield 19.32%, due 7/15/2030)(5)(14)",4/12/2017,25534,15090,17885,12316,15788,0.4%,0.5%,98982.0,0.1%,3.4%,,,,,
121,"Carlyle Global Market Strategies CLO 2014-4-R, Ltd.",Structured Finance,"Subordinated Structured Note (Residual Interest, current yield 19.32%, due 7/15/2030)(5)(14)",4/12/2017,25534,15090,17885,12316,15788,0.4%,0.5%,98982.0,0.1%,3.4%,,,,,
122,"Carlyle Global Market Strategies CLO 2016-3, Ltd.",Structured Finance,"Subordinated Structured Note (Residual Interest, current yield 12.03%, due 10/20/2029)(5)(14)",9/13/2016,32200,15090,32966,12316,24910,0.4%,0.8%,98982.0,0.1%,3.4%,,,,,
123,"Carlyle Global Market Strategies CLO 2016-3, Ltd.",Structured Finance,"Subordinated Structured Note (Residual Interest, current yield 12.03%, due 10/20/2029)(5)(14)",9/13/2016,32200,15090,32966,12316,24910,0.4%,0.8%,98982.0,0.1%,3.4%,,,,,
124,CCPI Inc.(19),"Electronic Equipment, Instruments & Components",Escrow Receivable,2/28/2019,32200,15090,-,12316,2337,0.4%,0.1%,98982.0,0.1%,3.4%,,,,,
125,CCPI Inc.(19),"Electronic Equipment, Instruments & Components",Escrow Receivable,2/28/2019,32200,15090,-,12316,2337,0.4%,0.1%,98982.0,0.1%,3.4%,,,,,
126,"CCS-CMGC Holdings, Inc.",Health Care Providers & Services,"First Lien Term Loan (7.28% (LIBOR + 5.50%), due 10/1/2025)(3)(8)(11)",5/23/2019,3639,15090,3588,12316,3492,0.4%,0.1%,98982.0,0.1%,3.4%,,,,,
127,"First Lien Term Loan (6.57% (LIBOR + 5.50%), due 10/1/2025)(3)(8)(53)",5/23/2019,6009,5/23/2019,5925,15090,5765,12316,0.2%,0.4%,0.1%,98982.0,0.1%,3.4%,,,,,
128,"Second Lien Term Loan (10.78% (LIBOR + 9.00%), due 10/1/2026)(3)(8)(11)",10/12/2018,37000,5/23/2019,36421,15090,35752,12316,1.2%,0.4%,0.1%,98982.0,0.1%,3.4%,,,,,
129,"Second Lien Term Loan (10.78% (LIBOR + 9.00%), due 10/1/2026)(3)(8)(11)",10/12/2018,37000,5/23/2019,36421,15090,45934,12316,45009,0.4%,1.5%,98982.0,0.1%,3.4%,,,,,
130,Cent CLO 21 Limited,Structured Finance,"Subordinated Structured Note (Residual Interest, current yield 10.64%, due 7/27/2030)(5)(14)",6/18/2014,49552,15090,38925,12316,25563,0.4%,0.9%,98982.0,0.1%,3.4%,,,,,
131,Cent CLO 21 Limited,Structured Finance,"Subordinated Structured Note (Residual Interest, current yield 10.64%, due 7/27/2030)(5)(14)",6/18/2014,49552,38925,38925,25563,25563,0.9%,0.9%,98982.0,0.1%,3.4%,,,,,
132,"CIFC Funding 2013-III-R, Ltd.",Structured Finance,"Subordinated Structured Note (Residual Interest, current yield 9.21%, due 4/24/2031)(5)(14)",9/12/2013,44100,38925,29695,25563,20909,0.9%,0.7%,98982.0,0.1%,3.4%,,,,,
133,"CIFC Funding 2013-III-R, Ltd.",Structured Finance,"Subordinated Structured Note (Residual Interest, current yield 9.21%, due 4/24/2031)(5)(14)",9/12/2013,44100,29695,29695,20909,20909,0.7%,0.7%,98982.0,0.1%,3.4%,,,,,
134,"CIFC Funding 2013-IV, Ltd.",Structured Finance,"Subordinated Structured Note (Residual Interest, current yield 12.90%, due 4/28/2031)(5)(14)",11/14/2013,45500,29695,32887,20909,27111,0.7%,0.9%,98982.0,0.1%,3.4%,,,,,
135,"CIFC Funding 2013-IV, Ltd.",Structured Finance,"Subordinated Structured Note (Residual Interest, current yield 12.90%, due 4/28/2031)(5)(14)",11/14/2013,45500,32887,32887,27111,27111,0.9%,0.9%,98982.0,0.1%,3.4%,,,,,
136,"CIFC Funding 2014-IV-R, Ltd.",Structured Finance,"Subordinated Structured Note (Residual Interest, current yield 15.31%, due 10/17/2030)(5)(14)",9/3/2014,44467,32887,31251,27111,22535,0.9%,0.8%,98982.0,0.1%,3.4%,,,,,
137,"CIFC Funding 2014-IV-R, Ltd.",Structured Finance,"Subordinated Structured Note (Residual Interest, current yield 15.31%, due 10/17/2030)(5)(14)",9/3/2014,44467,31251,31251,22535,22535,0.8%,0.8%,98982.0,0.1%,3.4%,,,,,
138,"CIFC Funding 2016-I, Ltd.",Structured Finance,"Subordinated Structured Note (Residual Interest, current yield 9.23%, due 10/21/2031)(5)(14)",12/21/2016,34000,31251,30149,22535,26028,0.8%,0.9%,98982.0,0.1%,3.4%,,,,,
139,"CIFC Funding 2016-I, Ltd.",Structured Finance,"Subordinated Structured Note (Residual Interest, current yield 9.23%, due 10/21/2031)(5)(14)",12/21/2016,34000,30149,30149,26028,26028,0.9%,0.9%,98982.0,0.1%,3.4%,,,,,
140,"Cinedigm DC Holdings, LLC",Entertainment,"Senior Secured Term Loan (11.00% (LIBOR + 9.00% with 2.00% LIBOR floor) plus 2.50% PIK, due 3/31/2021)(11)(46)",2/28/2013,12205,30149,12155,26028,12205,0.9%,0.4%,98982.0,0.1%,3.4%,,,,,
141,"Cinedigm DC Holdings, LLC",Entertainment,"Senior Secured Term Loan (11.00% (LIBOR + 9.00% with 2.00% LIBOR floor) plus 2.50% PIK, due 3/31/2021)(11)(46)",2/28/2013,12205,30149,12155,26028,12205,0.9%,0.4%,98982.0,0.1%,3.4%,,,,,
142,"Class Valuation, LLC",Real Estate Management & Development,"Senior Secured Term Loan (9.75% (LIBOR + 8.25% with 1.50% LIBOR floor), due 3/10/2023)(3)(11)",3/12/2018,38222,30149,38222,26028,38222,0.9%,1.3%,98982.0,0.1%,3.4%,,,,,
143,"Class Valuation, LLC",Real Estate Management & Development,"Senior Secured Term Loan (9.75% (LIBOR + 8.25% with 1.50% LIBOR floor), due 3/10/2023)(3)(11)",3/12/2018,38222,30149,38222,26028,38222,0.9%,1.3%,98982.0,0.1%,3.4%,,,,,
144,"Collections Acquisition Company, Inc.",Diversified Financial Services,"Senior Secured Term Loan (10.15% (LIBOR + 7.65% with 2.50% LIBOR floor), due 6/3/2024)(3)(11)",12/3/2019,30216,30149,30216,26028,30216,0.9%,1.0%,98982.0,0.1%,3.4%,,,,,
145,"Collections Acquisition Company, Inc.",Diversified Financial Services,"Senior Secured Term Loan (10.15% (LIBOR + 7.65% with 2.50% LIBOR floor), due 6/3/2024)(3)(11)",12/3/2019,30216,30149,30216,26028,30216,0.9%,1.0%,98982.0,0.1%,3.4%,,,,,
146,Portfolio Company,Industry,Investments(1)(44),Acquisition Date(51),Principal Value,Amortized Cost,Fair  Value(2),% of Net Assets,30216,0.9%,1.0%,98982.0,0.1%,3.4%,,,,,
147,Columbia Cent CLO 27 Limited,Structured Finance,"Subordinated Structured Note (Residual Interest, current yield 13.12%, due 10/25/2028)(5)(14)",1/15/2014,Principal Value,40275,Fair  Value(2),% of Net Assets,23121,0.9%,1.0%,20941.0,0.1%,0.7%,,,,,
148,Columbia Cent CLO 27 Limited,Structured Finance,"Subordinated Structured Note (Residual Interest, current yield 13.12%, due 10/25/2028)(5)(14)",1/15/2014,Principal Value,40275,23121,% of Net Assets,20941,0.9%,0.7%,20941.0,0.1%,0.7%,,,,,
149,"Coverall North America, Inc.",Commercial Services & Supplies,"Senior Secured Term Loan A (7.46% (LIBOR + 6.00% with 1.00% LIBOR floor), due 5/3/2021)(3)(11)",11/2/2015,3100,40275,3100,% of Net Assets,3100,0.9%,0.1%,20941.0,0.1%,0.7%,,,,,
150,"Senior Secured Term Loan B (12.46% (LIBOR + 11.00% with 1.00% LIBOR floor), due 5/3/2021)(3)(11)",11/2/2015,22750,11/2/2015,22750,40275,22750,% of Net Assets,0.8%,0.9%,0.1%,20941.0,0.1%,0.7%,,,,,
151,"Senior Secured Term Loan B (12.46% (LIBOR + 11.00% with 1.00% LIBOR floor), due 5/3/2021)(3)(11)",11/2/2015,22750,11/2/2015,22750,25850,22750,25850,0.8%,0.9%,0.1%,20941.0,0.1%,0.7%,,,,,
152,CP VI Bella Midco,IT Services,"Second Lien Term Loan (7.74% (LIBOR + 6.75%), due 12/29/2025)(3)(8)(13)",2/26/2018,15750,25850,15709,25850,15750,0.9%,0.5%,20941.0,0.1%,0.7%,,,,,
153,CP VI Bella Midco,IT Services,"Second Lien Term Loan (7.74% (LIBOR + 6.75%), due 12/29/2025)(3)(8)(13)",2/26/2018,15750,15709,15709,15750,15750,0.5%,0.5%,20941.0,0.1%,0.7%,,,,,
154,"Digital Room, LLC",Commercial Services & Supplies,"First Lien Term Loan (6.45% (LIBOR + 5.00%), due 5/21/2026)(3)(8)(11)",5/29/2019,25,15709,25,15750,24,0.5%,-%,20941.0,0.1%,0.7%,,,,,
155,"First Lien Term Loan (6.07% (LIBOR + 5.00%), due 5/21/2026)(3)(8)(13)",5/29/2019,9900,5/29/2019,9778,15709,9341,15750,0.3%,0.5%,-%,20941.0,0.1%,0.7%,,,,,
156,"Second Lien Term Loan (10.07% (LIBOR + 9.00%), due 5/21/2027)(3)(8)(53)",5/30/2019,70000,5/29/2019,70000,15709,65510,15750,2.3%,0.5%,-%,20941.0,0.1%,0.7%,,,,,
157,"Second Lien Term Loan (10.07% (LIBOR + 9.00%), due 5/21/2027)(3)(8)(53)",5/30/2019,70000,5/29/2019,70000,79803,65510,74875,2.3%,2.6%,-%,20941.0,0.1%,0.7%,,,,,
158,"Dunn Paper, Inc.",Paper & Forest Products,"First Lien Term Loan (5.75% (LIBOR + 4.75% with 1.00% LIBOR floor), due 8/26/2022)(3)(8)(13)",11/27/2019,4488,79803,4382,74875,4363,2.6%,0.1%,20941.0,0.1%,0.7%,,,,,
159,"Second Lien Term Loan (9.75% (LIBOR + 8.75% with 1.00% LIBOR floor), due 8/26/2023)(3)(8)(13)",10/7/2016,11500,11/27/2019,11387,79803,11122,74875,0.4%,2.6%,0.1%,20941.0,0.1%,0.7%,,,,,
160,"Second Lien Term Loan (9.75% (LIBOR + 8.75% with 1.00% LIBOR floor), due 8/26/2023)(3)(8)(13)",10/7/2016,11500,11/27/2019,11387,15769,11122,15485,0.4%,0.5%,0.1%,20941.0,0.1%,0.7%,,,,,
161,"Easy Gardener Products, Inc.",Household Durables,"Senior Secured Term Loan (11.46% (LIBOR + 10.00% with 0.25% LIBOR floor), in non-accrual status effective 10/1/2019, due 09/30/2020)(11)(16)",10/2/2015,15719,15769,15719,15485,4799,0.5%,0.2%,20941.0,0.1%,0.7%,,,,,
162,"Easy Gardener Products, Inc.",Household Durables,"Senior Secured Term Loan (11.46% (LIBOR + 10.00% with 0.25% LIBOR floor), in non-accrual status effective 10/1/2019, due 09/30/2020)(11)(16)",10/2/2015,15719,15719,15719,4799,4799,0.2%,0.2%,20941.0,0.1%,0.7%,,,,,
163,EDSCO Holding Company LLC,Machinery,"Senior Secured Term Loan (7.50% (LIBOR + 6.00% with 1.50% LIBOR floor), due 1/10/2025)(3)(11)",1/10/2020,20000,15719,20000,4799,20000,0.2%,0.7%,20941.0,0.1%,0.7%,,,,,
164,EDSCO Holding Company LLC,Machinery,"Senior Secured Term Loan (7.50% (LIBOR + 6.00% with 1.50% LIBOR floor), due 1/10/2025)(3)(11)",1/10/2020,20000,20000,20000,20000,20000,0.7%,0.7%,20941.0,0.1%,0.7%,,,,,
165,"Engine Group, Inc.(7)",Media,"Senior Secured Term Loan (7.25% (PRIME + 4.00%), due 9/15/2022)(8)(54)",9/25/2017,4220,20000,4220,20000,3619,0.7%,0.1%,20941.0,0.1%,0.7%,,,,,
166,"Second Lien Term Loan (11.25% (PRIME + 8.00%), due 9/15/2023)(3)(8)(54)",9/25/2017,35000,9/25/2017,35000,20000,18380,20000,0.6%,0.7%,0.1%,20941.0,0.1%,0.7%,,,,,
167,"Second Lien Term Loan (11.25% (PRIME + 8.00%), due 9/15/2023)(3)(8)(54)",9/25/2017,35000,9/25/2017,35000,39220,18380,21999,0.6%,0.7%,0.1%,20941.0,0.1%,0.7%,,,,,
168,EXC Holdings III Corp,"Technology Hardware, Storage & Peripherals","Second Lien Term Loan (9.41% (LIBOR + 7.50% with 1.00% LIBOR floor), due 12/01/2025)(3)(8)(11)",12/5/2017,12500,39220,12411,21999,11851,0.7%,0.4%,20941.0,0.1%,0.7%,,,,,
169,EXC Holdings III Corp,"Technology Hardware, Storage & Peripherals","Second Lien Term Loan (9.41% (LIBOR + 7.50% with 1.00% LIBOR floor), due 12/01/2025)(3)(8)(11)",12/5/2017,12500,12411,12411,11851,11851,0.4%,0.4%,20941.0,0.1%,0.7%,,,,,
170,"Galaxy XV CLO, Ltd.",Structured Finance,"Subordinated Structured Note (Residual Interest, current yield 9.66%, due 10/15/2030)(5)(14)",3/14/2013,50525,12411,35628,11851,23188,0.4%,0.8%,20941.0,0.1%,0.7%,,,,,
171,"Galaxy XV CLO, Ltd.",Structured Finance,"Subordinated Structured Note (Residual Interest, current yield 9.66%, due 10/15/2030)(5)(14)",3/14/2013,50525,35628,35628,23188,23188,0.8%,0.8%,20941.0,0.1%,0.7%,,,,,
172,"Galaxy XXVII CLO, Ltd.",Structured Finance,"Subordinated Structured Note (Residual Interest, current yield 7.13%, due 5/16/2031)(5)(14)",11/5/2013,24575,35628,16437,23188,10938,0.8%,0.4%,20941.0,0.1%,0.7%,,,,,
173,"Galaxy XXVII CLO, Ltd.",Structured Finance,"Subordinated Structured Note (Residual Interest, current yield 7.13%, due 5/16/2031)(5)(14)",11/5/2013,24575,16437,16437,10938,10938,0.4%,0.4%,20941.0,0.1%,0.7%,,,,,
174,"Galaxy XXVIII CLO, Ltd.",Structured Finance,"Subordinated Structured Note (Residual Interest, current yield 7.15%, due 7/15/2031)(5)(14)",6/27/2014,39905,16437,28629,10938,16178,0.4%,0.6%,20941.0,0.1%,0.7%,,,,,
175,"Galaxy XXVIII CLO, Ltd.",Structured Finance,"Subordinated Structured Note (Residual Interest, current yield 7.15%, due 7/15/2031)(5)(14)",6/27/2014,39905,28629,28629,16178,16178,0.6%,0.6%,20941.0,0.1%,0.7%,,,,,
176,Portfolio Company,Industry,Investments(1)(44),Acquisition Date(51),Principal Value,Amortized Cost,Fair  Value(2),% of Net Assets,16178,0.6%,0.6%,20941.0,0.1%,0.7%,,,,,
177,"GEON Performance Solutions, LLC",Chemicals,"Revolving Line of Credit – $3,621 Commitment (10.00% (PRIME+5.25%) , due10/25/2024)(15)(54)",12/12/2019,Principal Value,769,Fair  Value(2),% of Net Assets,769,0.6%,0.6%,763.0,0.1%,-%,,,,,
178,"First Lien Term Loan (7.88% (LIBOR+6.25% with 1.63% LIBOR floor), due10/25/2024)(3)(13)",12/12/2019,31301,12/12/2019,31138,769,31042,% of Net Assets,1.1%,0.6%,0.6%,763.0,0.1%,-%,,,,,
179,"First Lien Term Loan (7.88% (LIBOR+6.25% with 1.63% LIBOR floor), due10/25/2024)(3)(13)",12/12/2019,31301,12/12/2019,31138,31907,31042,31805,1.1%,1.1%,0.6%,763.0,0.1%,-%,,,,,
180,Global Tel*Link Corporation,Diversified Telecommunication Services,"First Lien Term Loan (5.70% (LIBOR + 4.25%), due 11/29/2025)(3)(8)(11)",8/20/2019,9925,31907,9553,31805,8970,1.1%,0.3%,763.0,0.1%,-%,,,,,
181,"Second Lien Term Loan (9.70% (LIBOR + 8.25%), due 11/29/2026)(3)(8)(11)",12/4/2018,40170,8/20/2019,39364,31907,37612,31805,1.3%,1.1%,0.3%,763.0,0.1%,-%,,,,,
182,"Second Lien Term Loan (9.70% (LIBOR + 8.25%), due 11/29/2026)(3)(8)(11)",12/4/2018,40170,8/20/2019,39364,48917,37612,46582,1.3%,1.6%,0.3%,763.0,0.1%,-%,,,,,
183,"GlobalTranz Enterprises, Inc.",Air Freight & Logistics,"Second Lien Term Loan (9.18% (LIBOR + 8.25%), due 5/15/2027)(3)(8)(13)",5/15/2019,12500,48917,12500,46582,12409,1.6%,0.4%,763.0,0.1%,-%,,,,,
184,"GlobalTranz Enterprises, Inc.",Air Freight & Logistics,"Second Lien Term Loan (9.18% (LIBOR + 8.25%), due 5/15/2027)(3)(8)(13)",5/15/2019,12500,12500,12500,12409,12409,0.4%,0.4%,763.0,0.1%,-%,,,,,
185,"H.I.G. ECI Merger Sub, Inc.",IT Services,"Senior Secured Term Loan A (7.00% (LIBOR + 5.50% with 1.50% LIBOR floor), due 5/31/2023)(3)(11)",5/31/2018,43904,12500,43904,12409,43868,0.4%,1.5%,763.0,0.1%,-%,,,,,
186,"Senior Secured Term Loan B (12.00% (LIBOR + 10.50% with 1.50% LIBOR floor), due 5/31/2023)(3)(11)",5/31/2018,29900,5/31/2018,29900,12500,29900,12409,1.0%,0.4%,1.5%,763.0,0.1%,-%,,,,,
187,"Senior Secured Term Loan B (12.00% (LIBOR + 10.50% with 1.50% LIBOR floor), due 5/31/2023)(3)(11)",5/31/2018,29900,5/31/2018,29900,73804,29900,73768,1.0%,2.5%,1.5%,763.0,0.1%,-%,,,,,
188,Halcyon Loan Advisors Funding 2012-1 Ltd.,Structured Finance,"Subordinated Structured Note (Residual Interest, current yield 0.00%, due 8/15/2023)(5)(14)(17)",8/15/2012,23188,73804,3746,73768,-,2.5%,-%,763.0,0.1%,-%,,,,,
189,Halcyon Loan Advisors Funding 2012-1 Ltd.,Structured Finance,"Subordinated Structured Note (Residual Interest, current yield 0.00%, due 8/15/2023)(5)(14)(17)",8/15/2012,23188,3746,3746,-,-,-%,-%,763.0,0.1%,-%,,,,,
190,Halcyon Loan Advisors Funding 2013-1 Ltd.,Structured Finance,"Subordinated Structured Note (Residual Interest, current yield 0.00%, due 4/15/2025)(5)(14)(17)",3/28/2013,40400,3746,19984,-,-,-%,-%,763.0,0.1%,-%,,,,,
191,Halcyon Loan Advisors Funding 2013-1 Ltd.,Structured Finance,"Subordinated Structured Note (Residual Interest, current yield 0.00%, due 4/15/2025)(5)(14)(17)",3/28/2013,40400,19984,19984,-,-,-%,-%,763.0,0.1%,-%,,,,,
192,Halcyon Loan Advisors Funding 2014-1 Ltd.,Structured Finance,"Subordinated Structured Note (Residual Interest, current yield 0.00%, due 4/18/2026)(5)(14)(17)",3/6/2014,24500,19984,11822,-,-,-%,-%,763.0,0.1%,-%,,,,,
193,Halcyon Loan Advisors Funding 2014-1 Ltd.,Structured Finance,"Subordinated Structured Note (Residual Interest, current yield 0.00%, due 4/18/2026)(5)(14)(17)",3/6/2014,24500,11822,11822,-,-,-%,-%,763.0,0.1%,-%,,,,,
194,Halcyon Loan Advisors Funding 2014-2 Ltd.,Structured Finance,"Subordinated Structured Note (Residual Interest, current yield 0.00%, due 4/28/2025)(5)(14)(17)",4/28/2014,41164,11822,21322,-,-,-%,-%,763.0,0.1%,-%,,,,,
195,Halcyon Loan Advisors Funding 2014-2 Ltd.,Structured Finance,"Subordinated Structured Note (Residual Interest, current yield 0.00%, due 4/28/2025)(5)(14)(17)",4/28/2014,41164,21322,21322,-,-,-%,-%,763.0,0.1%,-%,,,,,
196,Halcyon Loan Advisors Funding 2015-3 Ltd.,Structured Finance,"Subordinated Structured Note (Residual Interest, current yield 0.00%, due 10/18/2027)(5)(14)(17)",9/3/2015,39598,21322,29766,-,17989,-%,0.6%,763.0,0.1%,-%,,,,,
197,Halcyon Loan Advisors Funding 2015-3 Ltd.,Structured Finance,"Subordinated Structured Note (Residual Interest, current yield 0.00%, due 10/18/2027)(5)(14)(17)",9/3/2015,39598,29766,29766,17989,17989,0.6%,0.6%,763.0,0.1%,-%,,,,,
198,"Halyard MD OpCo, LLC",Media,"Revolving Line of Credit – $2,000 Commitment (9.94% (LIBOR + 8.00%), due 2/6/2020)(11)(15)",8/6/2018,-,29766,-,17989,-,0.6%,-%,763.0,0.1%,-%,,,,,
199,"First Lien Term Loan (10.00% (LIBOR + 8.00% with 2.00% LIBOR floor), due 8/6/2023)(3)(11)",8/6/2018,11100,8/6/2018,11100,29766,11100,17989,0.4%,0.6%,-%,763.0,0.1%,-%,,,,,
200,"First Lien Term Loan (10.00% (LIBOR + 8.00% with 2.00% LIBOR floor), due 8/6/2023)(3)(11)",8/6/2018,11100,8/6/2018,11100,11100,11100,11100,0.4%,0.4%,-%,763.0,0.1%,-%,,,,,
201,"HarbourView CLO VII-R, Ltd.",Structured Finance,"Subordinated Structured Note (Residual Interest, current yield 0.27%, due 7/18/2031)(5)(14)",6/10/2015,19025,11100,12817,11100,7121,0.4%,0.2%,763.0,0.1%,-%,,,,,
202,"HarbourView CLO VII-R, Ltd.",Structured Finance,"Subordinated Structured Note (Residual Interest, current yield 0.27%, due 7/18/2031)(5)(14)",6/10/2015,19025,12817,12817,7121,7121,0.2%,0.2%,763.0,0.1%,-%,,,,,
203,"Help/Systems Holdings, Inc.",Software,"First Lien Term Loan (5.75% (LIBOR + 4.75% with 1.00% LIBOR floor), due 11/19/2027)(3)(8)(13)",11/29/2019,8500,12817,8420,7121,8246,0.2%,0.3%,763.0,0.1%,-%,,,,,
204,"Second Lien Term Loan (9.00% (LIBOR + 8.00% with 1.00% LIBOR floor), due 11/19/2027)(3)(8)(13)",11/22/2019,17500,11/29/2019,17171,12817,17086,7121,0.6%,0.2%,0.3%,763.0,0.1%,-%,,,,,
205,"Second Lien Term Loan (9.00% (LIBOR + 8.00% with 1.00% LIBOR floor), due 11/19/2027)(3)(8)(13)",11/22/2019,17500,11/29/2019,17171,25591,17086,25332,0.6%,0.9%,0.3%,763.0,0.1%,-%,,,,,
206,Portfolio Company,Industry,Investments(1)(44),Acquisition Date(51),Principal Value,Amortized Cost,Fair  Value(2),% of Net Assets,0.6%,0.9%,0.3%,763.0,0.1%,-%,,,,,
207,"Inpatient Care Management Company, LLC",Health Care Providers & Services,"Senior Secured Term Loan (9.46% (LIBOR + 8.00% with 1.00% LIBOR floor), due 6/8/2021)(3)(11)",6/8/2016,Principal Value,15930,Fair  Value(2),% of Net Assets,15930,0.9%,0.3%,15637.0,0.1%,0.5%,,,,,
208,"Inpatient Care Management Company, LLC",Health Care Providers & Services,"Senior Secured Term Loan (9.46% (LIBOR + 8.00% with 1.00% LIBOR floor), due 6/8/2021)(3)(11)",6/8/2016,Principal Value,15930,Fair  Value(2),15637,15930,0.5%,0.3%,15637.0,0.1%,0.5%,,,,,
209,Jefferson Mill CLO Ltd.,Structured Finance,"Subordinated Structured Note (Residual Interest, current yield 7.00%, due 10/20/2031)(5)(14)",7/28/2015,23594,15930,19082,15637,11307,0.5%,0.4%,15637.0,0.1%,0.5%,,,,,
210,Jefferson Mill CLO Ltd.,Structured Finance,"Subordinated Structured Note (Residual Interest, current yield 7.00%, due 10/20/2031)(5)(14)",7/28/2015,23594,19082,19082,11307,11307,0.4%,0.4%,15637.0,0.1%,0.5%,,,,,
211,"K&N Parent, Inc.",Auto Components,"First Lien Term Loan (5.82% (LIBOR + 4.75%)1.00% LIBOR floor), due 10/20/2023)(3)(8)(53)",3/3/2020,1437,19082,1233,11307,1399,0.4%,-%,15637.0,0.1%,0.5%,,,,,
212,"Second Lien Term Loan (9.82% (LIBOR + 8.75% with 1.00% LIBOR floor), due 10/21/2024)(3)(8)(53)",10/28/2016,25887,3/3/2020,25512,19082,25451,11307,0.9%,0.4%,-%,15637.0,0.1%,0.5%,,,,,
213,"Second Lien Term Loan (9.82% (LIBOR + 8.75% with 1.00% LIBOR floor), due 10/21/2024)(3)(8)(53)",10/28/2016,25887,3/3/2020,25512,26745,25451,26850,0.9%,0.9%,-%,15637.0,0.1%,0.5%,,,,,
214,Keystone Acquisition Corp.(36),Health Care Providers & Services,"Second Lien Term Loan (10.70% (LIBOR + 9.25% with 1.00% LIBOR floor), due 5/1/2025)(3)(8)(11)",5/18/2017,50000,26745,50000,26850,49127,0.9%,1.7%,15637.0,0.1%,0.5%,,,,,
215,Keystone Acquisition Corp.(36),Health Care Providers & Services,"Second Lien Term Loan (10.70% (LIBOR + 9.25% with 1.00% LIBOR floor), due 5/1/2025)(3)(8)(11)",5/18/2017,50000,50000,50000,49127,49127,1.7%,1.7%,15637.0,0.1%,0.5%,,,,,
216,LCM XIV Ltd.,Structured Finance,"Subordinated Structured Note (Residual Interest, current yield 11.69%, due 7/21/2031)(5)(14)",7/11/2013,49934,50000,28280,49127,18784,1.7%,0.6%,15637.0,0.1%,0.5%,,,,,
217,LCM XIV Ltd.,Structured Finance,"Subordinated Structured Note (Residual Interest, current yield 11.69%, due 7/21/2031)(5)(14)",7/11/2013,49934,28280,28280,18784,18784,0.6%,0.6%,15637.0,0.1%,0.5%,,,,,
218,"Legility, LLC",Professional Services,"First Lien Term Loan (7.00% (LIBOR + 6.00% with 1.00% LIBOR floor), due 12/17/2025)(3)(8)(11)",2/28/2020,774,28280,759,18784,768,0.6%,-%,15637.0,0.1%,0.5%,,,,,
219,"First Lien Term Loan (7.00% (LIBOR + 6.00% with 1.00% LIBOR floor), due 12/17/2025)(3)(8)(53)",2/28/2020,19226,2/28/2020,18847,28280,19076,18784,0.7%,0.6%,-%,15637.0,0.1%,0.5%,,,,,
220,"First Lien Term Loan (7.00% (LIBOR + 6.00% with 1.00% LIBOR floor), due 12/17/2025)(3)(8)(53)",2/28/2020,19226,2/28/2020,18847,19606,19076,19844,0.7%,0.7%,-%,15637.0,0.1%,0.5%,,,,,
221,"LGC US FINCO, LLC",Machinery,"First Lien Term Loan (7.50% (LIBOR + 6.50% with 1.00% LIBOR floor), due12/20/2025)(3)(8)(53)",1/24/2020,29850,19606,28982,19844,28484,0.7%,1.0%,15637.0,0.1%,0.5%,,,,,
222,"LGC US FINCO, LLC",Machinery,"First Lien Term Loan (7.50% (LIBOR + 6.50% with 1.00% LIBOR floor), due12/20/2025)(3)(8)(53)",1/24/2020,29850,28982,28982,28484,28484,1.0%,1.0%,15637.0,0.1%,0.5%,,,,,
223,"Maverick Healthcare Equity, LLC",Health Care Providers & Services,"Preferred Units (10.00%, 1,250,000 units)(16)",10/31/2007,29850,28982,-,28484,-,1.0%,-%,15637.0,0.1%,0.5%,,,,,
224,"Class A Common Units (1,250,000 units)(16)",10/31/2007,"Preferred Units (10.00%, 1,250,000 units)(16)",10/31/2007,-,28982,-,28484,-%,1.0%,-%,15637.0,0.1%,0.5%,,,,,
225,"Class A Common Units (1,250,000 units)(16)",10/31/2007,"Preferred Units (10.00%, 1,250,000 units)(16)",10/31/2007,-,-,-,-,-%,-%,-%,15637.0,0.1%,0.5%,,,,,
226,"Medusind Acquisition, Inc.(9)",Health Care Providers & Services,"First Lien Term Loan (11.25% (LIBOR + 9.75% with 1.00% LIBOR floor), due 4/8/2024)(3)(11)(46)",9/30/2019,24103,-,23770,-,24001,-%,0.8%,15637.0,0.1%,0.5%,,,,,
227,"Medusind Acquisition, Inc.(9)",Health Care Providers & Services,"First Lien Term Loan (11.25% (LIBOR + 9.75% with 1.00% LIBOR floor), due 4/8/2024)(3)(11)(46)",9/30/2019,24103,23770,23770,24001,24001,0.8%,0.8%,15637.0,0.1%,0.5%,,,,,
228,Mountain View CLO 2013-I Ltd.,Structured Finance,"Subordinated Structured Note (Residual Interest, current yield 1.82%, due 10/15/2030)(5)(14)",5/1/2013,43650,23770,28877,24001,14707,0.8%,0.5%,15637.0,0.1%,0.5%,,,,,
229,Mountain View CLO 2013-I Ltd.,Structured Finance,"Subordinated Structured Note (Residual Interest, current yield 1.82%, due 10/15/2030)(5)(14)",5/1/2013,43650,28877,28877,14707,14707,0.5%,0.5%,15637.0,0.1%,0.5%,,,,,
230,Mountain View CLO IX Ltd.,Structured Finance,"Subordinated Structured Note (Residual Interest, current yield 13.33%, due 7/15/2031)(5)(14)",6/25/2015,47830,28877,29152,14707,25833,0.5%,0.9%,15637.0,0.1%,0.5%,,,,,
231,Mountain View CLO IX Ltd.,Structured Finance,"Subordinated Structured Note (Residual Interest, current yield 13.33%, due 7/15/2031)(5)(14)",6/25/2015,47830,29152,29152,25833,25833,0.9%,0.9%,15637.0,0.1%,0.5%,,,,,
232,"Octagon Investment Partners XV, Ltd.",Structured Finance,"Subordinated Structured Note (Residual Interest, current yield 8.97%, due 7/19/2030)(5)(14)",2/20/2013,42064,29152,33246,25833,22918,0.9%,0.8%,15637.0,0.1%,0.5%,,,,,
233,"Octagon Investment Partners XV, Ltd.",Structured Finance,"Subordinated Structured Note (Residual Interest, current yield 8.97%, due 7/19/2030)(5)(14)",2/20/2013,42064,33246,33246,22918,22918,0.8%,0.8%,15637.0,0.1%,0.5%,,,,,
234,Octagon Investment Partners 18-R Ltd.,Structured Finance,"Subordinated Structured Note (Residual Interest, current yield 13.95%, due 4/16/2031)(5)(14)",8/17/2015,46016,33246,26074,22918,19452,0.8%,0.7%,15637.0,0.1%,0.5%,,,,,
235,Octagon Investment Partners 18-R Ltd.,Structured Finance,"Subordinated Structured Note (Residual Interest, current yield 13.95%, due 4/16/2031)(5)(14)",8/17/2015,46016,26074,26074,19452,19452,0.7%,0.7%,15637.0,0.1%,0.5%,,,,,
236,Pearl Intermediate Parent LLC,Health Care Providers & Services,"Second Lien Term Loan (7.24% (LIBOR + 6.25%), due 2/15/2026)(3)(8)(13)",2/28/2018,5000,26074,4982,19452,4741,0.7%,0.2%,15637.0,0.1%,0.5%,,,,,
237,Pearl Intermediate Parent LLC,Health Care Providers & Services,"Second Lien Term Loan (7.24% (LIBOR + 6.25%), due 2/15/2026)(3)(8)(13)",2/28/2018,5000,4982,4982,4741,4741,0.2%,0.2%,15637.0,0.1%,0.5%,,,,,
238,Portfolio Company,Industry,Investments(1)(44),Acquisition Date(51),Principal Value,Amortized Cost,Fair  Value(2),% of Net Assets,4741,0.2%,0.2%,15637.0,0.1%,0.5%,,,,,
239,"PeopleConnect Holdings, LLC(10)",Interactive Media & Services,"Revolving Line of Credit – $8,918 Commitment (10.00% (LIBOR + 8.25% with 1.75% LIBOR floor), due 1/22/2025)(13)(15)",1/22/2020,Principal Value,1115,Fair  Value(2),% of Net Assets,1115,0.2%,0.2%,1115.0,0.1%,0.1%,,,,,
240,"Delayed Draw Term Loan – $5,000 Commitment (10.00% (LIBOR + 8.25% with 1.75% LIBOR floor), due 1/22/2021)(11)(15)",1/22/2020,-,1/22/2020,-,1115,-,% of Net Assets,-%,0.2%,0.2%,1115.0,0.1%,0.1%,,,,,
241,"Senior Secured Term Loan (10.07% (LIBOR + 8.25% with 1.75% LIBOR floor), due 1/22/2025)(11)",1/22/2020,206006,1/22/2020,206006,1115,206006,% of Net Assets,7.0%,0.2%,0.2%,1115.0,0.1%,0.1%,,,,,
242,"Senior Secured Term Loan (10.07% (LIBOR + 8.25% with 1.75% LIBOR floor), due 1/22/2025)(11)",1/22/2020,206006,1/22/2020,206006,207121,206006,207121,7.0%,7.1%,0.2%,1115.0,0.1%,0.1%,,,,,
243,"PG Dental Holdings New Jersey, LLC",Health Care Providers & Services,"Delayed Draw Term Loan – $5,000 Commitment (10.00% (LIBOR + 7.25% with 2.75% LIBOR floor), due 5/31/2024)(3)(11)(15)",5/31/2019,2000,207121,2000,207121,2000,7.1%,0.1%,1115.0,0.1%,0.1%,,,,,
244,"Senior Secured Term Loan (10.00% (LIBOR + 7.25% with 2.75% LIBOR floor), due 5/31/2024)(3)(11)",5/31/2019,22415,5/31/2019,22415,207121,22415,207121,0.7%,7.1%,0.1%,1115.0,0.1%,0.1%,,,,,
245,"Senior Secured Term Loan (10.00% (LIBOR + 7.25% with 2.75% LIBOR floor), due 5/31/2024)(3)(11)",5/31/2019,22415,5/31/2019,22415,24415,22415,24415,0.7%,0.8%,0.1%,1115.0,0.1%,0.1%,,,,,
246,"PGX Holdings, Inc.",Diversified Consumer Services,"Second Lien Term Loan (10.00% (LIBOR + 9.00% with 1.00% LIBOR floor), due 9/29/2021)(3)(13)",9/29/2014,100091,24415,100091,24415,57239,0.8%,2.0%,1115.0,0.1%,0.1%,,,,,
247,"PGX Holdings, Inc.",Diversified Consumer Services,"Second Lien Term Loan (10.00% (LIBOR + 9.00% with 1.00% LIBOR floor), due 9/29/2021)(3)(13)",9/29/2014,100091,100091,100091,57239,57239,2.0%,2.0%,1115.0,0.1%,0.1%,,,,,
248,"PlayPower, Inc.",Leisure Products,"First Lien Term Loan (6.95% (LIBOR + 5.50%), due 5/10/2026)(3)(8)(11)",5/16/2019,6451,100091,6394,57239,6082,2.0%,0.2%,1115.0,0.1%,0.1%,,,,,
249,"PlayPower, Inc.",Leisure Products,"First Lien Term Loan (6.95% (LIBOR + 5.50%), due 5/10/2026)(3)(8)(11)",5/16/2019,6451,6394,6394,6082,6082,0.2%,0.2%,1115.0,0.1%,0.1%,,,,,
250,"Research Now Group, Inc. & Survey Sampling International LLC",Professional Services,"First Lien Term Loan (7.26% (LIBOR + 5.50% with 1.00% LIBOR floor), due 12/20/2024)(3)(8)(11)",1/5/2018,9775,6394,9419,6082,9569,0.2%,0.3%,1115.0,0.1%,0.1%,,,,,
251,"Second Lien Term Loan (11.26% (LIBOR + 9.50% with 1.00% LIBOR floor), due 12/20/2025)(3)(8)(11)",1/5/2018,50000,1/5/2018,47507,6394,49749,6082,1.7%,0.2%,0.3%,1115.0,0.1%,0.1%,,,,,
252,"Second Lien Term Loan (11.26% (LIBOR + 9.50% with 1.00% LIBOR floor), due 12/20/2025)(3)(8)(11)",1/5/2018,50000,1/5/2018,47507,56926,49749,59318,1.7%,2.0%,0.3%,1115.0,0.1%,0.1%,,,,,
253,"RGIS Services, LLC",Commercial Services & Supplies,"Senior Secured Term Loan (9.28% (LIBOR + 7.50% with 1.00% LIBOR floor), due 3/31/2023)(3)(8)(11)",4/20/2017,4407,56926,4269,59318,3486,2.0%,0.1%,1115.0,0.1%,0.1%,,,,,
254,"Senior Secured Term Loan (9.12% (LIBOR + 7.50% with 1.00% LIBOR floor), due 3/31/2023)(3)(8)(12)",4/20/2017,5021,4/20/2017,4863,56926,3971,59318,0.1%,2.0%,0.1%,1115.0,0.1%,0.1%,,,,,
255,"Senior Secured Term Loan (8.95% (LIBOR + 7.50% with 1.00% LIBOR floor), due 3/31/2023)(3)(8)(11)",4/20/2017,10136,4/20/2017,9818,56926,8017,59318,0.3%,2.0%,0.1%,1115.0,0.1%,0.1%,,,,,
256,"Senior Secured Term Loan (8.95% (LIBOR + 7.50% with 1.00% LIBOR floor), due 3/31/2023)(3)(8)(11)",4/20/2017,10136,4/20/2017,9818,18950,8017,15474,0.3%,0.5%,0.1%,1115.0,0.1%,0.1%,,,,,
257,RME Group Holding Company,Media,"Senior Secured Term Loan A (7.46% (LIBOR + 6.00% with 1.00% LIBOR floor), due 5/4/2022)(3)(11)",5/4/2017,27833,18950,27833,15474,27833,0.5%,0.9%,1115.0,0.1%,0.1%,,,,,
258,"Senior Secured Term Loan B (12.46% (LIBOR + 11.00% with 1.00% LIBOR floor), due 5/4/2022)(3)(11)",5/4/2017,22411,5/4/2017,22411,18950,22411,15474,0.8%,0.5%,0.9%,1115.0,0.1%,0.1%,,,,,
259,"Senior Secured Term Loan B (12.46% (LIBOR + 11.00% with 1.00% LIBOR floor), due 5/4/2022)(3)(11)",5/4/2017,22411,5/4/2017,22411,50244,22411,50244,0.8%,1.7%,0.9%,1115.0,0.1%,0.1%,,,,,
260,"Rocket Software, Inc.",Software,"Second Lien Term Loan (9.24% (LIBOR + 8.25%), due 11/27/2026)(3)(8)(13)",12/7/2018,50000,50244,49584,50244,46630,1.7%,1.6%,1115.0,0.1%,0.1%,,,,,
261,"Rocket Software, Inc.",Software,"Second Lien Term Loan (9.24% (LIBOR + 8.25%), due 11/27/2026)(3)(8)(13)",12/7/2018,50000,49584,49584,46630,46630,1.6%,1.6%,1115.0,0.1%,0.1%,,,,,
262,Romark WM-R Ltd.,Structured Finance,"Subordinated Structured Note (Residual Interest, current yield 8.25%, due 4/20/2031)(5)(14)",5/15/2014,27725,49584,22698,46630,14278,1.6%,0.5%,1115.0,0.1%,0.1%,,,,,
263,Romark WM-R Ltd.,Structured Finance,"Subordinated Structured Note (Residual Interest, current yield 8.25%, due 4/20/2031)(5)(14)",5/15/2014,27725,22698,22698,14278,14278,0.5%,0.5%,1115.0,0.1%,0.1%,,,,,
264,Portfolio Company,Industry,Investments(1)(44),Acquisition Date(51),Principal Value,Amortized Cost,Fair  Value(2),% of Net Assets,14278,0.5%,0.5%,1115.0,0.1%,0.1%,,,,,
265,Rosa Mexicano,"Hotels, Restaurants & Leisure","Revolving Line of Credit– $500 Commitment (8.96% (LIBOR + 7.50% with 1.25% LIBOR floor), due 3/29/2023)(11)(15)",3/29/2018,Principal Value,500,Fair  Value(2),% of Net Assets,500,0.5%,0.5%,467.0,0.1%,-%,,,,,
266,"Senior Secured Term Loan (8.96% (LIBOR + 7.50% with 1.25% LIBOR floor), due 3/29/2023)(3)(11)",3/29/2018,22877,3/29/2018,22877,500,21369,% of Net Assets,0.7%,0.5%,0.5%,467.0,0.1%,-%,,,,,
267,"Senior Secured Term Loan (8.96% (LIBOR + 7.50% with 1.25% LIBOR floor), due 3/29/2023)(3)(11)",3/29/2018,22877,3/29/2018,22877,23377,21369,21836,0.7%,0.7%,0.5%,467.0,0.1%,-%,,,,,
268,"Securus Technologies Holdings, Inc.",Communications Equipment,"First Lien Term Loan (5.50% (LIBOR + 4.50% with 1.00% LIBOR floor), due 11/1/2024)(8)(13)",9/3/2019,9899,23377,9075,21836,8086,0.7%,0.3%,467.0,0.1%,-%,,,,,
269,"First Lien Term Loan (5.50% (LIBOR + 4.50% with 1.00% LIBOR floor), due 11/1/2024)(8)(13)",9/3/2019,25,9/3/2019,23,23377,20,21836,-%,0.7%,0.3%,467.0,0.1%,-%,,,,,
270,"Second Lien Term Loan (9.25% (LIBOR + 8.25% with 1.00% LIBOR floor), due 11/01/2025)(3)(8)(13)",11/3/2017,50662,9/3/2019,50522,23377,39862,21836,1.3%,0.7%,0.3%,467.0,0.1%,-%,,,,,
271,"Second Lien Term Loan (9.25% (LIBOR + 8.25% with 1.00% LIBOR floor), due 11/01/2025)(3)(8)(13)",11/3/2017,50662,9/3/2019,50522,59620,39862,47968,1.3%,1.6%,0.3%,467.0,0.1%,-%,,,,,
272,"SEOTownCenter, Inc.",IT Services,"Senior Secured Term Loan A (9.50% (LIBOR + 7.50% with 2.00% LIBOR floor), due 4/07/2023)(3)(11)",4/10/2018,24881,59620,24881,47968,24881,1.6%,0.9%,467.0,0.1%,-%,,,,,
273,"Senior Secured Term Loan B (14.50% PIK (LIBOR + 12.50% with 2.00% LIBOR floor), due 4/07/2023)(3)(11)(46)",4/10/2018,19119,4/10/2018,19119,59620,18816,47968,0.6%,1.6%,0.9%,467.0,0.1%,-%,,,,,
274,"Senior Secured Term Loan B (14.50% PIK (LIBOR + 12.50% with 2.00% LIBOR floor), due 4/07/2023)(3)(11)(46)",4/10/2018,19119,4/10/2018,19119,44000,18816,43697,0.6%,1.5%,0.9%,467.0,0.1%,-%,,,,,
275,"Shutterfly, Inc.",Internet & Direct Marketing Retail,"First Lien Term Loan (7.45% (LIBOR + 6.00% with 1.00% LIBOR floor), due 9/25/2026)(3)(8)(11)",12/9/2019,17419,44000,15638,43697,16214,1.5%,0.6%,467.0,0.1%,-%,,,,,
276,"Shutterfly, Inc.",Internet & Direct Marketing Retail,"First Lien Term Loan (7.45% (LIBOR + 6.00% with 1.00% LIBOR floor), due 9/25/2026)(3)(8)(11)",12/9/2019,17419,15638,15638,16214,16214,0.6%,0.6%,467.0,0.1%,-%,,,,,
277,"Sorenson Communications, LLC",Diversified Telecommunication Services,"First Lien Term Loan (7.95% (LIBOR + 6.50%), due 4/29/2024)(3)(8)(11)",5/8/2019,9036,15638,8970,16214,8771,0.6%,0.2%,467.0,0.1%,-%,,,,,
278,"Sorenson Communications, LLC",Diversified Telecommunication Services,"First Lien Term Loan (7.95% (LIBOR + 6.50%), due 4/29/2024)(3)(8)(11)",5/8/2019,9036,8970,8970,8771,8771,0.2%,0.2%,467.0,0.1%,-%,,,,,
279,Spectrum Holdings III Corp,Health Care Equipment & Supplies,"Second Lien Term Loan (8.07% (LIBOR + 7.00% with 1.00% LIBOR floor), due 1/31/2026)(3)(8)(53)",2/13/2018,7500,8970,7472,8771,5527,0.2%,0.2%,467.0,0.1%,-%,,,,,
280,Spectrum Holdings III Corp,Health Care Equipment & Supplies,"Second Lien Term Loan (8.07% (LIBOR + 7.00% with 1.00% LIBOR floor), due 1/31/2026)(3)(8)(53)",2/13/2018,7500,7472,7472,5527,5527,0.2%,0.2%,467.0,0.1%,-%,,,,,
281,"Staples, Inc.",Distributors,"First Lien Term Loan (6.52% (LIBOR + 5.00%), due 4/16/2026)(3)(8)(13)",12/3/2019,8977,7472,8892,5527,8106,0.2%,0.3%,467.0,0.1%,-%,,,,,
282,"Staples, Inc.",Distributors,"First Lien Term Loan (6.52% (LIBOR + 5.00%), due 4/16/2026)(3)(8)(13)",12/3/2019,8977,8892,8892,8106,8106,0.3%,0.3%,467.0,0.1%,-%,,,,,
283,Strategic Materials,Household Durables,"Second Lien Term Loan (9.51% (LIBOR + 7.75% with 1.00% LIBOR floor), due 11/1/2025)(3)(8)(11)",11/1/2017,7000,8892,6950,8106,5089,0.3%,0.2%,467.0,0.1%,-%,,,,,
284,Strategic Materials,Household Durables,"Second Lien Term Loan (9.51% (LIBOR + 7.75% with 1.00% LIBOR floor), due 11/1/2025)(3)(8)(11)",11/1/2017,7000,6950,6950,5089,5089,0.2%,0.2%,467.0,0.1%,-%,,,,,
285,"Stryker Energy, LLC",Energy Equipment & Services,Overriding Royalty Interests(43),12/4/2006,7000,6950,-,5089,-,0.2%,-%,467.0,0.1%,-%,,,,,
286,"Stryker Energy, LLC",Energy Equipment & Services,Overriding Royalty Interests(43),12/4/2006,7000,-,-,-,-,-%,-%,467.0,0.1%,-%,,,,,
287,Sudbury Mill CLO Ltd.,Structured Finance,"Subordinated Structured Note (Residual Interest, current yield 0.00%, due 1/17/2026)(5)(14)(17)",12/5/2013,28200,-,13875,-,2536,-%,0.1%,467.0,0.1%,-%,,,,,
288,Sudbury Mill CLO Ltd.,Structured Finance,"Subordinated Structured Note (Residual Interest, current yield 0.00%, due 1/17/2026)(5)(14)(17)",12/5/2013,28200,13875,13875,2536,2536,0.1%,0.1%,467.0,0.1%,-%,,,,,
289,"Symphony CLO XIV, Ltd.",Structured Finance,"Subordinated Structured Note (Residual Interest, current yield 0.00%, due 7/14/2026)(5)(14)(17)",5/29/2014,49250,13875,29771,2536,14476,0.1%,0.5%,467.0,0.1%,-%,,,,,
290,"Symphony CLO XIV, Ltd.",Structured Finance,"Subordinated Structured Note (Residual Interest, current yield 0.00%, due 7/14/2026)(5)(14)(17)",5/29/2014,49250,29771,29771,14476,14476,0.5%,0.5%,467.0,0.1%,-%,,,,,
291,"Symphony CLO XV, Ltd.",Structured Finance,"Subordinated Structured Note (Residual Interest, current yield 4.19%, due 1/17/2032)(5)(14)",11/17/2014,63831,29771,43164,14476,19827,0.5%,0.7%,467.0,0.1%,-%,,,,,
292,"Symphony CLO XV, Ltd.",Structured Finance,"Subordinated Structured Note (Residual Interest, current yield 4.19%, due 1/17/2032)(5)(14)",11/17/2014,63831,43164,43164,19827,19827,0.7%,0.7%,467.0,0.1%,-%,,,,,
293,Portfolio Company,Industry,Investments(1)(44),Acquisition Date(51),Principal Value,Amortized Cost,Fair  Value(2),% of Net Assets,19827,0.7%,0.7%,467.0,0.1%,-%,,,,,
294,TGP HOLDINGS III LLC,Household Durables,"Second Lien Term Loan (10.28% (LIBOR + 8.50% with 1.00% LIBOR floor), due 9/25/2025)(8)(11)",10/3/2017,Principal Value,3000,Fair  Value(2),% of Net Assets,2968,0.7%,0.7%,3000.0,0.1%,0.1%,,,,,
295,TGP HOLDINGS III LLC,Household Durables,"Second Lien Term Loan (10.28% (LIBOR + 8.50% with 1.00% LIBOR floor), due 9/25/2025)(8)(11)",10/3/2017,Principal Value,2968,Fair  Value(2),3000,2968,0.1%,0.7%,3000.0,0.1%,0.1%,,,,,
296,"The Octave Music Group, Inc. (f/k/a Touchtunes Interactive Networks, Inc.)",Entertainment,"First Lien Term Loan (6.86% (LIBOR + 5.25% with 1.00% LIBOR floor), due 5/29/25)(8)(11)",3/6/2020,39250,2968,38864,3000,38115,0.1%,1.3%,3000.0,0.1%,0.1%,,,,,
297,"The Octave Music Group, Inc. (f/k/a Touchtunes Interactive Networks, Inc.)",Entertainment,"First Lien Term Loan (6.86% (LIBOR + 5.25% with 1.00% LIBOR floor), due 5/29/25)(8)(11)",3/6/2020,39250,38864,38864,38115,38115,1.3%,1.3%,3000.0,0.1%,0.1%,,,,,
298,"Town & Country Holdings, Inc.",Distributors,"First Lien Term Loan (10.00% (LIBOR + 8.50% with 1.50% LIBOR floor), due 1/26/2023)(3)(11)",1/26/2018,164438,38864,164438,38115,161079,1.3%,5.5%,3000.0,0.1%,0.1%,,,,,
299,"Town & Country Holdings, Inc.",Distributors,"First Lien Term Loan (10.00% (LIBOR + 8.50% with 1.50% LIBOR floor), due 1/26/2023)(3)(11)",1/26/2018,164438,38864,164438,38115,161079,1.3%,5.5%,3000.0,0.1%,0.1%,,,,,
300,"Transplace Holdings, Inc.",Transportation Infrastructure,"Second Lien Term Loan (9.82% (LIBOR + 8.75% with 1.00% LIBOR floor), due 10/6/2025)(3)(8)(53)",10/16/2017,28104,38864,27641,38115,27638,1.3%,0.9%,3000.0,0.1%,0.1%,,,,,
301,"Transplace Holdings, Inc.",Transportation Infrastructure,"Second Lien Term Loan (9.82% (LIBOR + 8.75% with 1.00% LIBOR floor), due 10/6/2025)(3)(8)(53)",10/16/2017,28104,27641,27641,27638,27638,0.9%,0.9%,3000.0,0.1%,0.1%,,,,,
302,"Universal Fiber Systems, LLC","Textiles, Apparel & Luxury Goods","Second Lien Term Loan (11.28% (LIBOR + 9.50% with 1.00% LIBOR floor), due 10/02/2022)(3)(8)(11)",10/16/2015,37000,27641,36736,27638,34493,0.9%,1.2%,3000.0,0.1%,0.1%,,,,,
303,"Universal Fiber Systems, LLC","Textiles, Apparel & Luxury Goods","Second Lien Term Loan (11.28% (LIBOR + 9.50% with 1.00% LIBOR floor), due 10/02/2022)(3)(8)(11)",10/16/2015,37000,27641,36736,27638,34493,0.9%,1.2%,3000.0,0.1%,0.1%,,,,,
304,"Upstream Newco, Inc.",Health Care Providers & Services,"First Lien Term Loan (5.49% (LIBOR + 4.50%), due 11/20/2026)(3)(8)(13)",12/2/2019,8250,27641,8211,27638,7661,0.9%,0.3%,3000.0,0.1%,0.1%,,,,,
305,"Second Lien Term Loan (9.57% (LIBOR + 8.50%), due 11/20/2027)(3)(8)(53)",12/2/2019,22000,12/2/2019,21804,27641,22000,27638,0.7%,0.9%,0.3%,3000.0,0.1%,0.1%,,,,,
306,"Second Lien Term Loan (9.57% (LIBOR + 8.50%), due 11/20/2027)(3)(8)(53)",12/2/2019,22000,12/2/2019,21804,30015,22000,29661,0.7%,1.0%,0.3%,3000.0,0.1%,0.1%,,,,,
307,"USG Intermediate, LLC",Leisure Products,"Revolving Line of Credit – $1,000 Commitment (10.25% (LIBOR + 9.25% with 1.00% LIBOR floor), due 8/24/2020)(13)(15)",4/15/2015,1000,30015,1000,29661,1000,1.0%,0.1%,3000.0,0.1%,0.1%,,,,,
308,"Senior Secured Term Loan A (7.75% (LIBOR + 6.75% with 1.00% LIBOR floor), due 8/24/2022)(3)(13)",4/15/2015,2996,4/15/2015,2996,30015,2996,29661,0.1%,1.0%,0.1%,3000.0,0.1%,0.1%,,,,,
309,"Senior Secured Term Loan B (12.75% (LIBOR + 11.75% with 1.00% LIBOR floor), due 8/24/2022)(3)(13)",4/15/2015,18229,4/15/2015,18229,30015,18229,29661,0.6%,1.0%,0.1%,3000.0,0.1%,0.1%,,,,,
310,Equity(16),4/15/2015,18229,4/15/2015,1,30015,-,29661,-%,1.0%,0.1%,3000.0,0.1%,0.1%,,,,,
311,Equity(16),4/15/2015,18229,4/15/2015,1,22226,-,22225,-%,0.8%,0.1%,3000.0,0.1%,0.1%,,,,,
312,Venio LLC,Professional Services,"Second Lien Term Loan (4.00% plus 10.00% PIK (LIBOR + 7.50% with 2.50% LIBOR floor), due 2/19/2020)(11)(46)",2/19/2014,26955,22226,26955,22225,26955,0.8%,0.9%,3000.0,0.1%,0.1%,,,,,
313,Venio LLC,Professional Services,"Second Lien Term Loan (4.00% plus 10.00% PIK (LIBOR + 7.50% with 2.50% LIBOR floor), due 2/19/2020)(11)(46)",2/19/2014,26955,22226,26955,22225,26955,0.8%,0.9%,3000.0,0.1%,0.1%,,,,,
314,"Versant Health Holdco, Inc. (f/k/a Wink Holdco, Inc.)",Insurance,"Second Lien Term Loan (8.21% (LIBOR + 6.75% with 1.00% LIBOR floor), due 12/1/2025)(3)(8)(11)",12/12/2017,3000,22226,2989,22225,2852,0.8%,0.1%,3000.0,0.1%,0.1%,,,,,
315,"Versant Health Holdco, Inc. (f/k/a Wink Holdco, Inc.)",Insurance,"Second Lien Term Loan (8.21% (LIBOR + 6.75% with 1.00% LIBOR floor), due 12/1/2025)(3)(8)(11)",12/12/2017,3000,22226,2989,22225,2852,0.8%,0.1%,3000.0,0.1%,0.1%,,,,,
316,"Voya CLO 2012-4, Ltd.",Structured Finance,"Subordinated Structured Note (Residual Interest, current yield 6.29%, due 10/15/2030)(5)(14)",11/29/2012,40613,22226,30187,22225,21316,0.8%,0.7%,3000.0,0.1%,0.1%,,,,,
317,"Voya CLO 2012-4, Ltd.",Structured Finance,"Subordinated Structured Note (Residual Interest, current yield 6.29%, due 10/15/2030)(5)(14)",11/29/2012,40613,22226,30187,22225,21316,0.8%,0.7%,3000.0,0.1%,0.1%,,,,,
318,"Voya CLO 2014-1, Ltd.",Structured Finance,"Subordinated Structured Note (Residual Interest, current yield 5.11%, due 4/18/2031)(5)(14)",3/13/2014,40772,22226,29975,22225,18707,0.8%,0.6%,3000.0,0.1%,0.1%,,,,,
319,"Voya CLO 2014-1, Ltd.",Structured Finance,"Subordinated Structured Note (Residual Interest, current yield 5.11%, due 4/18/2031)(5)(14)",3/13/2014,40772,22226,29975,22225,18707,0.8%,0.6%,3000.0,0.1%,0.1%,,,,,
320,"Voya CLO 2016-3, Ltd.",Structured Finance,"Subordinated Structured Note (Residual Interest, current yield 7.27%, due 10/20/2031)(5)(14)",10/27/2016,28100,22226,26501,22225,18270,0.8%,0.6%,3000.0,0.1%,0.1%,,,,,
321,"Voya CLO 2016-3, Ltd.",Structured Finance,"Subordinated Structured Note (Residual Interest, current yield 7.27%, due 10/20/2031)(5)(14)",10/27/2016,28100,22226,26501,22225,18270,0.8%,0.6%,3000.0,0.1%,0.1%,,,,,
322,"Voya CLO 2017-3, Ltd.",Structured Finance,"Subordinated Structured Note (Residual Interest, current yield 8.07%, due 7/20/2030)(5)(14)",7/12/2017,44885,22226,50175,22225,36733,0.8%,1.3%,3000.0,0.1%,0.1%,,,,,
323,"Voya CLO 2017-3, Ltd.",Structured Finance,"Subordinated Structured Note (Residual Interest, current yield 8.07%, due 7/20/2030)(5)(14)",7/12/2017,44885,22226,50175,22225,36733,0.8%,1.3%,3000.0,0.1%,0.1%,,,,,
324,Portfolio Company,Industry,Investments(1)(44),Acquisition Date(51),Principal Value,Amortized Cost,Fair  Value(2),% of Net Assets,36733,0.8%,1.3%,3000.0,0.1%,0.1%,,,,,
325,"VT Topco, Inc.",Commercial Services & Supplies,"Second Lien Term Loan (8.45% (LIBOR + 7.00%), due 8/17/2026)(3)(8)(11)",8/23/2018,Principal Value,7000,Fair  Value(2),% of Net Assets,6972,0.8%,1.3%,6992.0,0.1%,0.2%,,,,,
326,"VT Topco, Inc.",Commercial Services & Supplies,"Second Lien Term Loan (8.45% (LIBOR + 7.00%), due 8/17/2026)(3)(8)(11)",8/23/2018,Principal Value,6972,Fair  Value(2),6992,6972,0.2%,1.3%,6992.0,0.1%,0.2%,,,,,
327,Leisure Products,28619,"Second Lien Term Loan (8.45% (LIBOR + 7.00%), due 8/17/2026)(3)(8)(11)",-,Principal Value,-,Fair  Value(2),-,6972,1,1.3%,28620,0.1%,0.2%,,,,,
328,Machinery,48982,"Second Lien Term Loan (8.45% (LIBOR + 7.00%), due 8/17/2026)(3)(8)(11)",-,Principal Value,-,Fair  Value(2),-,6972,-,1.3%,48982,0.1%,0.2%,,,,,
329,Media,65564,"Second Lien Term Loan (8.45% (LIBOR + 7.00%), due 8/17/2026)(3)(8)(11)",35000,Principal Value,-,Fair  Value(2),-,6972,-,1.3%,100564,0.1%,0.2%,,,,,
330,Paper & Forest Products,4382,"Second Lien Term Loan (8.45% (LIBOR + 7.00%), due 8/17/2026)(3)(8)(11)",11387,Principal Value,-,Fair  Value(2),-,6972,-,1.3%,15769,0.1%,0.2%,,,,,
331,Professional Services,29025,"Second Lien Term Loan (8.45% (LIBOR + 7.00%), due 8/17/2026)(3)(8)(11)",74462,Principal Value,-,Fair  Value(2),-,6972,-,1.3%,103487,0.1%,0.2%,,,,,
332,Real Estate Management & Development,38222,"Second Lien Term Loan (8.45% (LIBOR + 7.00%), due 8/17/2026)(3)(8)(11)",-,Principal Value,-,Fair  Value(2),-,6972,-,1.3%,38222,0.1%,0.2%,,,,,
333,Software,8420,"Second Lien Term Loan (8.45% (LIBOR + 7.00%), due 8/17/2026)(3)(8)(11)",66755,Principal Value,-,Fair  Value(2),-,6972,-,1.3%,75175,0.1%,0.2%,,,,,
334,"Technology Hardware, Storage & Peripherals",-,"Second Lien Term Loan (8.45% (LIBOR + 7.00%), due 8/17/2026)(3)(8)(11)",12411,Principal Value,-,Fair  Value(2),-,6972,-,1.3%,12411,0.1%,0.2%,,,,,
335,"Textiles, Apparel & Luxury Goods",171927,"Second Lien Term Loan (8.45% (LIBOR + 7.00%), due 8/17/2026)(3)(8)(11)",36736,Principal Value,-,Fair  Value(2),-,6972,-,1.3%,208663,0.1%,0.2%,,,,,
336,Transportation Infrastructure,-,"Second Lien Term Loan (8.45% (LIBOR + 7.00%), due 8/17/2026)(3)(8)(11)",27641,Principal Value,-,Fair  Value(2),-,6972,-,1.3%,27641,0.1%,0.2%,,,,,
337,Structured Finance (A),-,"Second Lien Term Loan (8.45% (LIBOR + 7.00%), due 8/17/2026)(3)(8)(11)",-,Principal Value,1090083,Fair  Value(2),-,6972,-,1.3%,1090083,0.1%,0.2%,,,,,
338,Distributors,169185,"Second Lien Term Loan (8.45% (LIBOR + 7.00%), due 8/17/2026)(3)(8)(11)",-,Principal Value,-,Fair  Value(2),-,6972,-,1.3%,169185,0.1%,5.8,%,,,,
339,Diversified Consumer Services,-,"Second Lien Term Loan (8.45% (LIBOR + 7.00%), due 8/17/2026)(3)(8)(11)",57239,Principal Value,-,Fair  Value(2),-,6972,-,1.3%,57239,0.1%,2.0,%,,,,
340,Diversified Financial Services,30216,"Second Lien Term Loan (8.45% (LIBOR + 7.00%), due 8/17/2026)(3)(8)(11)",-,Principal Value,-,Fair  Value(2),-,6972,-,1.3%,30216,0.1%,1.0,%,,,,
341,Diversified Telecommunication Services,17741,"Second Lien Term Loan (8.45% (LIBOR + 7.00%), due 8/17/2026)(3)(8)(11)",37612,Principal Value,-,Fair  Value(2),-,6972,-,1.3%,55353,0.1%,1.9,%,,,,
342,"Electronic Equipment, Instruments & Components",-,"Second Lien Term Loan (8.45% (LIBOR + 7.00%), due 8/17/2026)(3)(8)(11)",-,Principal Value,-,Fair  Value(2),-,6972,2337,1.3%,2337,0.1%,0.1,%,,,,
343,Entertainment,50320,"Second Lien Term Loan (8.45% (LIBOR + 7.00%), due 8/17/2026)(3)(8)(11)",-,Principal Value,-,Fair  Value(2),-,6972,-,1.3%,50320,0.1%,1.7,%,,,,
344,Food Products,-,"Second Lien Term Loan (8.45% (LIBOR + 7.00%), due 8/17/2026)(3)(8)(11)",25000,Principal Value,-,Fair  Value(2),-,6972,-,1.3%,25000,0.1%,0.9,%,,,,
345,Health Care Equipment & Supplies,-,"Second Lien Term Loan (8.45% (LIBOR + 7.00%), due 8/17/2026)(3)(8)(11)",5527,Principal Value,-,Fair  Value(2),-,6972,-,1.3%,5527,0.1%,0.2,%,,,,
346,Health Care Providers & Services,155186,"Second Lien Term Loan (8.45% (LIBOR + 7.00%), due 8/17/2026)(3)(8)(11)",111620,Principal Value,-,Fair  Value(2),-,6972,-,1.3%,266806,0.1%,9.1,%,,,,
347,"Hotels, Restaurants & Leisure",21836,"Second Lien Term Loan (8.45% (LIBOR + 7.00%), due 8/17/2026)(3)(8)(11)",-,Principal Value,-,Fair  Value(2),-,6972,-,1.3%,21836,0.1%,0.7,%,,,,
348,Household Durables,4799,"Second Lien Term Loan (8.45% (LIBOR + 7.00%), due 8/17/2026)(3)(8)(11)",8089,Principal Value,-,Fair  Value(2),-,6972,-,1.3%,12888,0.1%,0.4,%,,,,
349,Household Products,23848,"Second Lien Term Loan (8.45% (LIBOR + 7.00%), due 8/17/2026)(3)(8)(11)",-,Principal Value,-,Fair  Value(2),-,6972,-,1.3%,23848,0.1%,0.8,%,,,,
350,Insurance,-,"Second Lien Term Loan (8.45% (LIBOR + 7.00%), due 8/17/2026)(3)(8)(11)",2852,Principal Value,-,Fair  Value(2),-,6972,-,1.3%,2852,0.1%,0.1,%,,,,
351,Interactive Media & Services,207121,"Second Lien Term Loan (8.45% (LIBOR + 7.00%), due 8/17/2026)(3)(8)(11)",-,Principal Value,-,Fair  Value(2),-,6972,-,1.3%,207121,0.1%,7.1,%,,,,
352,Internet & Direct Marketing Retail,16214,"Second Lien Term Loan (8.45% (LIBOR + 7.00%), due 8/17/2026)(3)(8)(11)",-,Principal Value,-,Fair  Value(2),-,6972,-,1.3%,16214,0.1%,0.6,%,,,,
353,IT Services,117465,"Second Lien Term Loan (8.45% (LIBOR + 7.00%), due 8/17/2026)(3)(8)(11)",85750,Principal Value,-,Fair  Value(2),-,6972,-,1.3%,203215,0.1%,6.9,%,,,,
354,Leisure Products,28307,"Second Lien Term Loan (8.45% (LIBOR + 7.00%), due 8/17/2026)(3)(8)(11)",-,Principal Value,-,Fair  Value(2),-,6972,-,1.3%,28307,0.1%,1.0,%,,,,
355,Machinery,48484,"Second Lien Term Loan (8.45% (LIBOR + 7.00%), due 8/17/2026)(3)(8)(11)",-,Principal Value,-,Fair  Value(2),-,6972,-,1.3%,48484,0.1%,1.7,%,,,,
356,Media,64963,"Second Lien Term Loan (8.45% (LIBOR + 7.00%), due 8/17/2026)(3)(8)(11)",18380,Principal Value,-,Fair  Value(2),-,6972,-,1.3%,83343,0.1%,2.8,%,,,,
357,Paper & Forest Products,4363,"Second Lien Term Loan (8.45% (LIBOR + 7.00%), due 8/17/2026)(3)(8)(11)",11122,Principal Value,-,Fair  Value(2),-,6972,-,1.3%,15485,0.1%,0.5,%,,,,
358,Professional Services,29413,"Second Lien Term Loan (8.45% (LIBOR + 7.00%), due 8/17/2026)(3)(8)(11)",76704,Principal Value,-,Fair  Value(2),-,6972,-,1.3%,106117,0.1%,3.6,%,,,,
359,Real Estate Management & Development,38222,"Second Lien Term Loan (8.45% (LIBOR + 7.00%), due 8/17/2026)(3)(8)(11)",-,Principal Value,-,Fair  Value(2),-,6972,-,1.3%,38222,0.1%,1.3,%,,,,
360,Software,8246,"Second Lien Term Loan (8.45% (LIBOR + 7.00%), due 8/17/2026)(3)(8)(11)",63716,Principal Value,-,Fair  Value(2),-,6972,-,1.3%,71962,0.1%,2.5,%,,,,
361,"Technology Hardware, Storage & Peripherals",-,"Second Lien Term Loan (8.45% (LIBOR + 7.00%), due 8/17/2026)(3)(8)(11)",11851,Principal Value,-,Fair  Value(2),-,6972,-,1.3%,11851,0.1%,0.4,%,,,,
362,"Textiles, Apparel & Luxury Goods",170497,"Second Lien Term Loan (8.45% (LIBOR + 7.00%), due 8/17/2026)(3)(8)(11)",34493,Principal Value,-,Fair  Value(2),-,6972,-,1.3%,204990,0.1%,7.0,%,,,,
363,Transportation Infrastructure,-,"Second Lien Term Loan (8.45% (LIBOR + 7.00%), due 8/17/2026)(3)(8)(11)",27638,Principal Value,-,Fair  Value(2),-,6972,-,1.3%,27638,0.1%,0.9,%,,,,
364,Structured Finance (A),-,"Second Lien Term Loan (8.45% (LIBOR + 7.00%), due 8/17/2026)(3)(8)(11)",-,Principal Value,704403,Fair  Value(2),-,6972,-,1.3%,704403,0.1%,24.0,%,,,,
365,Fair Value % of Net Assets,45.1,%,28.2,%,24.0,%,-,%,0.1,%,97.4,%,24.0,%,,,,
366,Fair Value % of Net Assets,78.2,%,41.7,%,24.0,%,1.6,%,29.9,%,175.4,%,24.0,%,,,,
367,Health Care Providers & Services,248872,%,-,%,-,%,-,%,-,%,1,%,248873,%,,,,
368,Machinery,-,%,28622,%,-,%,-,%,-,%,6866,%,35488,%,,,,
369,Media,3114,%,-,%,-,%,-,%,-,%,12869,%,15983,%,,,,
370,Online Lending,172000,%,-,%,-,%,-,%,-,%,100949,%,272949,%,,,,
371,Personal Products,212969,%,-,%,-,%,-,%,-,%,25000,%,237969,%,,,,
372,Trading Companies & Distributors,63213,%,-,%,-,%,-,%,-,%,-,%,63213,%,,,,
373,Distributors,63213,-,-,%,127091,%,-,-,-,%,-,%,63213,-,,,-,127091.0
374,Diversified Consumer Services,-,-,8159,%,-,%,-,-,32018,%,6577,%,46754,-,,,,
375,"Textiles, Apparel & Luxury Goods",-,-,-,%,-,%,-,-,-,%,3771,%,3771,-,,,,
376,Air Freight & Logistics,-,-,-,%,12500,%,-,-,-,%,-,%,3771,-,,,-,12500.0
377,Auto Components,-,-,25450,%,-,%,-,-,-,%,-,%,25450,-,,,,
378,Building Products,-,-,19842,%,-,%,-,-,-,%,-,%,19842,-,,,,
379,Capital Markets,-,-,25084,%,-,%,-,-,-,%,-,%,25084,-,,,,
380,Commercial Services & Supplies,60513,-,175674,%,-,%,-,-,-,%,-,%,236187,-,,,,
381,Communications Equipment,-,-,50503,%,-,%,-,-,-,%,-,%,50503,-,,,,
382,Consumer Finance,22333,-,-,%,-,%,-,-,-,%,-,%,22333,-,,,,
383,Distributors,172815,-,-,%,-,%,-,-,-,%,-,%,172815,-,,,,
384,Diversified Consumer Services,-,-,100091,%,-,%,-,-,-,%,-,%,100091,-,,,,
385,Diversified Telecommunication Services,9923,-,26311,%,-,%,-,-,-,%,-,%,36234,-,,,,
386,Entertainment,16128,-,20093,%,-,%,-,-,-,%,-,%,36221,-,,,,
387,Food Products,-,-,34729,%,-,%,-,-,-,%,-,%,34729,-,,,,
388,Health Care Equipment & Supplies,33673,-,7469,%,-,%,-,-,-,%,-,%,41142,-,,,,
389,Health Care Providers & Services,125265,-,96284,%,-,%,-,-,-,%,-,%,221549,-,,,,
390,"Hotels, Restaurants & Leisure",27252,-,7485,%,-,%,-,-,-,%,-,%,34737,-,,,,
391,Household Durables,15888,-,13403,%,-,%,-,-,-,%,-,%,29291,-,,,,
392,Household Products,24688,-,-,%,-,%,-,-,-,%,-,%,24688,-,,,,
393,Insurance,-,-,12988,%,-,%,-,-,-,%,-,%,12988,-,,,,
394,Interactive Media & Services,37861,-,-,%,-,%,-,-,-,%,-,%,37861,-,,,,
395,IT Services,270714,-,35382,%,-,%,-,-,-,%,-,%,306096,-,,,,
396,Leisure Products,32868,-,-,%,-,%,-,-,-,%,1,%,32869,-,,,,
397,Media,87379,-,35000,%,-,%,-,-,-,%,-,%,122379,-,,,,
398,Paper & Forest Products,-,-,11361,%,-,%,-,-,-,%,-,%,11361,-,,,,
399,Professional Services,118403,-,69695,%,-,%,-,-,-,%,-,%,188098,-,,,,
400,Real Estate Management & Development,38852,-,-,%,-,%,-,-,-,%,-,%,38852,-,,,,
401,Software,-,-,64723,%,-,%,-,-,-,%,-,%,64723,-,,,,
402,"Technology Hardware, Storage & Peripherals",-,-,12400,%,-,%,-,-,-,%,-,%,12400,-,,,,
403,"Textiles, Apparel & Luxury Goods",190678,-,36657,%,-,%,-,-,-,%,-,%,227335,-,,,,
404,Tobacco,-,-,14419,%,-,%,-,-,-,%,-,%,14419,-,,,,
405,Transportation Infrastructure,-,-,27578,%,-,%,-,-,-,%,-,%,27578,-,,,,
406,Structured Finance (A),-,-,-,%,44774,%,1103751,-,-,%,-,%,1148525,-,,,,
407,Household Durables,10252,-,12208,%,-,%,-,-,-,%,-,%,22460,-,0.7,%,,
408,Household Products,24688,-,-,%,-,%,-,-,-,%,-,%,24688,-,0.7,%,,
409,Insurance,-,-,12988,%,-,%,-,-,-,%,-,%,12988,-,0.4,%,,
410,Interactive Media & Services,37861,-,-,%,-,%,-,-,-,%,-,%,37861,-,1.1,%,,
411,IT Services,269657,-,35703,%,-,%,-,-,-,%,-,%,305360,-,9.2,%,,
412,Leisure Products,32868,-,-,%,-,%,-,-,-,%,-,%,32868,-,1.0,%,,
413,Media,86704,-,30580,%,-,%,-,-,-,%,-,%,117284,-,3.5,%,,
414,Paper & Forest Products,-,-,11500,%,-,%,-,-,-,%,-,%,11500,-,0.3,%,,
415,Professional Services,118813,-,71365,%,-,%,-,-,-,%,-,%,190178,-,5.8,%,,
416,Real Estate Management & Development,38852,-,-,%,-,%,-,-,-,%,-,%,38852,-,1.2,%,,
417,Software,-,-,64729,%,-,%,-,-,-,%,-,%,64729,-,2.0,%,,
418,"Technology Hardware, Storage & Peripherals",-,-,12400,%,-,%,-,-,-,%,-,%,12400,-,0.4,%,,
419,"Textiles, Apparel & Luxury Goods",189725,-,36657,%,-,%,-,-,-,%,-,%,226382,-,6.8,%,,
420,Tobacco,-,-,14500,%,-,%,-,-,-,%,-,%,14500,-,0.4,%,,
421,Transportation Infrastructure,-,-,28104,%,-,%,-,-,-,%,-,%,28104,-,0.9,%,,
422,Structured Finance (A),-,-,-,%,46851,%,850694,-,-,%,-,%,897545,-,27.1,%,,
423,Fair Value % of Net Assets,38.4,%,28.1,%,1.4,%,25.7,%,-,%,0.1,%,93.8,%,,,,
424,Fair Value % of Net Assets,74.9,%,40.5,%,1.4,%,25.7,%,1.0,%,27.5,%,171.0,%,,,,
425,"Cinedigm DC Holdings, LLC",-%,2.50%,2.50%,%,1.4,%,25.7,%,1.0,%,27.5,%,171.0,%,,,,
426,"CP Energy - Spartan Energy Services, LLC Term Loan B",16.44%,-%,16.44%,%,1.4,%,25.7,%,1.0,%,27.5,%,171.0,%,,,,
427,Credit Central Loan Company,6.53%,3.47%,10.00%,(A),1.4,%,25.7,%,1.0,%,27.5,%,171.0,%,,,,
428,"Echelon Transportation, LLC",2.25%,-%,2.25%,(B),1.4,%,25.7,%,1.0,%,27.5,%,171.0,%,,,,
429,"Echelon Transportation, LLC",1.00%,-%,1.00%,(C),1.4,%,25.7,%,1.0,%,27.5,%,171.0,%,,,,
430,"Edmentum Ultimate Holdings, LLC - Revolver",5.00%,-%,5.00%,(C),1.4,%,25.7,%,1.0,%,27.5,%,171.0,%,,,,
431,"Edmentum Ultimate Holdings, LLC - Senior PIK Note",8.50%,-%,8.50%,(C),1.4,%,25.7,%,1.0,%,27.5,%,171.0,%,,,,
432,First Tower Finance Company LLC,7.48%,3.02%,10.50%,(C),1.4,%,25.7,%,1.0,%,27.5,%,171.0,%,,,,
433,"Interdent, Inc - Senior Secured Term Loan B",16.00%,-%,16.00%,(C),1.4,%,25.7,%,1.0,%,27.5,%,171.0,%,,,,
434,"MITY, Inc.",10.00%,-%,10.00%,(C),1.4,%,25.7,%,1.0,%,27.5,%,171.0,%,,,,
435,National Property REIT Corp. - Senior Secured Term Loan A,-%,5.00%,5.00%,(C),1.4,%,25.7,%,1.0,%,27.5,%,171.0,%,,,,
436,National Property REIT Corp. - Senior Secured Term Loan B,-%,5.50%,5.50%,(C),1.4,%,25.7,%,1.0,%,27.5,%,171.0,%,,,,
437,Nationwide Loan Company LLC,10.00%,-%,10.00%,(C),1.4,%,25.7,%,1.0,%,27.5,%,171.0,%,,,,
438,"Valley Electric Co. of Mt. Vernon, Inc.",-%,2.50%,2.50%,(C),1.4,%,25.7,%,1.0,%,27.5,%,171.0,%,,,,
439,"Valley Electric Company, Inc.",5.00%,5.00%,10.00%,(C),1.4,%,25.7,%,1.0,%,27.5,%,171.0,%,,,,
440,Venio LLC,10.10%,-%,10.10%,(C),1.4,%,25.7,%,1.0,%,27.5,%,171.0,%,,,,
441,"Interdent, Inc.",Senior Secured Term Loan B,"2/11/2014, 4/21/2014, 11/25/2014, 12/23/2014",76125,(C),1.4,%,25.7,%,1.0,%,27.5,%,171.0,%,,,,
442,"Interdent, Inc.",Senior Secured Term Loan C,8/1/2018,31558,(C),1.4,%,25.7,%,1.0,%,27.5,%,171.0,%,,,,
443,"Interdent, Inc.",Senior Secured Term Loan D,2/3/2020,3750,(C),1.4,%,25.7,%,1.0,%,27.5,%,171.0,%,,,,
444,"Janus International Group, LLC",Second Lien Term Loan,"8/3/2018, 8/9/2018, 8/20/2018, 9/6/2018",9915,(C),1.4,%,25.7,%,1.0,%,27.5,%,171.0,%,,,,
445,JD Power and Associates,Second Lien Term Loan,"8/10/2017, 8/31/2018, 3/11/2019, 4/10/2019",15239,(C),1.4,%,25.7,%,1.0,%,27.5,%,171.0,%,,,,
446,Jefferson Mill CLO Ltd.,Subordinated Structured Note,9/27/2018,2047,(C),1.4,%,25.7,%,1.0,%,27.5,%,171.0,%,,,,
447,"K&N Parent, Inc.",Second Lien Term Loan,"8/14/2018, 9/5/2018, 9/7/2018, 9/10/2018, 9/24/2018",12695,(C),1.4,%,25.7,%,1.0,%,27.5,%,171.0,%,,,,
448,Kickapoo Ranch Pet Resort,Membership Interest,"10/21/2019, 12/4/2019",28,(C),1.4,%,25.7,%,1.0,%,27.5,%,171.0,%,,,,
449,LCM XIV Ltd.,Subordinated Structured Note,"11/2/2015, 6/6/2018",9422,(C),1.4,%,25.7,%,1.0,%,27.5,%,171.0,%,,,,
450,"Madison Park Funding IX, Ltd.",Subordinated Structured Note,7/1/2016,7320,(C),1.4,%,25.7,%,1.0,%,27.5,%,171.0,%,,,,
451,"MITY, Inc.",Common Stock,6/23/2014,7200,(C),1.4,%,25.7,%,1.0,%,27.5,%,171.0,%,,,,
452,"MITY, Inc.",Senior Secured Note A,1/17/2017,8000,(C),1.4,%,25.7,%,1.0,%,27.5,%,171.0,%,,,,
453,"MITY, Inc.",Senior Secured Note B,"6/23/2014, 1/17/2017, 6/3/2019",26769,(C),1.4,%,25.7,%,1.0,%,27.5,%,171.0,%,,,,
454,"MRP Holdco, Inc.",Senior Secured Term Loan A,12/7/2018,12000,(C),1.4,%,25.7,%,1.0,%,27.5,%,171.0,%,,,,
455,"MRP Holdco, Inc.",Senior Secured Term Loan B,12/7/2018,12000,(C),1.4,%,25.7,%,1.0,%,27.5,%,171.0,%,,,,
456,Nationwide Loan Company LLC,Class A Units,"3/28/2014, 6/18/2014, 9/30/2014, 6/29/2015, 3/31/2016, 8/31/2016, 5/31/2017, 10/31/2017",20469,(C),1.4,%,25.7,%,1.0,%,27.5,%,171.0,%,,,,
457,Nationwide Loan Company LLC,Senior Subordinated Term Loan to Nationwide Acceptance LLC,"12/28/2015, 8/31/2016",1999,(C),1.4,%,25.7,%,1.0,%,27.5,%,171.0,%,,,,
458,National Property REIT Corp.,Senior Secured Term Loan C,"10/31/2019, 1/23/2020, 3/31/2020",78359,(C),1.4,%,25.7,%,1.0,%,27.5,%,171.0,%,,,,
459,"NMMB, Inc.",Senior Secured Term Loan,12/30/2019,15100,(C),1.4,%,25.7,%,1.0,%,27.5,%,171.0,%,,,,
460,"NMMB, Inc.",Series A and B Preferred Stock,"12/13/2013, 10/1/2014",8469,(C),1.4,%,25.7,%,1.0,%,27.5,%,171.0,%,,,,
461,"Octagon Investment Partners XV, Ltd.",Subordinated Structured Note,"4/30/2015, 8/6/2015, 6/30/2017",10516,(C),1.4,%,25.7,%,1.0,%,27.5,%,171.0,%,,,,
462,Octagon Investment Partners 18-R Ltd.,Subordinated Structured Note,4/20/2018,8908,(C),1.4,%,25.7,%,1.0,%,27.5,%,171.0,%,,,,
463,Pacific World Corporation,Revolving Line of Credit,"10/21/2014, 12/19/2014, 4/7/2015, 4/22/2015, 8/12/2016, 10/18/2016, 2/7/2017, 2/21/2017, 4/26/2017, 10/11/2017, 10/17/2017, 1/16/2018, 12/27/2018, 3/15/2019, 7/2/2019, 8/15/2019",36825,(C),1.4,%,25.7,%,1.0,%,27.5,%,171.0,%,,,,
464,Pacific World Corporation,Convertible Preferred Equity,"4/3/2019, 4/29/2019, 6/3/2019, 10/4/2019, 11/12/2019, 12/20/2019, 1/7/2020, 3/5/2020",20100,(C),1.4,%,25.7,%,1.0,%,27.5,%,171.0,%,,,,
465,"PeopleConnect Holdings, LLC",Revolving Line of Credit,1/31/2020,1115,(C),1.4,%,25.7,%,1.0,%,27.5,%,171.0,%,,,,
466,"PeopleConnect Intermediate, LLC",Revolving Line of Credit,12/18/2017,500,(C),1.4,%,25.7,%,1.0,%,27.5,%,171.0,%,,,,
467,"PeopleConnect Intermediate, LLC",Senior Secured Term Loan A,8/11/2015,6500,(C),1.4,%,25.7,%,1.0,%,27.5,%,171.0,%,,,,
468,"PeopleConnect Intermediate, LLC",Senior Secured Term Loan B,8/11/2015,6500,(C),1.4,%,25.7,%,1.0,%,27.5,%,171.0,%,,,,
469,"PG Dental Holdings New Jersey, LLC",Delayed Draw Term Loan,8/26/2019,2000,(C),1.4,%,25.7,%,1.0,%,27.5,%,171.0,%,,,,
470,"PG Dental Holdings New Jersey, LLC",Senior Secured Term Loan,5/31/2019,20,(C),1.4,%,25.7,%,1.0,%,27.5,%,171.0,%,,,,
471,"PGX Holdings, Inc.",Second Lien Term Loan,"12/23/2016, 12/28/2016",15034,(C),1.4,%,25.7,%,1.0,%,27.5,%,171.0,%,,,,
472,"RGIS Services, LLC",Senior Secured Term Loan,"7/19/2017, 8/2/2017, 8/9/2017, 8/16/2017, 9/11/2017, 4/10/2019, 5/1/2019",19293,(C),1.4,%,25.7,%,1.0,%,27.5,%,171.0,%,,,,
473,Romark WM-R Ltd.,Subordinated Structured Note,"10/21/2014, 4/12/2018",5313,(C),1.4,%,25.7,%,1.0,%,27.5,%,171.0,%,,,,
474,Rosa Mexicano,Revolving Line of Credit,3/27/2020,500,(C),1.4,%,25.7,%,1.0,%,27.5,%,171.0,%,,,,
475,"R-V Industries, Inc.",Common Stock,12/27/2016,1854,(C),1.4,%,25.7,%,1.0,%,27.5,%,171.0,%,,,,
476,"Securus Technologies Holdings, Inc.",Second Lien Term Loan,"11/13/2017, 11/24/2017, 8/6/2018, 8/24/2018, 3/18/2019",22750,(C),1.4,%,25.7,%,1.0,%,27.5,%,171.0,%,,,,
477,"SEOTownCenter, Inc.",Senior Secured Term Loan A,11/2/2018,3000,(C),1.4,%,25.7,%,1.0,%,27.5,%,171.0,%,,,,
478,"SEOTownCenter, Inc.",Senior Secured Term Loan B,11/2/2018,2000,(C),1.4,%,25.7,%,1.0,%,27.5,%,171.0,%,,,,
479,SESAC Holdco II LLC,Second Lien Term Loan,4/5/2019,4975,(C),1.4,%,25.7,%,1.0,%,27.5,%,171.0,%,,,,
480,"Sorenson Communications, LLC",First Lien Term Loan,5/14/2019,8000,(C),1.4,%,25.7,%,1.0,%,27.5,%,171.0,%,,,,
481,"Symphony CLO XV, Ltd.",Subordinated Structured Note,12/24/2018,2655,(C),1.4,%,25.7,%,1.0,%,27.5,%,171.0,%,,,,
482,"TouchTunes Interactive Networks, Inc.",Second Lien Term Loan,"11/3/2016, 11/14/2016",9000,(C),1.4,%,25.7,%,1.0,%,27.5,%,171.0,%,,,,
483,"Town & Country Holdings, Inc.",First Lien Term Loan,"7/13/2018, 7/16/2018",105000,(C),1.4,%,25.7,%,1.0,%,27.5,%,171.0,%,,,,
484,"Transplace Holdings, Inc.",Second Lien Term Loan,1/4/2018,3518,(C),1.4,%,25.7,%,1.0,%,27.5,%,171.0,%,,,,
485,"United Sporting Companies, Inc.",Second Lien Term Loan,3/7/2013,58650,(C),1.4,%,25.7,%,1.0,%,27.5,%,171.0,%,,,,
486,"Universal Turbine Parts, LLC",Delayed Draw Term Loan,"10/24/2019, 2/7/2020, 2/26/2020",2900,(C),1.4,%,25.7,%,1.0,%,27.5,%,171.0,%,,,,
487,USES Corp.,Senior Secured Term Loan A,"6/15/2016, 6/29/2016, 2/22/2017, 4/27/2017, 5/4/2017, 8/30/2017, 10/11/2017, 12/11/2018, 8/30/2019",14100,(C),1.4,%,25.7,%,1.0,%,27.5,%,171.0,%,,,,
488,"USG Intermediate, LLC",Revolving Line of Credit,"7/2/2015, 9/23/2015, 9/14/2017, 8/21/2019",5200,(C),1.4,%,25.7,%,1.0,%,27.5,%,171.0,%,,,,
489,"USG Intermediate, LLC",Senior Secured Term Loan A,8/24/2017,2025,(C),1.4,%,25.7,%,1.0,%,27.5,%,171.0,%,,,,
490,"USG Intermediate, LLC",Senior Secured Term Loan B,8/24/2017,2975,(C),1.4,%,25.7,%,1.0,%,27.5,%,171.0,%,,,,
491,"Valley Electric Company, Inc.",Common Stock,"12/31/2012, 6/24/2014",18502,(C),1.4,%,25.7,%,1.0,%,27.5,%,171.0,%,,,,
492,"Valley Electric Company, Inc.",Senior Secured Note,"6/30/2014, 8/31/2018",5129,(C),1.4,%,25.7,%,1.0,%,27.5,%,171.0,%,,,,
493,"VC GB Holdings, Inc.",Subordinated Secured Term Loan,3/13/2019,1485,(C),1.4,%,25.7,%,1.0,%,27.5,%,171.0,%,,,,
494,"Voya CLO 2014-1, Ltd.",Subordinated Structured Note,4/19/2018,3943,(C),1.4,%,25.7,%,1.0,%,27.5,%,171.0,%,,,,
495,"Voya CLO 2016-3, Ltd.",Subordinated Structured Note,7/1/2019,75,(C),1.4,%,25.7,%,1.0,%,27.5,%,171.0,%,,,,
496,"Wolf Energy, LLC","Membership Interest in Wolf Energy Services Company, LLC",5/17/2017,16,(C),1.4,%,25.7,%,1.0,%,27.5,%,171.0,%,,,,
